19:43:58 INFO  : Registering command handlers for SDK TCF services
19:43:58 INFO  : Launching XSCT server: xsct.bat -interactive C:\Users\Nathan\Desktop\cs152b\cs152b\final_project\final_project.sdk\temp_xsdb_launch_script.tcl
19:44:00 INFO  : XSCT server has started successfully.
19:44:04 INFO  : Successfully done setting XSCT server connection channel  
19:44:04 INFO  : Successfully done setting SDK workspace  
19:44:04 INFO  : Processing command line option -hwspec C:/Users/Nathan/Desktop/cs152b/cs152b/final_project/final_project.sdk/main_wrapper.hdf.
22:22:11 INFO  : 'targets -set -filter {jtag_cable_name =~ "Digilent Basys3 210183B82211A" && level==0} -index 0' command is executed.
22:22:11 INFO  : 'fpga -state' command is executed.
22:22:11 INFO  : Connected to target on host '127.0.0.1' and port '3121'.
22:22:11 INFO  : Jtag cable 'Digilent Basys3 210183B82211A' is selected.
22:22:11 INFO  : 'jtag frequency' command is executed.
22:22:11 INFO  : 'configparams mdm-detect-bscan-mask 2' command is executed.
22:22:11 INFO  : Context for processor 'microblaze_0' is selected.
22:22:11 INFO  : Processor reset is completed for 'microblaze_0'.
22:22:11 INFO  : Context for processor 'microblaze_0' is selected.
22:22:11 INFO  : The application 'C:/Users/Nathan/Desktop/cs152b/cs152b/final_project/final_project.sdk/final_project/Debug/final_project.elf' is downloaded to processor 'microblaze_0'.
22:22:11 INFO  : ----------------XSDB Script----------------
connect -url tcp:127.0.0.1:3121
configparams mdm-detect-bscan-mask 2
targets -set -nocase -filter {name =~ "microblaze*#0" && bscan=="USER2"  && jtag_cable_name =~ "Digilent Basys3 210183B82211A"} -index 0
rst -processor
targets -set -nocase -filter {name =~ "microblaze*#0" && bscan=="USER2"  && jtag_cable_name =~ "Digilent Basys3 210183B82211A"} -index 0
dow C:/Users/Nathan/Desktop/cs152b/cs152b/final_project/final_project.sdk/final_project/Debug/final_project.elf
----------------End of Script----------------

22:22:11 INFO  : Memory regions updated for context MicroBlaze #0
22:22:11 INFO  : Memory regions updated for context MicroBlaze #0
22:22:11 INFO  : Context for processor 'microblaze_0' is selected.
22:22:11 INFO  : 'con' command is executed.
22:22:11 INFO  : ----------------XSDB Script (After Launch)----------------
targets -set -nocase -filter {name =~ "microblaze*#0" && bscan=="USER2"  && jtag_cable_name =~ "Digilent Basys3 210183B82211A"} -index 0
con
----------------End of Script----------------

22:22:11 INFO  : Launch script is exported to file 'C:\Users\Nathan\Desktop\cs152b\cs152b\final_project\final_project.sdk\.sdk\launch_scripts\xilinx_c-c++_application_(system_debugger)\system_debugger_using_debug_final_project.elf_on_local.tcl'
22:52:05 INFO  : Disconnected from the channel tcfchan#1.
22:52:47 INFO  : Registering command handlers for SDK TCF services
22:52:47 INFO  : Launching XSCT server: xsct.bat -interactive C:\Users\Nathan\Desktop\cs152b\cs152b\final_project\final_project.sdk\temp_xsdb_launch_script.tcl
22:52:48 INFO  : XSCT server has started successfully.
22:52:48 INFO  : Successfully done setting XSCT server connection channel  
22:52:49 INFO  : Successfully done setting SDK workspace  
22:52:49 INFO  : Processing command line option -hwspec C:/Users/Nathan/Desktop/cs152b/cs152b/final_project/final_project.sdk/main_wrapper.hdf.
22:52:49 INFO  : Checking for hwspec changes in the project main_wrapper_hw_platform_0.
23:06:36 INFO  : 'targets -set -filter {jtag_cable_name =~ "Digilent Basys3 210183B82211A" && level==0} -index 0' command is executed.
23:06:36 INFO  : 'fpga -state' command is executed.
23:06:36 INFO  : Connected to target on host '127.0.0.1' and port '3121'.
23:06:36 INFO  : Jtag cable 'Digilent Basys3 210183B82211A' is selected.
23:06:36 INFO  : 'jtag frequency' command is executed.
23:06:36 INFO  : 'configparams mdm-detect-bscan-mask 2' command is executed.
23:06:36 INFO  : Context for processor 'microblaze_0' is selected.
23:06:36 INFO  : Processor reset is completed for 'microblaze_0'.
23:06:36 INFO  : Context for processor 'microblaze_0' is selected.
23:06:36 INFO  : The application 'C:/Users/Nathan/Desktop/cs152b/cs152b/final_project/final_project.sdk/final_project/Debug/final_project.elf' is downloaded to processor 'microblaze_0'.
23:06:36 INFO  : ----------------XSDB Script----------------
connect -url tcp:127.0.0.1:3121
configparams mdm-detect-bscan-mask 2
targets -set -nocase -filter {name =~ "microblaze*#0" && bscan=="USER2"  && jtag_cable_name =~ "Digilent Basys3 210183B82211A"} -index 0
rst -processor
targets -set -nocase -filter {name =~ "microblaze*#0" && bscan=="USER2"  && jtag_cable_name =~ "Digilent Basys3 210183B82211A"} -index 0
dow C:/Users/Nathan/Desktop/cs152b/cs152b/final_project/final_project.sdk/final_project/Debug/final_project.elf
----------------End of Script----------------

23:06:36 INFO  : Memory regions updated for context MicroBlaze #0
23:06:36 INFO  : Memory regions updated for context MicroBlaze #0
23:06:36 INFO  : Context for processor 'microblaze_0' is selected.
23:06:36 INFO  : 'con' command is executed.
23:06:36 INFO  : ----------------XSDB Script (After Launch)----------------
targets -set -nocase -filter {name =~ "microblaze*#0" && bscan=="USER2"  && jtag_cable_name =~ "Digilent Basys3 210183B82211A"} -index 0
con
----------------End of Script----------------

23:06:36 INFO  : Launch script is exported to file 'C:\Users\Nathan\Desktop\cs152b\cs152b\final_project\final_project.sdk\.sdk\launch_scripts\xilinx_c-c++_application_(system_debugger)\system_debugger_using_debug_final_project.elf_on_local.tcl'
23:08:36 INFO  : Disconnected from the channel tcfchan#1.
23:08:38 INFO  : 'targets -set -filter {jtag_cable_name =~ "Digilent Basys3 210183B82211A" && level==0} -index 0' command is executed.
23:08:38 INFO  : 'fpga -state' command is executed.
23:08:38 INFO  : Connected to target on host '127.0.0.1' and port '3121'.
23:08:38 INFO  : Jtag cable 'Digilent Basys3 210183B82211A' is selected.
23:08:38 INFO  : 'jtag frequency' command is executed.
23:08:38 INFO  : 'configparams mdm-detect-bscan-mask 2' command is executed.
23:08:38 INFO  : Context for processor 'microblaze_0' is selected.
23:08:38 INFO  : Processor reset is completed for 'microblaze_0'.
23:08:38 INFO  : Context for processor 'microblaze_0' is selected.
23:08:38 INFO  : The application 'C:/Users/Nathan/Desktop/cs152b/cs152b/final_project/final_project.sdk/final_project/Debug/final_project.elf' is downloaded to processor 'microblaze_0'.
23:08:38 INFO  : ----------------XSDB Script----------------
connect -url tcp:127.0.0.1:3121
configparams mdm-detect-bscan-mask 2
targets -set -nocase -filter {name =~ "microblaze*#0" && bscan=="USER2"  && jtag_cable_name =~ "Digilent Basys3 210183B82211A"} -index 0
rst -processor
targets -set -nocase -filter {name =~ "microblaze*#0" && bscan=="USER2"  && jtag_cable_name =~ "Digilent Basys3 210183B82211A"} -index 0
dow C:/Users/Nathan/Desktop/cs152b/cs152b/final_project/final_project.sdk/final_project/Debug/final_project.elf
----------------End of Script----------------

23:08:38 INFO  : Memory regions updated for context MicroBlaze #0
23:08:38 INFO  : Memory regions updated for context MicroBlaze #0
23:08:38 INFO  : Context for processor 'microblaze_0' is selected.
23:08:38 INFO  : 'con' command is executed.
23:08:38 INFO  : ----------------XSDB Script (After Launch)----------------
targets -set -nocase -filter {name =~ "microblaze*#0" && bscan=="USER2"  && jtag_cable_name =~ "Digilent Basys3 210183B82211A"} -index 0
con
----------------End of Script----------------

23:08:38 INFO  : Launch script is exported to file 'C:\Users\Nathan\Desktop\cs152b\cs152b\final_project\final_project.sdk\.sdk\launch_scripts\xilinx_c-c++_application_(system_debugger)\system_debugger_using_debug_final_project.elf_on_local.tcl'
23:10:28 INFO  : Disconnected from the channel tcfchan#2.
23:10:29 INFO  : 'targets -set -filter {jtag_cable_name =~ "Digilent Basys3 210183B82211A" && level==0} -index 0' command is executed.
23:10:29 INFO  : 'fpga -state' command is executed.
23:10:29 INFO  : Connected to target on host '127.0.0.1' and port '3121'.
23:10:29 INFO  : Jtag cable 'Digilent Basys3 210183B82211A' is selected.
23:10:29 INFO  : 'jtag frequency' command is executed.
23:10:29 INFO  : 'configparams mdm-detect-bscan-mask 2' command is executed.
23:10:29 INFO  : Context for processor 'microblaze_0' is selected.
23:10:29 INFO  : Processor reset is completed for 'microblaze_0'.
23:10:29 INFO  : Context for processor 'microblaze_0' is selected.
23:10:29 INFO  : The application 'C:/Users/Nathan/Desktop/cs152b/cs152b/final_project/final_project.sdk/final_project/Debug/final_project.elf' is downloaded to processor 'microblaze_0'.
23:10:29 INFO  : ----------------XSDB Script----------------
connect -url tcp:127.0.0.1:3121
configparams mdm-detect-bscan-mask 2
targets -set -nocase -filter {name =~ "microblaze*#0" && bscan=="USER2"  && jtag_cable_name =~ "Digilent Basys3 210183B82211A"} -index 0
rst -processor
targets -set -nocase -filter {name =~ "microblaze*#0" && bscan=="USER2"  && jtag_cable_name =~ "Digilent Basys3 210183B82211A"} -index 0
dow C:/Users/Nathan/Desktop/cs152b/cs152b/final_project/final_project.sdk/final_project/Debug/final_project.elf
----------------End of Script----------------

23:10:30 INFO  : Memory regions updated for context MicroBlaze #0
23:10:30 INFO  : Memory regions updated for context MicroBlaze #0
23:10:30 INFO  : Context for processor 'microblaze_0' is selected.
23:10:30 INFO  : 'con' command is executed.
23:10:30 INFO  : ----------------XSDB Script (After Launch)----------------
targets -set -nocase -filter {name =~ "microblaze*#0" && bscan=="USER2"  && jtag_cable_name =~ "Digilent Basys3 210183B82211A"} -index 0
con
----------------End of Script----------------

23:10:30 INFO  : Launch script is exported to file 'C:\Users\Nathan\Desktop\cs152b\cs152b\final_project\final_project.sdk\.sdk\launch_scripts\xilinx_c-c++_application_(system_debugger)\system_debugger_using_debug_final_project.elf_on_local.tcl'
23:10:59 INFO  : Disconnected from the channel tcfchan#3.
23:11:00 INFO  : 'targets -set -filter {jtag_cable_name =~ "Digilent Basys3 210183B82211A" && level==0} -index 0' command is executed.
23:11:00 INFO  : 'fpga -state' command is executed.
23:11:00 INFO  : Connected to target on host '127.0.0.1' and port '3121'.
23:11:00 INFO  : Jtag cable 'Digilent Basys3 210183B82211A' is selected.
23:11:00 INFO  : 'jtag frequency' command is executed.
23:11:00 INFO  : 'configparams mdm-detect-bscan-mask 2' command is executed.
23:11:00 INFO  : Context for processor 'microblaze_0' is selected.
23:11:00 INFO  : Processor reset is completed for 'microblaze_0'.
23:11:00 INFO  : Context for processor 'microblaze_0' is selected.
23:11:00 INFO  : The application 'C:/Users/Nathan/Desktop/cs152b/cs152b/final_project/final_project.sdk/final_project/Debug/final_project.elf' is downloaded to processor 'microblaze_0'.
23:11:00 INFO  : ----------------XSDB Script----------------
connect -url tcp:127.0.0.1:3121
configparams mdm-detect-bscan-mask 2
targets -set -nocase -filter {name =~ "microblaze*#0" && bscan=="USER2"  && jtag_cable_name =~ "Digilent Basys3 210183B82211A"} -index 0
rst -processor
targets -set -nocase -filter {name =~ "microblaze*#0" && bscan=="USER2"  && jtag_cable_name =~ "Digilent Basys3 210183B82211A"} -index 0
dow C:/Users/Nathan/Desktop/cs152b/cs152b/final_project/final_project.sdk/final_project/Debug/final_project.elf
----------------End of Script----------------

23:11:01 INFO  : Memory regions updated for context MicroBlaze #0
23:11:01 INFO  : Memory regions updated for context MicroBlaze #0
23:11:01 INFO  : Context for processor 'microblaze_0' is selected.
23:11:01 INFO  : 'con' command is executed.
23:11:01 INFO  : ----------------XSDB Script (After Launch)----------------
targets -set -nocase -filter {name =~ "microblaze*#0" && bscan=="USER2"  && jtag_cable_name =~ "Digilent Basys3 210183B82211A"} -index 0
con
----------------End of Script----------------

23:11:01 INFO  : Launch script is exported to file 'C:\Users\Nathan\Desktop\cs152b\cs152b\final_project\final_project.sdk\.sdk\launch_scripts\xilinx_c-c++_application_(system_debugger)\system_debugger_using_debug_final_project.elf_on_local.tcl'
23:16:30 INFO  : Disconnected from the channel tcfchan#4.
23:16:31 INFO  : 'targets -set -filter {jtag_cable_name =~ "Digilent Basys3 210183B82211A" && level==0} -index 0' command is executed.
23:16:31 INFO  : 'fpga -state' command is executed.
23:16:31 INFO  : Connected to target on host '127.0.0.1' and port '3121'.
23:16:31 INFO  : Jtag cable 'Digilent Basys3 210183B82211A' is selected.
23:16:31 INFO  : 'jtag frequency' command is executed.
23:16:31 INFO  : 'configparams mdm-detect-bscan-mask 2' command is executed.
23:16:31 INFO  : Context for processor 'microblaze_0' is selected.
23:16:31 INFO  : Processor reset is completed for 'microblaze_0'.
23:16:31 INFO  : Context for processor 'microblaze_0' is selected.
23:16:31 INFO  : The application 'C:/Users/Nathan/Desktop/cs152b/cs152b/final_project/final_project.sdk/final_project/Debug/final_project.elf' is downloaded to processor 'microblaze_0'.
23:16:31 INFO  : ----------------XSDB Script----------------
connect -url tcp:127.0.0.1:3121
configparams mdm-detect-bscan-mask 2
targets -set -nocase -filter {name =~ "microblaze*#0" && bscan=="USER2"  && jtag_cable_name =~ "Digilent Basys3 210183B82211A"} -index 0
rst -processor
targets -set -nocase -filter {name =~ "microblaze*#0" && bscan=="USER2"  && jtag_cable_name =~ "Digilent Basys3 210183B82211A"} -index 0
dow C:/Users/Nathan/Desktop/cs152b/cs152b/final_project/final_project.sdk/final_project/Debug/final_project.elf
----------------End of Script----------------

23:16:31 INFO  : Memory regions updated for context MicroBlaze #0
23:16:31 INFO  : Memory regions updated for context MicroBlaze #0
23:16:31 INFO  : Context for processor 'microblaze_0' is selected.
23:16:31 INFO  : 'con' command is executed.
23:16:31 INFO  : ----------------XSDB Script (After Launch)----------------
targets -set -nocase -filter {name =~ "microblaze*#0" && bscan=="USER2"  && jtag_cable_name =~ "Digilent Basys3 210183B82211A"} -index 0
con
----------------End of Script----------------

23:16:31 INFO  : Launch script is exported to file 'C:\Users\Nathan\Desktop\cs152b\cs152b\final_project\final_project.sdk\.sdk\launch_scripts\xilinx_c-c++_application_(system_debugger)\system_debugger_using_debug_final_project.elf_on_local.tcl'
23:29:17 INFO  : Disconnected from the channel tcfchan#5.
23:29:18 INFO  : 'targets -set -filter {jtag_cable_name =~ "Digilent Basys3 210183B82211A" && level==0} -index 0' command is executed.
23:29:18 INFO  : 'fpga -state' command is executed.
23:29:18 INFO  : Connected to target on host '127.0.0.1' and port '3121'.
23:29:18 INFO  : Jtag cable 'Digilent Basys3 210183B82211A' is selected.
23:29:18 INFO  : 'jtag frequency' command is executed.
23:29:18 INFO  : 'configparams mdm-detect-bscan-mask 2' command is executed.
23:29:18 INFO  : Context for processor 'microblaze_0' is selected.
23:29:18 INFO  : Processor reset is completed for 'microblaze_0'.
23:29:18 INFO  : Context for processor 'microblaze_0' is selected.
23:29:18 INFO  : The application 'C:/Users/Nathan/Desktop/cs152b/cs152b/final_project/final_project.sdk/final_project/Debug/final_project.elf' is downloaded to processor 'microblaze_0'.
23:29:18 INFO  : ----------------XSDB Script----------------
connect -url tcp:127.0.0.1:3121
configparams mdm-detect-bscan-mask 2
targets -set -nocase -filter {name =~ "microblaze*#0" && bscan=="USER2"  && jtag_cable_name =~ "Digilent Basys3 210183B82211A"} -index 0
rst -processor
targets -set -nocase -filter {name =~ "microblaze*#0" && bscan=="USER2"  && jtag_cable_name =~ "Digilent Basys3 210183B82211A"} -index 0
dow C:/Users/Nathan/Desktop/cs152b/cs152b/final_project/final_project.sdk/final_project/Debug/final_project.elf
----------------End of Script----------------

23:29:18 INFO  : Memory regions updated for context MicroBlaze #0
23:29:18 INFO  : Memory regions updated for context MicroBlaze #0
23:29:18 INFO  : Context for processor 'microblaze_0' is selected.
23:29:18 INFO  : 'con' command is executed.
23:29:18 INFO  : ----------------XSDB Script (After Launch)----------------
targets -set -nocase -filter {name =~ "microblaze*#0" && bscan=="USER2"  && jtag_cable_name =~ "Digilent Basys3 210183B82211A"} -index 0
con
----------------End of Script----------------

23:29:18 INFO  : Launch script is exported to file 'C:\Users\Nathan\Desktop\cs152b\cs152b\final_project\final_project.sdk\.sdk\launch_scripts\xilinx_c-c++_application_(system_debugger)\system_debugger_using_debug_final_project.elf_on_local.tcl'
00:34:25 INFO  : Disconnected from the channel tcfchan#6.
00:34:26 INFO  : 'targets -set -filter {jtag_cable_name =~ "Digilent Basys3 210183B82211A" && level==0} -index 0' command is executed.
00:34:26 INFO  : 'fpga -state' command is executed.
00:34:26 INFO  : Connected to target on host '127.0.0.1' and port '3121'.
00:34:26 INFO  : Jtag cable 'Digilent Basys3 210183B82211A' is selected.
00:34:26 INFO  : 'jtag frequency' command is executed.
00:34:26 INFO  : 'configparams mdm-detect-bscan-mask 2' command is executed.
00:34:26 INFO  : Context for processor 'microblaze_0' is selected.
00:34:26 INFO  : Processor reset is completed for 'microblaze_0'.
00:34:26 INFO  : Context for processor 'microblaze_0' is selected.
00:34:26 INFO  : The application 'C:/Users/Nathan/Desktop/cs152b/cs152b/final_project/final_project.sdk/final_project/Debug/final_project.elf' is downloaded to processor 'microblaze_0'.
00:34:26 INFO  : ----------------XSDB Script----------------
connect -url tcp:127.0.0.1:3121
configparams mdm-detect-bscan-mask 2
targets -set -nocase -filter {name =~ "microblaze*#0" && bscan=="USER2"  && jtag_cable_name =~ "Digilent Basys3 210183B82211A"} -index 0
rst -processor
targets -set -nocase -filter {name =~ "microblaze*#0" && bscan=="USER2"  && jtag_cable_name =~ "Digilent Basys3 210183B82211A"} -index 0
dow C:/Users/Nathan/Desktop/cs152b/cs152b/final_project/final_project.sdk/final_project/Debug/final_project.elf
----------------End of Script----------------

00:34:26 INFO  : Memory regions updated for context MicroBlaze #0
00:34:26 INFO  : Memory regions updated for context MicroBlaze #0
00:34:26 INFO  : Context for processor 'microblaze_0' is selected.
00:34:26 INFO  : 'con' command is executed.
00:34:26 INFO  : ----------------XSDB Script (After Launch)----------------
targets -set -nocase -filter {name =~ "microblaze*#0" && bscan=="USER2"  && jtag_cable_name =~ "Digilent Basys3 210183B82211A"} -index 0
con
----------------End of Script----------------

00:34:26 INFO  : Launch script is exported to file 'C:\Users\Nathan\Desktop\cs152b\cs152b\final_project\final_project.sdk\.sdk\launch_scripts\xilinx_c-c++_application_(system_debugger)\system_debugger_using_debug_final_project.elf_on_local.tcl'
00:37:00 INFO  : Disconnected from the channel tcfchan#7.
00:37:01 INFO  : 'targets -set -filter {jtag_cable_name =~ "Digilent Basys3 210183B82211A" && level==0} -index 0' command is executed.
00:37:01 INFO  : 'fpga -state' command is executed.
00:37:01 INFO  : Connected to target on host '127.0.0.1' and port '3121'.
00:37:01 INFO  : Jtag cable 'Digilent Basys3 210183B82211A' is selected.
00:37:01 INFO  : 'jtag frequency' command is executed.
00:37:01 INFO  : 'configparams mdm-detect-bscan-mask 2' command is executed.
00:37:01 INFO  : Context for processor 'microblaze_0' is selected.
00:37:01 INFO  : Processor reset is completed for 'microblaze_0'.
00:37:01 INFO  : Context for processor 'microblaze_0' is selected.
00:37:02 INFO  : The application 'C:/Users/Nathan/Desktop/cs152b/cs152b/final_project/final_project.sdk/final_project/Debug/final_project.elf' is downloaded to processor 'microblaze_0'.
00:37:02 INFO  : ----------------XSDB Script----------------
connect -url tcp:127.0.0.1:3121
configparams mdm-detect-bscan-mask 2
targets -set -nocase -filter {name =~ "microblaze*#0" && bscan=="USER2"  && jtag_cable_name =~ "Digilent Basys3 210183B82211A"} -index 0
rst -processor
targets -set -nocase -filter {name =~ "microblaze*#0" && bscan=="USER2"  && jtag_cable_name =~ "Digilent Basys3 210183B82211A"} -index 0
dow C:/Users/Nathan/Desktop/cs152b/cs152b/final_project/final_project.sdk/final_project/Debug/final_project.elf
----------------End of Script----------------

00:37:02 INFO  : Memory regions updated for context MicroBlaze #0
00:37:02 INFO  : Memory regions updated for context MicroBlaze #0
00:37:02 INFO  : Context for processor 'microblaze_0' is selected.
00:37:02 INFO  : 'con' command is executed.
00:37:02 INFO  : ----------------XSDB Script (After Launch)----------------
targets -set -nocase -filter {name =~ "microblaze*#0" && bscan=="USER2"  && jtag_cable_name =~ "Digilent Basys3 210183B82211A"} -index 0
con
----------------End of Script----------------

00:37:02 INFO  : Launch script is exported to file 'C:\Users\Nathan\Desktop\cs152b\cs152b\final_project\final_project.sdk\.sdk\launch_scripts\xilinx_c-c++_application_(system_debugger)\system_debugger_using_debug_final_project.elf_on_local.tcl'
00:47:37 INFO  : Disconnected from the channel tcfchan#8.
00:47:38 INFO  : 'targets -set -filter {jtag_cable_name =~ "Digilent Basys3 210183B82211A" && level==0} -index 0' command is executed.
00:47:38 INFO  : 'fpga -state' command is executed.
00:47:38 INFO  : Connected to target on host '127.0.0.1' and port '3121'.
00:47:38 INFO  : Jtag cable 'Digilent Basys3 210183B82211A' is selected.
00:47:38 INFO  : 'jtag frequency' command is executed.
00:47:38 INFO  : 'configparams mdm-detect-bscan-mask 2' command is executed.
00:47:38 INFO  : Context for processor 'microblaze_0' is selected.
00:47:38 INFO  : Processor reset is completed for 'microblaze_0'.
00:47:38 INFO  : Context for processor 'microblaze_0' is selected.
00:47:38 INFO  : The application 'C:/Users/Nathan/Desktop/cs152b/cs152b/final_project/final_project.sdk/final_project/Debug/final_project.elf' is downloaded to processor 'microblaze_0'.
00:47:38 INFO  : ----------------XSDB Script----------------
connect -url tcp:127.0.0.1:3121
configparams mdm-detect-bscan-mask 2
targets -set -nocase -filter {name =~ "microblaze*#0" && bscan=="USER2"  && jtag_cable_name =~ "Digilent Basys3 210183B82211A"} -index 0
rst -processor
targets -set -nocase -filter {name =~ "microblaze*#0" && bscan=="USER2"  && jtag_cable_name =~ "Digilent Basys3 210183B82211A"} -index 0
dow C:/Users/Nathan/Desktop/cs152b/cs152b/final_project/final_project.sdk/final_project/Debug/final_project.elf
----------------End of Script----------------

00:47:38 INFO  : Memory regions updated for context MicroBlaze #0
00:47:38 INFO  : Memory regions updated for context MicroBlaze #0
00:47:38 INFO  : Context for processor 'microblaze_0' is selected.
00:47:38 INFO  : 'con' command is executed.
00:47:38 INFO  : ----------------XSDB Script (After Launch)----------------
targets -set -nocase -filter {name =~ "microblaze*#0" && bscan=="USER2"  && jtag_cable_name =~ "Digilent Basys3 210183B82211A"} -index 0
con
----------------End of Script----------------

00:47:38 INFO  : Launch script is exported to file 'C:\Users\Nathan\Desktop\cs152b\cs152b\final_project\final_project.sdk\.sdk\launch_scripts\xilinx_c-c++_application_(system_debugger)\system_debugger_using_debug_final_project.elf_on_local.tcl'
00:49:35 INFO  : Disconnected from the channel tcfchan#9.
00:49:36 INFO  : 'targets -set -filter {jtag_cable_name =~ "Digilent Basys3 210183B82211A" && level==0} -index 0' command is executed.
00:49:36 INFO  : 'fpga -state' command is executed.
00:49:36 INFO  : Connected to target on host '127.0.0.1' and port '3121'.
00:49:36 INFO  : Jtag cable 'Digilent Basys3 210183B82211A' is selected.
00:49:36 INFO  : 'jtag frequency' command is executed.
00:49:36 INFO  : 'configparams mdm-detect-bscan-mask 2' command is executed.
00:49:36 INFO  : Context for processor 'microblaze_0' is selected.
00:49:36 INFO  : Processor reset is completed for 'microblaze_0'.
00:49:36 INFO  : Context for processor 'microblaze_0' is selected.
00:49:37 INFO  : The application 'C:/Users/Nathan/Desktop/cs152b/cs152b/final_project/final_project.sdk/final_project/Debug/final_project.elf' is downloaded to processor 'microblaze_0'.
00:49:37 INFO  : ----------------XSDB Script----------------
connect -url tcp:127.0.0.1:3121
configparams mdm-detect-bscan-mask 2
targets -set -nocase -filter {name =~ "microblaze*#0" && bscan=="USER2"  && jtag_cable_name =~ "Digilent Basys3 210183B82211A"} -index 0
rst -processor
targets -set -nocase -filter {name =~ "microblaze*#0" && bscan=="USER2"  && jtag_cable_name =~ "Digilent Basys3 210183B82211A"} -index 0
dow C:/Users/Nathan/Desktop/cs152b/cs152b/final_project/final_project.sdk/final_project/Debug/final_project.elf
----------------End of Script----------------

00:49:37 INFO  : Memory regions updated for context MicroBlaze #0
00:49:37 INFO  : Memory regions updated for context MicroBlaze #0
00:49:37 INFO  : Context for processor 'microblaze_0' is selected.
00:49:37 INFO  : 'con' command is executed.
00:49:37 INFO  : ----------------XSDB Script (After Launch)----------------
targets -set -nocase -filter {name =~ "microblaze*#0" && bscan=="USER2"  && jtag_cable_name =~ "Digilent Basys3 210183B82211A"} -index 0
con
----------------End of Script----------------

00:49:37 INFO  : Launch script is exported to file 'C:\Users\Nathan\Desktop\cs152b\cs152b\final_project\final_project.sdk\.sdk\launch_scripts\xilinx_c-c++_application_(system_debugger)\system_debugger_using_debug_final_project.elf_on_local.tcl'
00:56:46 INFO  : Disconnected from the channel tcfchan#10.
00:56:47 INFO  : 'targets -set -filter {jtag_cable_name =~ "Digilent Basys3 210183B82211A" && level==0} -index 0' command is executed.
00:56:47 INFO  : 'fpga -state' command is executed.
00:56:47 INFO  : Connected to target on host '127.0.0.1' and port '3121'.
00:56:47 INFO  : Jtag cable 'Digilent Basys3 210183B82211A' is selected.
00:56:47 INFO  : 'jtag frequency' command is executed.
00:56:47 INFO  : 'configparams mdm-detect-bscan-mask 2' command is executed.
00:56:47 INFO  : Context for processor 'microblaze_0' is selected.
00:56:47 INFO  : Processor reset is completed for 'microblaze_0'.
00:56:47 INFO  : Context for processor 'microblaze_0' is selected.
00:56:47 INFO  : The application 'C:/Users/Nathan/Desktop/cs152b/cs152b/final_project/final_project.sdk/final_project/Debug/final_project.elf' is downloaded to processor 'microblaze_0'.
00:56:47 INFO  : ----------------XSDB Script----------------
connect -url tcp:127.0.0.1:3121
configparams mdm-detect-bscan-mask 2
targets -set -nocase -filter {name =~ "microblaze*#0" && bscan=="USER2"  && jtag_cable_name =~ "Digilent Basys3 210183B82211A"} -index 0
rst -processor
targets -set -nocase -filter {name =~ "microblaze*#0" && bscan=="USER2"  && jtag_cable_name =~ "Digilent Basys3 210183B82211A"} -index 0
dow C:/Users/Nathan/Desktop/cs152b/cs152b/final_project/final_project.sdk/final_project/Debug/final_project.elf
----------------End of Script----------------

00:56:47 INFO  : Memory regions updated for context MicroBlaze #0
00:56:47 INFO  : Memory regions updated for context MicroBlaze #0
00:56:47 INFO  : Context for processor 'microblaze_0' is selected.
00:56:47 INFO  : 'con' command is executed.
00:56:47 INFO  : ----------------XSDB Script (After Launch)----------------
targets -set -nocase -filter {name =~ "microblaze*#0" && bscan=="USER2"  && jtag_cable_name =~ "Digilent Basys3 210183B82211A"} -index 0
con
----------------End of Script----------------

00:56:47 INFO  : Launch script is exported to file 'C:\Users\Nathan\Desktop\cs152b\cs152b\final_project\final_project.sdk\.sdk\launch_scripts\xilinx_c-c++_application_(system_debugger)\system_debugger_using_debug_final_project.elf_on_local.tcl'
01:33:52 INFO  : Disconnected from the channel tcfchan#11.
01:33:53 INFO  : 'targets -set -filter {jtag_cable_name =~ "Digilent Basys3 210183B82211A" && level==0} -index 0' command is executed.
01:33:53 INFO  : 'fpga -state' command is executed.
01:33:53 INFO  : Connected to target on host '127.0.0.1' and port '3121'.
01:33:53 INFO  : Jtag cable 'Digilent Basys3 210183B82211A' is selected.
01:33:53 INFO  : 'jtag frequency' command is executed.
01:33:53 INFO  : 'configparams mdm-detect-bscan-mask 2' command is executed.
01:33:53 INFO  : Context for processor 'microblaze_0' is selected.
01:33:53 INFO  : Processor reset is completed for 'microblaze_0'.
01:33:53 INFO  : Context for processor 'microblaze_0' is selected.
01:33:53 INFO  : The application 'C:/Users/Nathan/Desktop/cs152b/cs152b/final_project/final_project.sdk/final_project/Debug/final_project.elf' is downloaded to processor 'microblaze_0'.
01:33:53 INFO  : ----------------XSDB Script----------------
connect -url tcp:127.0.0.1:3121
configparams mdm-detect-bscan-mask 2
targets -set -nocase -filter {name =~ "microblaze*#0" && bscan=="USER2"  && jtag_cable_name =~ "Digilent Basys3 210183B82211A"} -index 0
rst -processor
targets -set -nocase -filter {name =~ "microblaze*#0" && bscan=="USER2"  && jtag_cable_name =~ "Digilent Basys3 210183B82211A"} -index 0
dow C:/Users/Nathan/Desktop/cs152b/cs152b/final_project/final_project.sdk/final_project/Debug/final_project.elf
----------------End of Script----------------

01:33:53 INFO  : Memory regions updated for context MicroBlaze #0
01:33:53 INFO  : Memory regions updated for context MicroBlaze #0
01:33:53 INFO  : Context for processor 'microblaze_0' is selected.
01:33:53 INFO  : 'con' command is executed.
01:33:53 INFO  : ----------------XSDB Script (After Launch)----------------
targets -set -nocase -filter {name =~ "microblaze*#0" && bscan=="USER2"  && jtag_cable_name =~ "Digilent Basys3 210183B82211A"} -index 0
con
----------------End of Script----------------

01:33:53 INFO  : Launch script is exported to file 'C:\Users\Nathan\Desktop\cs152b\cs152b\final_project\final_project.sdk\.sdk\launch_scripts\xilinx_c-c++_application_(system_debugger)\system_debugger_using_debug_final_project.elf_on_local.tcl'
01:34:17 INFO  : Disconnected from the channel tcfchan#12.
01:34:18 INFO  : 'targets -set -filter {jtag_cable_name =~ "Digilent Basys3 210183B82211A" && level==0} -index 0' command is executed.
01:34:18 INFO  : 'fpga -state' command is executed.
01:34:18 INFO  : Connected to target on host '127.0.0.1' and port '3121'.
01:34:18 INFO  : Jtag cable 'Digilent Basys3 210183B82211A' is selected.
01:34:18 INFO  : 'jtag frequency' command is executed.
01:34:18 INFO  : 'configparams mdm-detect-bscan-mask 2' command is executed.
01:34:18 INFO  : Context for processor 'microblaze_0' is selected.
01:34:18 INFO  : Processor reset is completed for 'microblaze_0'.
01:34:18 INFO  : Context for processor 'microblaze_0' is selected.
01:34:18 INFO  : The application 'C:/Users/Nathan/Desktop/cs152b/cs152b/final_project/final_project.sdk/final_project/Debug/final_project.elf' is downloaded to processor 'microblaze_0'.
01:34:18 INFO  : ----------------XSDB Script----------------
connect -url tcp:127.0.0.1:3121
configparams mdm-detect-bscan-mask 2
targets -set -nocase -filter {name =~ "microblaze*#0" && bscan=="USER2"  && jtag_cable_name =~ "Digilent Basys3 210183B82211A"} -index 0
rst -processor
targets -set -nocase -filter {name =~ "microblaze*#0" && bscan=="USER2"  && jtag_cable_name =~ "Digilent Basys3 210183B82211A"} -index 0
dow C:/Users/Nathan/Desktop/cs152b/cs152b/final_project/final_project.sdk/final_project/Debug/final_project.elf
----------------End of Script----------------

01:34:18 INFO  : Memory regions updated for context MicroBlaze #0
01:34:18 INFO  : Memory regions updated for context MicroBlaze #0
01:34:18 INFO  : Context for processor 'microblaze_0' is selected.
01:34:18 INFO  : 'con' command is executed.
01:34:18 INFO  : ----------------XSDB Script (After Launch)----------------
targets -set -nocase -filter {name =~ "microblaze*#0" && bscan=="USER2"  && jtag_cable_name =~ "Digilent Basys3 210183B82211A"} -index 0
con
----------------End of Script----------------

01:34:18 INFO  : Launch script is exported to file 'C:\Users\Nathan\Desktop\cs152b\cs152b\final_project\final_project.sdk\.sdk\launch_scripts\xilinx_c-c++_application_(system_debugger)\system_debugger_using_debug_final_project.elf_on_local.tcl'
01:34:28 INFO  : Disconnected from the channel tcfchan#13.
01:34:29 INFO  : 'targets -set -filter {jtag_cable_name =~ "Digilent Basys3 210183B82211A" && level==0} -index 0' command is executed.
01:34:29 INFO  : 'fpga -state' command is executed.
01:34:29 INFO  : Connected to target on host '127.0.0.1' and port '3121'.
01:34:29 INFO  : Jtag cable 'Digilent Basys3 210183B82211A' is selected.
01:34:29 INFO  : 'jtag frequency' command is executed.
01:34:29 INFO  : 'configparams mdm-detect-bscan-mask 2' command is executed.
01:34:29 INFO  : Context for processor 'microblaze_0' is selected.
01:34:29 INFO  : Processor reset is completed for 'microblaze_0'.
01:34:29 INFO  : Context for processor 'microblaze_0' is selected.
01:34:29 INFO  : The application 'C:/Users/Nathan/Desktop/cs152b/cs152b/final_project/final_project.sdk/final_project/Debug/final_project.elf' is downloaded to processor 'microblaze_0'.
01:34:29 INFO  : ----------------XSDB Script----------------
connect -url tcp:127.0.0.1:3121
configparams mdm-detect-bscan-mask 2
targets -set -nocase -filter {name =~ "microblaze*#0" && bscan=="USER2"  && jtag_cable_name =~ "Digilent Basys3 210183B82211A"} -index 0
rst -processor
targets -set -nocase -filter {name =~ "microblaze*#0" && bscan=="USER2"  && jtag_cable_name =~ "Digilent Basys3 210183B82211A"} -index 0
dow C:/Users/Nathan/Desktop/cs152b/cs152b/final_project/final_project.sdk/final_project/Debug/final_project.elf
----------------End of Script----------------

01:34:29 INFO  : Memory regions updated for context MicroBlaze #0
01:34:29 INFO  : Memory regions updated for context MicroBlaze #0
01:34:29 INFO  : Context for processor 'microblaze_0' is selected.
01:34:29 INFO  : 'con' command is executed.
01:34:29 INFO  : ----------------XSDB Script (After Launch)----------------
targets -set -nocase -filter {name =~ "microblaze*#0" && bscan=="USER2"  && jtag_cable_name =~ "Digilent Basys3 210183B82211A"} -index 0
con
----------------End of Script----------------

01:34:29 INFO  : Launch script is exported to file 'C:\Users\Nathan\Desktop\cs152b\cs152b\final_project\final_project.sdk\.sdk\launch_scripts\xilinx_c-c++_application_(system_debugger)\system_debugger_using_debug_final_project.elf_on_local.tcl'
01:34:43 INFO  : Disconnected from the channel tcfchan#14.
01:34:44 INFO  : 'targets -set -filter {jtag_cable_name =~ "Digilent Basys3 210183B82211A" && level==0} -index 0' command is executed.
01:34:44 INFO  : 'fpga -state' command is executed.
01:34:44 INFO  : Connected to target on host '127.0.0.1' and port '3121'.
01:34:44 INFO  : Jtag cable 'Digilent Basys3 210183B82211A' is selected.
01:34:44 INFO  : 'jtag frequency' command is executed.
01:34:44 INFO  : 'configparams mdm-detect-bscan-mask 2' command is executed.
01:34:44 INFO  : Context for processor 'microblaze_0' is selected.
01:34:44 INFO  : Processor reset is completed for 'microblaze_0'.
01:34:44 INFO  : Context for processor 'microblaze_0' is selected.
01:34:44 INFO  : The application 'C:/Users/Nathan/Desktop/cs152b/cs152b/final_project/final_project.sdk/final_project/Debug/final_project.elf' is downloaded to processor 'microblaze_0'.
01:34:44 INFO  : ----------------XSDB Script----------------
connect -url tcp:127.0.0.1:3121
configparams mdm-detect-bscan-mask 2
targets -set -nocase -filter {name =~ "microblaze*#0" && bscan=="USER2"  && jtag_cable_name =~ "Digilent Basys3 210183B82211A"} -index 0
rst -processor
targets -set -nocase -filter {name =~ "microblaze*#0" && bscan=="USER2"  && jtag_cable_name =~ "Digilent Basys3 210183B82211A"} -index 0
dow C:/Users/Nathan/Desktop/cs152b/cs152b/final_project/final_project.sdk/final_project/Debug/final_project.elf
----------------End of Script----------------

01:34:44 INFO  : Memory regions updated for context MicroBlaze #0
01:34:44 INFO  : Memory regions updated for context MicroBlaze #0
01:34:44 INFO  : Context for processor 'microblaze_0' is selected.
01:34:44 INFO  : 'con' command is executed.
01:34:44 INFO  : ----------------XSDB Script (After Launch)----------------
targets -set -nocase -filter {name =~ "microblaze*#0" && bscan=="USER2"  && jtag_cable_name =~ "Digilent Basys3 210183B82211A"} -index 0
con
----------------End of Script----------------

01:34:44 INFO  : Launch script is exported to file 'C:\Users\Nathan\Desktop\cs152b\cs152b\final_project\final_project.sdk\.sdk\launch_scripts\xilinx_c-c++_application_(system_debugger)\system_debugger_using_debug_final_project.elf_on_local.tcl'
01:35:26 INFO  : Disconnected from the channel tcfchan#15.
01:35:27 INFO  : 'targets -set -filter {jtag_cable_name =~ "Digilent Basys3 210183B82211A" && level==0} -index 0' command is executed.
01:35:27 INFO  : 'fpga -state' command is executed.
01:35:27 INFO  : Connected to target on host '127.0.0.1' and port '3121'.
01:35:27 INFO  : Jtag cable 'Digilent Basys3 210183B82211A' is selected.
01:35:27 INFO  : 'jtag frequency' command is executed.
01:35:27 INFO  : 'configparams mdm-detect-bscan-mask 2' command is executed.
01:35:27 INFO  : Context for processor 'microblaze_0' is selected.
01:35:27 INFO  : Processor reset is completed for 'microblaze_0'.
01:35:27 INFO  : Context for processor 'microblaze_0' is selected.
01:35:27 INFO  : The application 'C:/Users/Nathan/Desktop/cs152b/cs152b/final_project/final_project.sdk/final_project/Debug/final_project.elf' is downloaded to processor 'microblaze_0'.
01:35:27 INFO  : ----------------XSDB Script----------------
connect -url tcp:127.0.0.1:3121
configparams mdm-detect-bscan-mask 2
targets -set -nocase -filter {name =~ "microblaze*#0" && bscan=="USER2"  && jtag_cable_name =~ "Digilent Basys3 210183B82211A"} -index 0
rst -processor
targets -set -nocase -filter {name =~ "microblaze*#0" && bscan=="USER2"  && jtag_cable_name =~ "Digilent Basys3 210183B82211A"} -index 0
dow C:/Users/Nathan/Desktop/cs152b/cs152b/final_project/final_project.sdk/final_project/Debug/final_project.elf
----------------End of Script----------------

01:35:28 INFO  : Memory regions updated for context MicroBlaze #0
01:35:28 INFO  : Memory regions updated for context MicroBlaze #0
01:35:28 INFO  : Context for processor 'microblaze_0' is selected.
01:35:28 INFO  : 'con' command is executed.
01:35:28 INFO  : ----------------XSDB Script (After Launch)----------------
targets -set -nocase -filter {name =~ "microblaze*#0" && bscan=="USER2"  && jtag_cable_name =~ "Digilent Basys3 210183B82211A"} -index 0
con
----------------End of Script----------------

01:35:28 INFO  : Launch script is exported to file 'C:\Users\Nathan\Desktop\cs152b\cs152b\final_project\final_project.sdk\.sdk\launch_scripts\xilinx_c-c++_application_(system_debugger)\system_debugger_using_debug_final_project.elf_on_local.tcl'
01:35:30 INFO  : Disconnected from the channel tcfchan#16.
01:35:31 INFO  : 'targets -set -filter {jtag_cable_name =~ "Digilent Basys3 210183B82211A" && level==0} -index 0' command is executed.
01:35:31 INFO  : 'fpga -state' command is executed.
01:35:31 INFO  : Connected to target on host '127.0.0.1' and port '3121'.
01:35:32 INFO  : Jtag cable 'Digilent Basys3 210183B82211A' is selected.
01:35:32 INFO  : 'jtag frequency' command is executed.
01:35:32 INFO  : 'configparams mdm-detect-bscan-mask 2' command is executed.
01:35:32 INFO  : Context for processor 'microblaze_0' is selected.
01:35:32 INFO  : Processor reset is completed for 'microblaze_0'.
01:35:32 INFO  : Context for processor 'microblaze_0' is selected.
01:35:32 INFO  : The application 'C:/Users/Nathan/Desktop/cs152b/cs152b/final_project/final_project.sdk/final_project/Debug/final_project.elf' is downloaded to processor 'microblaze_0'.
01:35:32 INFO  : ----------------XSDB Script----------------
connect -url tcp:127.0.0.1:3121
configparams mdm-detect-bscan-mask 2
targets -set -nocase -filter {name =~ "microblaze*#0" && bscan=="USER2"  && jtag_cable_name =~ "Digilent Basys3 210183B82211A"} -index 0
rst -processor
targets -set -nocase -filter {name =~ "microblaze*#0" && bscan=="USER2"  && jtag_cable_name =~ "Digilent Basys3 210183B82211A"} -index 0
dow C:/Users/Nathan/Desktop/cs152b/cs152b/final_project/final_project.sdk/final_project/Debug/final_project.elf
----------------End of Script----------------

01:35:32 INFO  : Memory regions updated for context MicroBlaze #0
01:35:32 INFO  : Memory regions updated for context MicroBlaze #0
01:35:32 INFO  : Context for processor 'microblaze_0' is selected.
01:35:32 INFO  : 'con' command is executed.
01:35:32 INFO  : ----------------XSDB Script (After Launch)----------------
targets -set -nocase -filter {name =~ "microblaze*#0" && bscan=="USER2"  && jtag_cable_name =~ "Digilent Basys3 210183B82211A"} -index 0
con
----------------End of Script----------------

01:35:32 INFO  : Launch script is exported to file 'C:\Users\Nathan\Desktop\cs152b\cs152b\final_project\final_project.sdk\.sdk\launch_scripts\xilinx_c-c++_application_(system_debugger)\system_debugger_using_debug_final_project.elf_on_local.tcl'
02:19:21 INFO  : Disconnected from the channel tcfchan#17.
02:19:22 INFO  : 'targets -set -filter {jtag_cable_name =~ "Digilent Basys3 210183B82211A" && level==0} -index 0' command is executed.
02:19:22 INFO  : 'fpga -state' command is executed.
02:19:22 INFO  : Connected to target on host '127.0.0.1' and port '3121'.
02:19:22 INFO  : Jtag cable 'Digilent Basys3 210183B82211A' is selected.
02:19:22 INFO  : 'jtag frequency' command is executed.
02:19:22 INFO  : 'configparams mdm-detect-bscan-mask 2' command is executed.
02:19:22 INFO  : Context for processor 'microblaze_0' is selected.
02:19:22 INFO  : Processor reset is completed for 'microblaze_0'.
02:19:22 INFO  : Context for processor 'microblaze_0' is selected.
02:19:22 INFO  : The application 'C:/Users/Nathan/Desktop/cs152b/cs152b/final_project/final_project.sdk/final_project/Debug/final_project.elf' is downloaded to processor 'microblaze_0'.
02:19:22 INFO  : ----------------XSDB Script----------------
connect -url tcp:127.0.0.1:3121
configparams mdm-detect-bscan-mask 2
targets -set -nocase -filter {name =~ "microblaze*#0" && bscan=="USER2"  && jtag_cable_name =~ "Digilent Basys3 210183B82211A"} -index 0
rst -processor
targets -set -nocase -filter {name =~ "microblaze*#0" && bscan=="USER2"  && jtag_cable_name =~ "Digilent Basys3 210183B82211A"} -index 0
dow C:/Users/Nathan/Desktop/cs152b/cs152b/final_project/final_project.sdk/final_project/Debug/final_project.elf
----------------End of Script----------------

02:19:23 INFO  : Memory regions updated for context MicroBlaze #0
02:19:23 INFO  : Memory regions updated for context MicroBlaze #0
02:19:23 INFO  : Context for processor 'microblaze_0' is selected.
02:19:23 INFO  : 'con' command is executed.
02:19:23 INFO  : ----------------XSDB Script (After Launch)----------------
targets -set -nocase -filter {name =~ "microblaze*#0" && bscan=="USER2"  && jtag_cable_name =~ "Digilent Basys3 210183B82211A"} -index 0
con
----------------End of Script----------------

02:19:23 INFO  : Launch script is exported to file 'C:\Users\Nathan\Desktop\cs152b\cs152b\final_project\final_project.sdk\.sdk\launch_scripts\xilinx_c-c++_application_(system_debugger)\system_debugger_using_debug_final_project.elf_on_local.tcl'
02:52:26 INFO  : Disconnected from the channel tcfchan#18.
02:52:27 INFO  : 'targets -set -filter {jtag_cable_name =~ "Digilent Basys3 210183B82211A" && level==0} -index 0' command is executed.
02:52:27 INFO  : 'fpga -state' command is executed.
02:52:27 INFO  : Connected to target on host '127.0.0.1' and port '3121'.
02:52:27 INFO  : Jtag cable 'Digilent Basys3 210183B82211A' is selected.
02:52:27 INFO  : 'jtag frequency' command is executed.
02:52:27 INFO  : 'configparams mdm-detect-bscan-mask 2' command is executed.
02:52:27 INFO  : Context for processor 'microblaze_0' is selected.
02:52:27 INFO  : Processor reset is completed for 'microblaze_0'.
02:52:27 INFO  : Context for processor 'microblaze_0' is selected.
02:52:27 INFO  : The application 'C:/Users/Nathan/Desktop/cs152b/cs152b/final_project/final_project.sdk/final_project/Debug/final_project.elf' is downloaded to processor 'microblaze_0'.
02:52:27 INFO  : ----------------XSDB Script----------------
connect -url tcp:127.0.0.1:3121
configparams mdm-detect-bscan-mask 2
targets -set -nocase -filter {name =~ "microblaze*#0" && bscan=="USER2"  && jtag_cable_name =~ "Digilent Basys3 210183B82211A"} -index 0
rst -processor
targets -set -nocase -filter {name =~ "microblaze*#0" && bscan=="USER2"  && jtag_cable_name =~ "Digilent Basys3 210183B82211A"} -index 0
dow C:/Users/Nathan/Desktop/cs152b/cs152b/final_project/final_project.sdk/final_project/Debug/final_project.elf
----------------End of Script----------------

02:52:27 INFO  : Memory regions updated for context MicroBlaze #0
02:52:27 INFO  : Memory regions updated for context MicroBlaze #0
02:52:27 INFO  : Context for processor 'microblaze_0' is selected.
02:52:27 INFO  : 'con' command is executed.
02:52:27 INFO  : ----------------XSDB Script (After Launch)----------------
targets -set -nocase -filter {name =~ "microblaze*#0" && bscan=="USER2"  && jtag_cable_name =~ "Digilent Basys3 210183B82211A"} -index 0
con
----------------End of Script----------------

02:52:27 INFO  : Launch script is exported to file 'C:\Users\Nathan\Desktop\cs152b\cs152b\final_project\final_project.sdk\.sdk\launch_scripts\xilinx_c-c++_application_(system_debugger)\system_debugger_using_debug_final_project.elf_on_local.tcl'
02:52:36 INFO  : Disconnected from the channel tcfchan#19.
02:52:37 INFO  : 'targets -set -filter {jtag_cable_name =~ "Digilent Basys3 210183B82211A" && level==0} -index 0' command is executed.
02:52:37 INFO  : 'fpga -state' command is executed.
02:52:37 INFO  : Connected to target on host '127.0.0.1' and port '3121'.
02:52:37 INFO  : Jtag cable 'Digilent Basys3 210183B82211A' is selected.
02:52:37 INFO  : 'jtag frequency' command is executed.
02:52:37 INFO  : 'configparams mdm-detect-bscan-mask 2' command is executed.
02:52:37 INFO  : Context for processor 'microblaze_0' is selected.
02:52:37 INFO  : Processor reset is completed for 'microblaze_0'.
02:52:37 INFO  : Context for processor 'microblaze_0' is selected.
02:52:37 INFO  : The application 'C:/Users/Nathan/Desktop/cs152b/cs152b/final_project/final_project.sdk/final_project/Debug/final_project.elf' is downloaded to processor 'microblaze_0'.
02:52:37 INFO  : ----------------XSDB Script----------------
connect -url tcp:127.0.0.1:3121
configparams mdm-detect-bscan-mask 2
targets -set -nocase -filter {name =~ "microblaze*#0" && bscan=="USER2"  && jtag_cable_name =~ "Digilent Basys3 210183B82211A"} -index 0
rst -processor
targets -set -nocase -filter {name =~ "microblaze*#0" && bscan=="USER2"  && jtag_cable_name =~ "Digilent Basys3 210183B82211A"} -index 0
dow C:/Users/Nathan/Desktop/cs152b/cs152b/final_project/final_project.sdk/final_project/Debug/final_project.elf
----------------End of Script----------------

02:52:37 INFO  : Memory regions updated for context MicroBlaze #0
02:52:37 INFO  : Memory regions updated for context MicroBlaze #0
02:52:37 INFO  : Context for processor 'microblaze_0' is selected.
02:52:37 INFO  : 'con' command is executed.
02:52:37 INFO  : ----------------XSDB Script (After Launch)----------------
targets -set -nocase -filter {name =~ "microblaze*#0" && bscan=="USER2"  && jtag_cable_name =~ "Digilent Basys3 210183B82211A"} -index 0
con
----------------End of Script----------------

02:52:37 INFO  : Launch script is exported to file 'C:\Users\Nathan\Desktop\cs152b\cs152b\final_project\final_project.sdk\.sdk\launch_scripts\xilinx_c-c++_application_(system_debugger)\system_debugger_using_debug_final_project.elf_on_local.tcl'
02:53:48 INFO  : Disconnected from the channel tcfchan#20.
02:53:49 INFO  : 'targets -set -filter {jtag_cable_name =~ "Digilent Basys3 210183B82211A" && level==0} -index 0' command is executed.
02:53:49 INFO  : 'fpga -state' command is executed.
02:53:49 INFO  : Connected to target on host '127.0.0.1' and port '3121'.
02:53:49 INFO  : Jtag cable 'Digilent Basys3 210183B82211A' is selected.
02:53:49 INFO  : 'jtag frequency' command is executed.
02:53:49 INFO  : 'configparams mdm-detect-bscan-mask 2' command is executed.
02:53:49 INFO  : Context for processor 'microblaze_0' is selected.
02:53:50 INFO  : Processor reset is completed for 'microblaze_0'.
02:53:50 INFO  : Context for processor 'microblaze_0' is selected.
02:53:50 INFO  : The application 'C:/Users/Nathan/Desktop/cs152b/cs152b/final_project/final_project.sdk/final_project/Debug/final_project.elf' is downloaded to processor 'microblaze_0'.
02:53:50 INFO  : ----------------XSDB Script----------------
connect -url tcp:127.0.0.1:3121
configparams mdm-detect-bscan-mask 2
targets -set -nocase -filter {name =~ "microblaze*#0" && bscan=="USER2"  && jtag_cable_name =~ "Digilent Basys3 210183B82211A"} -index 0
rst -processor
targets -set -nocase -filter {name =~ "microblaze*#0" && bscan=="USER2"  && jtag_cable_name =~ "Digilent Basys3 210183B82211A"} -index 0
dow C:/Users/Nathan/Desktop/cs152b/cs152b/final_project/final_project.sdk/final_project/Debug/final_project.elf
----------------End of Script----------------

02:53:50 INFO  : Memory regions updated for context MicroBlaze #0
02:53:50 INFO  : Memory regions updated for context MicroBlaze #0
02:53:50 INFO  : Context for processor 'microblaze_0' is selected.
02:53:50 INFO  : 'con' command is executed.
02:53:50 INFO  : ----------------XSDB Script (After Launch)----------------
targets -set -nocase -filter {name =~ "microblaze*#0" && bscan=="USER2"  && jtag_cable_name =~ "Digilent Basys3 210183B82211A"} -index 0
con
----------------End of Script----------------

02:53:50 INFO  : Launch script is exported to file 'C:\Users\Nathan\Desktop\cs152b\cs152b\final_project\final_project.sdk\.sdk\launch_scripts\xilinx_c-c++_application_(system_debugger)\system_debugger_using_debug_final_project.elf_on_local.tcl'
02:54:22 INFO  : Disconnected from the channel tcfchan#21.
02:54:23 INFO  : 'targets -set -filter {jtag_cable_name =~ "Digilent Basys3 210183B82211A" && level==0} -index 0' command is executed.
02:54:23 INFO  : 'fpga -state' command is executed.
02:54:23 INFO  : Connected to target on host '127.0.0.1' and port '3121'.
02:54:23 INFO  : Jtag cable 'Digilent Basys3 210183B82211A' is selected.
02:54:23 INFO  : 'jtag frequency' command is executed.
02:54:23 INFO  : 'configparams mdm-detect-bscan-mask 2' command is executed.
02:54:23 INFO  : Context for processor 'microblaze_0' is selected.
02:54:23 INFO  : Processor reset is completed for 'microblaze_0'.
02:54:23 INFO  : Context for processor 'microblaze_0' is selected.
02:54:23 INFO  : The application 'C:/Users/Nathan/Desktop/cs152b/cs152b/final_project/final_project.sdk/final_project/Debug/final_project.elf' is downloaded to processor 'microblaze_0'.
02:54:23 INFO  : ----------------XSDB Script----------------
connect -url tcp:127.0.0.1:3121
configparams mdm-detect-bscan-mask 2
targets -set -nocase -filter {name =~ "microblaze*#0" && bscan=="USER2"  && jtag_cable_name =~ "Digilent Basys3 210183B82211A"} -index 0
rst -processor
targets -set -nocase -filter {name =~ "microblaze*#0" && bscan=="USER2"  && jtag_cable_name =~ "Digilent Basys3 210183B82211A"} -index 0
dow C:/Users/Nathan/Desktop/cs152b/cs152b/final_project/final_project.sdk/final_project/Debug/final_project.elf
----------------End of Script----------------

02:54:23 INFO  : Memory regions updated for context MicroBlaze #0
02:54:23 INFO  : Memory regions updated for context MicroBlaze #0
02:54:23 INFO  : Context for processor 'microblaze_0' is selected.
02:54:23 INFO  : 'con' command is executed.
02:54:23 INFO  : ----------------XSDB Script (After Launch)----------------
targets -set -nocase -filter {name =~ "microblaze*#0" && bscan=="USER2"  && jtag_cable_name =~ "Digilent Basys3 210183B82211A"} -index 0
con
----------------End of Script----------------

02:54:23 INFO  : Launch script is exported to file 'C:\Users\Nathan\Desktop\cs152b\cs152b\final_project\final_project.sdk\.sdk\launch_scripts\xilinx_c-c++_application_(system_debugger)\system_debugger_using_debug_final_project.elf_on_local.tcl'
02:57:06 INFO  : Disconnected from the channel tcfchan#22.
02:57:07 INFO  : 'targets -set -filter {jtag_cable_name =~ "Digilent Basys3 210183B82211A" && level==0} -index 0' command is executed.
02:57:07 INFO  : 'fpga -state' command is executed.
02:57:07 INFO  : Connected to target on host '127.0.0.1' and port '3121'.
02:57:07 INFO  : Jtag cable 'Digilent Basys3 210183B82211A' is selected.
02:57:07 INFO  : 'jtag frequency' command is executed.
02:57:07 INFO  : 'configparams mdm-detect-bscan-mask 2' command is executed.
02:57:07 INFO  : Context for processor 'microblaze_0' is selected.
02:57:07 INFO  : Processor reset is completed for 'microblaze_0'.
02:57:07 INFO  : Context for processor 'microblaze_0' is selected.
02:57:08 INFO  : The application 'C:/Users/Nathan/Desktop/cs152b/cs152b/final_project/final_project.sdk/final_project/Debug/final_project.elf' is downloaded to processor 'microblaze_0'.
02:57:08 INFO  : ----------------XSDB Script----------------
connect -url tcp:127.0.0.1:3121
configparams mdm-detect-bscan-mask 2
targets -set -nocase -filter {name =~ "microblaze*#0" && bscan=="USER2"  && jtag_cable_name =~ "Digilent Basys3 210183B82211A"} -index 0
rst -processor
targets -set -nocase -filter {name =~ "microblaze*#0" && bscan=="USER2"  && jtag_cable_name =~ "Digilent Basys3 210183B82211A"} -index 0
dow C:/Users/Nathan/Desktop/cs152b/cs152b/final_project/final_project.sdk/final_project/Debug/final_project.elf
----------------End of Script----------------

02:57:08 INFO  : Memory regions updated for context MicroBlaze #0
02:57:08 INFO  : Memory regions updated for context MicroBlaze #0
02:57:08 INFO  : Context for processor 'microblaze_0' is selected.
02:57:08 INFO  : 'con' command is executed.
02:57:08 INFO  : ----------------XSDB Script (After Launch)----------------
targets -set -nocase -filter {name =~ "microblaze*#0" && bscan=="USER2"  && jtag_cable_name =~ "Digilent Basys3 210183B82211A"} -index 0
con
----------------End of Script----------------

02:57:08 INFO  : Launch script is exported to file 'C:\Users\Nathan\Desktop\cs152b\cs152b\final_project\final_project.sdk\.sdk\launch_scripts\xilinx_c-c++_application_(system_debugger)\system_debugger_using_debug_final_project.elf_on_local.tcl'
03:05:17 INFO  : Disconnected from the channel tcfchan#23.
03:05:18 INFO  : 'targets -set -filter {jtag_cable_name =~ "Digilent Basys3 210183B82211A" && level==0} -index 0' command is executed.
03:05:18 INFO  : 'fpga -state' command is executed.
03:05:18 INFO  : Connected to target on host '127.0.0.1' and port '3121'.
03:05:18 INFO  : Jtag cable 'Digilent Basys3 210183B82211A' is selected.
03:05:18 INFO  : 'jtag frequency' command is executed.
03:05:18 INFO  : 'configparams mdm-detect-bscan-mask 2' command is executed.
03:05:18 INFO  : Context for processor 'microblaze_0' is selected.
03:05:18 INFO  : Processor reset is completed for 'microblaze_0'.
03:05:18 INFO  : Context for processor 'microblaze_0' is selected.
03:05:18 INFO  : The application 'C:/Users/Nathan/Desktop/cs152b/cs152b/final_project/final_project.sdk/final_project/Debug/final_project.elf' is downloaded to processor 'microblaze_0'.
03:05:18 INFO  : ----------------XSDB Script----------------
connect -url tcp:127.0.0.1:3121
configparams mdm-detect-bscan-mask 2
targets -set -nocase -filter {name =~ "microblaze*#0" && bscan=="USER2"  && jtag_cable_name =~ "Digilent Basys3 210183B82211A"} -index 0
rst -processor
targets -set -nocase -filter {name =~ "microblaze*#0" && bscan=="USER2"  && jtag_cable_name =~ "Digilent Basys3 210183B82211A"} -index 0
dow C:/Users/Nathan/Desktop/cs152b/cs152b/final_project/final_project.sdk/final_project/Debug/final_project.elf
----------------End of Script----------------

03:05:18 INFO  : Memory regions updated for context MicroBlaze #0
03:05:18 INFO  : Memory regions updated for context MicroBlaze #0
03:05:18 INFO  : Context for processor 'microblaze_0' is selected.
03:05:18 INFO  : 'con' command is executed.
03:05:18 INFO  : ----------------XSDB Script (After Launch)----------------
targets -set -nocase -filter {name =~ "microblaze*#0" && bscan=="USER2"  && jtag_cable_name =~ "Digilent Basys3 210183B82211A"} -index 0
con
----------------End of Script----------------

03:05:18 INFO  : Launch script is exported to file 'C:\Users\Nathan\Desktop\cs152b\cs152b\final_project\final_project.sdk\.sdk\launch_scripts\xilinx_c-c++_application_(system_debugger)\system_debugger_using_debug_final_project.elf_on_local.tcl'
03:05:33 INFO  : Disconnected from the channel tcfchan#24.
10:18:47 INFO  : Registering command handlers for SDK TCF services
10:18:47 INFO  : Launching XSCT server: xsct.bat -interactive C:\Users\Nathan\Desktop\cs152b\cs152b\final_project\final_project.sdk\temp_xsdb_launch_script.tcl
10:18:50 INFO  : XSCT server has started successfully.
10:18:54 INFO  : Successfully done setting XSCT server connection channel  
10:18:54 INFO  : Successfully done setting SDK workspace  
10:18:54 INFO  : Processing command line option -hwspec C:/Users/Nathan/Desktop/cs152b/cs152b/final_project/final_project.sdk/main_wrapper.hdf.
10:18:54 INFO  : Checking for hwspec changes in the project main_wrapper_hw_platform_0.
10:25:17 INFO  : 'targets -set -filter {jtag_cable_name =~ "Digilent Basys3 210183B82211A" && level==0} -index 0' command is executed.
10:25:17 INFO  : 'fpga -state' command is executed.
10:25:17 INFO  : Connected to target on host '127.0.0.1' and port '3121'.
10:25:17 INFO  : Jtag cable 'Digilent Basys3 210183B82211A' is selected.
10:25:17 INFO  : 'jtag frequency' command is executed.
10:25:17 INFO  : 'configparams mdm-detect-bscan-mask 2' command is executed.
10:25:17 INFO  : Context for processor 'microblaze_0' is selected.
10:25:18 INFO  : Processor reset is completed for 'microblaze_0'.
10:25:18 INFO  : Context for processor 'microblaze_0' is selected.
10:25:18 INFO  : The application 'C:/Users/Nathan/Desktop/cs152b/cs152b/final_project/final_project.sdk/final_project/Debug/final_project.elf' is downloaded to processor 'microblaze_0'.
10:25:18 INFO  : ----------------XSDB Script----------------
connect -url tcp:127.0.0.1:3121
configparams mdm-detect-bscan-mask 2
targets -set -nocase -filter {name =~ "microblaze*#0" && bscan=="USER2"  && jtag_cable_name =~ "Digilent Basys3 210183B82211A"} -index 0
rst -processor
targets -set -nocase -filter {name =~ "microblaze*#0" && bscan=="USER2"  && jtag_cable_name =~ "Digilent Basys3 210183B82211A"} -index 0
dow C:/Users/Nathan/Desktop/cs152b/cs152b/final_project/final_project.sdk/final_project/Debug/final_project.elf
----------------End of Script----------------

10:25:18 INFO  : Memory regions updated for context MicroBlaze #0
10:25:18 INFO  : Memory regions updated for context MicroBlaze #0
10:25:18 INFO  : Context for processor 'microblaze_0' is selected.
10:25:18 INFO  : 'con' command is executed.
10:25:18 INFO  : ----------------XSDB Script (After Launch)----------------
targets -set -nocase -filter {name =~ "microblaze*#0" && bscan=="USER2"  && jtag_cable_name =~ "Digilent Basys3 210183B82211A"} -index 0
con
----------------End of Script----------------

10:25:18 INFO  : Launch script is exported to file 'C:\Users\Nathan\Desktop\cs152b\cs152b\final_project\final_project.sdk\.sdk\launch_scripts\xilinx_c-c++_application_(system_debugger)\system_debugger_using_debug_final_project.elf_on_local.tcl'
13:44:06 INFO  : Registering command handlers for SDK TCF services
13:44:08 INFO  : Launching XSCT server: xsct.bat -interactive C:\Users\Nathan\Desktop\cs152b\cs152b\final_project\final_project.sdk\temp_xsdb_launch_script.tcl
13:44:13 INFO  : XSCT server has started successfully.
13:44:26 INFO  : Successfully done setting XSCT server connection channel  
13:44:26 INFO  : Processing command line option -hwspec C:/Users/Nathan/Desktop/cs152b/cs152b/final_project/final_project.sdk/main_wrapper.hdf.
13:44:26 INFO  : Successfully done setting SDK workspace  
13:44:26 INFO  : Checking for hwspec changes in the project main_wrapper_hw_platform_0.
10:39:28 INFO  : Registering command handlers for SDK TCF services
10:39:29 INFO  : Launching XSCT server: xsct.bat -interactive C:\Users\Nathan\Desktop\cs152b\cs152b\final_project\final_project.sdk\temp_xsdb_launch_script.tcl
10:39:34 INFO  : XSCT server has started successfully.
10:39:41 INFO  : Successfully done setting XSCT server connection channel  
10:39:41 INFO  : Processing command line option -hwspec C:/Users/Nathan/Desktop/cs152b/cs152b/final_project/final_project.sdk/main_wrapper.hdf.
10:39:41 INFO  : Successfully done setting SDK workspace  
10:39:41 INFO  : Checking for hwspec changes in the project main_wrapper_hw_platform_0.
10:46:09 INFO  : Registering command handlers for SDK TCF services
10:46:09 INFO  : Launching XSCT server: xsct.bat -interactive C:\Users\Nathan\Desktop\cs152b\cs152b\final_project\final_project.sdk\temp_xsdb_launch_script.tcl
10:46:11 INFO  : XSCT server has started successfully.
10:46:12 INFO  : Successfully done setting XSCT server connection channel  
10:46:12 INFO  : Successfully done setting SDK workspace  
10:46:12 INFO  : Processing command line option -hwspec C:/Users/Nathan/Desktop/cs152b/cs152b/final_project/final_project.sdk/main_wrapper.hdf.
10:46:12 INFO  : Checking for hwspec changes in the project main_wrapper_hw_platform_0.
10:46:13 INFO  : SDK has detected change in the last modified timestamps for source hardware specification file Source:1779903757006,  Project:1778985756273
10:46:13 INFO  : The hardware specification for project 'main_wrapper_hw_platform_0' is different from C:/Users/Nathan/Desktop/cs152b/cs152b/final_project/final_project.sdk/main_wrapper.hdf.
10:46:13 INFO  : Copied contents of C:/Users/Nathan/Desktop/cs152b/cs152b/final_project/final_project.sdk/main_wrapper.hdf into \main_wrapper_hw_platform_0\system.hdf.
10:46:13 INFO  : Synchronizing projects in the workspace with the hardware platform specification changes.
10:46:16 INFO  : 
10:46:30 INFO  : Updating hardware inferred compiler options for final_project.
10:46:30 INFO  : Clearing existing target manager status.
13:04:48 INFO  : Registering command handlers for SDK TCF services
13:04:49 INFO  : Launching XSCT server: xsct.bat -interactive C:\Users\Nathan\Desktop\cs152b\cs152b\final_project\final_project.sdk\temp_xsdb_launch_script.tcl
13:04:51 INFO  : XSCT server has started successfully.
13:04:52 INFO  : Successfully done setting XSCT server connection channel  
13:04:52 INFO  : Successfully done setting SDK workspace  
13:04:52 INFO  : Processing command line option -hwspec C:/Users/Nathan/Desktop/cs152b/cs152b/final_project/final_project.sdk/main_wrapper.hdf.
13:04:52 INFO  : Checking for hwspec changes in the project main_wrapper_hw_platform_0.
13:04:53 INFO  : SDK has detected change in the last modified timestamps for source hardware specification file Source:1779912276257,  Project:1779903757006
13:04:53 INFO  : The hardware specification for project 'main_wrapper_hw_platform_0' is different from C:/Users/Nathan/Desktop/cs152b/cs152b/final_project/final_project.sdk/main_wrapper.hdf.
13:04:53 INFO  : Copied contents of C:/Users/Nathan/Desktop/cs152b/cs152b/final_project/final_project.sdk/main_wrapper.hdf into \main_wrapper_hw_platform_0\system.hdf.
13:04:53 INFO  : Synchronizing projects in the workspace with the hardware platform specification changes.
13:04:56 INFO  : 
13:04:57 INFO  : Updating hardware inferred compiler options for final_project.
13:04:57 INFO  : Clearing existing target manager status.
13:30:20 INFO  : SDK has detected change in the last modified timestamps for source hardware specification file Source:1779913769836,  Project:1779912276257
13:30:20 INFO  : Project main_wrapper_hw_platform_0's source hardware specification located at C:/Users/Nathan/Desktop/cs152b/cs152b/final_project/final_project.sdk/main_wrapper.hdf is now different from the local copy.
		 The local copy will be replaced with the source specification and your workspace will be updated.
13:30:24 INFO  : Copied contents of C:/Users/Nathan/Desktop/cs152b/cs152b/final_project/final_project.sdk/main_wrapper.hdf into \main_wrapper_hw_platform_0\system.hdf.
13:30:24 INFO  : Synchronizing projects in the workspace with the hardware platform specification changes.
13:30:28 INFO  : 
13:30:29 INFO  : Updating hardware inferred compiler options for final_project.
13:30:29 INFO  : Clearing existing target manager status.
13:30:49 INFO  : 'targets -set -filter {jtag_cable_name =~ "Digilent Basys3 210183B82211A" && level==0} -index 0' command is executed.
13:30:49 INFO  : 'fpga -state' command is executed.
13:30:49 INFO  : Connected to target on host '127.0.0.1' and port '3121'.
13:30:49 INFO  : Jtag cable 'Digilent Basys3 210183B82211A' is selected.
13:30:49 INFO  : 'jtag frequency' command is executed.
13:30:49 INFO  : 'configparams mdm-detect-bscan-mask 2' command is executed.
13:30:49 INFO  : ----------------XSDB Script----------------
connect -url tcp:127.0.0.1:3121
configparams mdm-detect-bscan-mask 2
----------------End of Script----------------

13:30:49 INFO  : Memory regions updated for context MicroBlaze #0
13:30:49 INFO  : Memory regions updated for context MicroBlaze #0
13:30:49 INFO  : Launch script is exported to file 'C:\Users\Nathan\Desktop\cs152b\cs152b\final_project\final_project.sdk\.sdk\launch_scripts\xilinx_c-c++_application_(system_debugger)\system_debugger_using_debug_final_project.elf_on_local.tcl'
13:31:02 INFO  : Disconnected from the channel tcfchan#1.
13:31:04 INFO  : 'targets -set -filter {jtag_cable_name =~ "Digilent Basys3 210183B82211A" && level==0} -index 0' command is executed.
13:31:04 INFO  : 'fpga -state' command is executed.
13:31:04 INFO  : Connected to target on host '127.0.0.1' and port '3121'.
13:31:04 INFO  : Jtag cable 'Digilent Basys3 210183B82211A' is selected.
13:31:04 INFO  : 'jtag frequency' command is executed.
13:31:04 INFO  : 'configparams mdm-detect-bscan-mask 2' command is executed.
13:31:04 INFO  : ----------------XSDB Script----------------
connect -url tcp:127.0.0.1:3121
configparams mdm-detect-bscan-mask 2
----------------End of Script----------------

13:31:04 INFO  : Memory regions updated for context MicroBlaze #0
13:31:04 INFO  : Memory regions updated for context MicroBlaze #0
13:31:04 INFO  : Launch script is exported to file 'C:\Users\Nathan\Desktop\cs152b\cs152b\final_project\final_project.sdk\.sdk\launch_scripts\xilinx_c-c++_application_(system_debugger)\system_debugger_using_debug_final_project.elf_on_local.tcl'
13:33:07 INFO  : The new hardware specification file contains the same information as the current specification file. No changes were done to the workspace.
13:36:35 INFO  : Disconnected from the channel tcfchan#2.
13:36:36 INFO  : 'targets -set -filter {jtag_cable_name =~ "Digilent Basys3 210183B82211A" && level==0} -index 0' command is executed.
13:36:36 INFO  : 'fpga -state' command is executed.
13:36:36 INFO  : Connected to target on host '127.0.0.1' and port '3121'.
13:36:36 INFO  : Jtag cable 'Digilent Basys3 210183B82211A' is selected.
13:36:36 INFO  : 'jtag frequency' command is executed.
13:36:36 INFO  : 'configparams mdm-detect-bscan-mask 2' command is executed.
13:36:36 INFO  : Context for processor 'microblaze_0' is selected.
13:36:37 INFO  : Processor reset is completed for 'microblaze_0'.
13:36:37 INFO  : Context for processor 'microblaze_0' is selected.
13:36:37 INFO  : The application 'C:/Users/Nathan/Desktop/cs152b/cs152b/final_project/final_project.sdk/final_project/Debug/final_project.elf' is downloaded to processor 'microblaze_0'.
13:36:37 INFO  : ----------------XSDB Script----------------
connect -url tcp:127.0.0.1:3121
configparams mdm-detect-bscan-mask 2
targets -set -nocase -filter {name =~ "microblaze*#0" && bscan=="USER2"  && jtag_cable_name =~ "Digilent Basys3 210183B82211A"} -index 0
rst -processor
targets -set -nocase -filter {name =~ "microblaze*#0" && bscan=="USER2"  && jtag_cable_name =~ "Digilent Basys3 210183B82211A"} -index 0
dow C:/Users/Nathan/Desktop/cs152b/cs152b/final_project/final_project.sdk/final_project/Debug/final_project.elf
----------------End of Script----------------

13:36:37 INFO  : Memory regions updated for context MicroBlaze #0
13:36:37 INFO  : Memory regions updated for context MicroBlaze #0
13:36:37 INFO  : Context for processor 'microblaze_0' is selected.
13:36:37 INFO  : 'con' command is executed.
13:36:37 INFO  : ----------------XSDB Script (After Launch)----------------
targets -set -nocase -filter {name =~ "microblaze*#0" && bscan=="USER2"  && jtag_cable_name =~ "Digilent Basys3 210183B82211A"} -index 0
con
----------------End of Script----------------

13:36:37 INFO  : Launch script is exported to file 'C:\Users\Nathan\Desktop\cs152b\cs152b\final_project\final_project.sdk\.sdk\launch_scripts\xilinx_c-c++_application_(system_debugger)\system_debugger_using_debug_final_project.elf_on_local.tcl'
13:39:30 INFO  : Disconnected from the channel tcfchan#3.
13:39:31 INFO  : 'targets -set -filter {jtag_cable_name =~ "Digilent Basys3 210183B82211A" && level==0} -index 0' command is executed.
13:39:31 INFO  : 'fpga -state' command is executed.
13:39:31 INFO  : Connected to target on host '127.0.0.1' and port '3121'.
13:39:31 INFO  : Jtag cable 'Digilent Basys3 210183B82211A' is selected.
13:39:31 INFO  : 'jtag frequency' command is executed.
13:39:31 INFO  : 'configparams mdm-detect-bscan-mask 2' command is executed.
13:39:31 INFO  : Context for processor 'microblaze_0' is selected.
13:39:31 INFO  : Processor reset is completed for 'microblaze_0'.
13:39:31 INFO  : Context for processor 'microblaze_0' is selected.
13:39:31 INFO  : The application 'C:/Users/Nathan/Desktop/cs152b/cs152b/final_project/final_project.sdk/final_project/Debug/final_project.elf' is downloaded to processor 'microblaze_0'.
13:39:31 INFO  : ----------------XSDB Script----------------
connect -url tcp:127.0.0.1:3121
configparams mdm-detect-bscan-mask 2
targets -set -nocase -filter {name =~ "microblaze*#0" && bscan=="USER2"  && jtag_cable_name =~ "Digilent Basys3 210183B82211A"} -index 0
rst -processor
targets -set -nocase -filter {name =~ "microblaze*#0" && bscan=="USER2"  && jtag_cable_name =~ "Digilent Basys3 210183B82211A"} -index 0
dow C:/Users/Nathan/Desktop/cs152b/cs152b/final_project/final_project.sdk/final_project/Debug/final_project.elf
----------------End of Script----------------

13:39:31 INFO  : Memory regions updated for context MicroBlaze #0
13:39:31 INFO  : Memory regions updated for context MicroBlaze #0
13:39:32 INFO  : Context for processor 'microblaze_0' is selected.
13:39:32 INFO  : 'con' command is executed.
13:39:32 INFO  : ----------------XSDB Script (After Launch)----------------
targets -set -nocase -filter {name =~ "microblaze*#0" && bscan=="USER2"  && jtag_cable_name =~ "Digilent Basys3 210183B82211A"} -index 0
con
----------------End of Script----------------

13:39:32 INFO  : Launch script is exported to file 'C:\Users\Nathan\Desktop\cs152b\cs152b\final_project\final_project.sdk\.sdk\launch_scripts\xilinx_c-c++_application_(system_debugger)\system_debugger_using_debug_final_project.elf_on_local.tcl'
13:42:52 INFO  : Disconnected from the channel tcfchan#4.
13:42:53 INFO  : 'targets -set -filter {jtag_cable_name =~ "Digilent Basys3 210183B82211A" && level==0} -index 0' command is executed.
13:42:53 INFO  : 'fpga -state' command is executed.
13:42:53 INFO  : Connected to target on host '127.0.0.1' and port '3121'.
13:42:54 INFO  : Jtag cable 'Digilent Basys3 210183B82211A' is selected.
13:42:54 INFO  : 'jtag frequency' command is executed.
13:42:54 INFO  : 'configparams mdm-detect-bscan-mask 2' command is executed.
13:42:54 INFO  : Context for processor 'microblaze_0' is selected.
13:42:54 INFO  : Processor reset is completed for 'microblaze_0'.
13:42:54 INFO  : Context for processor 'microblaze_0' is selected.
13:42:54 INFO  : The application 'C:/Users/Nathan/Desktop/cs152b/cs152b/final_project/final_project.sdk/final_project/Debug/final_project.elf' is downloaded to processor 'microblaze_0'.
13:42:54 INFO  : ----------------XSDB Script----------------
connect -url tcp:127.0.0.1:3121
configparams mdm-detect-bscan-mask 2
targets -set -nocase -filter {name =~ "microblaze*#0" && bscan=="USER2"  && jtag_cable_name =~ "Digilent Basys3 210183B82211A"} -index 0
rst -processor
targets -set -nocase -filter {name =~ "microblaze*#0" && bscan=="USER2"  && jtag_cable_name =~ "Digilent Basys3 210183B82211A"} -index 0
dow C:/Users/Nathan/Desktop/cs152b/cs152b/final_project/final_project.sdk/final_project/Debug/final_project.elf
----------------End of Script----------------

13:42:54 INFO  : Memory regions updated for context MicroBlaze #0
13:42:54 INFO  : Memory regions updated for context MicroBlaze #0
13:42:54 INFO  : Context for processor 'microblaze_0' is selected.
13:42:54 INFO  : 'con' command is executed.
13:42:54 INFO  : ----------------XSDB Script (After Launch)----------------
targets -set -nocase -filter {name =~ "microblaze*#0" && bscan=="USER2"  && jtag_cable_name =~ "Digilent Basys3 210183B82211A"} -index 0
con
----------------End of Script----------------

13:42:54 INFO  : Launch script is exported to file 'C:\Users\Nathan\Desktop\cs152b\cs152b\final_project\final_project.sdk\.sdk\launch_scripts\xilinx_c-c++_application_(system_debugger)\system_debugger_using_debug_final_project.elf_on_local.tcl'
13:43:52 INFO  : Disconnected from the channel tcfchan#5.
18:32:43 INFO  : Registering command handlers for SDK TCF services
18:32:44 INFO  : Launching XSCT server: xsct.bat -interactive C:\Users\Nathan\Desktop\cs152b\cs152b\final_project\final_project.sdk\temp_xsdb_launch_script.tcl
18:32:47 INFO  : XSCT server has started successfully.
18:32:47 INFO  : Successfully done setting XSCT server connection channel  
18:32:50 INFO  : Successfully done setting SDK workspace  
18:32:50 INFO  : Processing command line option -hwspec C:/Users/Nathan/Desktop/cs152b/cs152b/final_project/final_project.sdk/main_wrapper.hdf.
18:32:50 INFO  : Checking for hwspec changes in the project main_wrapper_hw_platform_0.
18:41:29 INFO  : 'targets -set -filter {jtag_cable_name =~ "Digilent Basys3 210183B82211A" && level==0} -index 0' command is executed.
18:41:29 INFO  : 'fpga -state' command is executed.
18:41:41 INFO  : Memory regions updated for context MicroBlaze #0
18:41:41 INFO  : Memory regions updated for context MicroBlaze #0
18:41:47 INFO  : 'targets -set -filter {jtag_cable_name =~ "Digilent Basys3 210183B82211A" && level==0} -index 0' command is executed.
18:41:47 INFO  : 'fpga -state' command is executed.
18:41:47 INFO  : Connected to target on host '127.0.0.1' and port '3121'.
18:41:47 INFO  : Jtag cable 'Digilent Basys3 210183B82211A' is selected.
18:41:47 INFO  : 'jtag frequency' command is executed.
18:41:47 INFO  : 'configparams mdm-detect-bscan-mask 2' command is executed.
18:41:47 INFO  : Context for processor 'microblaze_0' is selected.
18:41:47 INFO  : Processor reset is completed for 'microblaze_0'.
18:41:47 INFO  : Context for processor 'microblaze_0' is selected.
18:41:47 INFO  : The application 'C:/Users/Nathan/Desktop/cs152b/cs152b/final_project/final_project.sdk/final_project/Debug/final_project.elf' is downloaded to processor 'microblaze_0'.
18:41:47 INFO  : ----------------XSDB Script----------------
connect -url tcp:127.0.0.1:3121
configparams mdm-detect-bscan-mask 2
targets -set -nocase -filter {name =~ "microblaze*#0" && bscan=="USER2"  && jtag_cable_name =~ "Digilent Basys3 210183B82211A"} -index 0
rst -processor
targets -set -nocase -filter {name =~ "microblaze*#0" && bscan=="USER2"  && jtag_cable_name =~ "Digilent Basys3 210183B82211A"} -index 0
dow C:/Users/Nathan/Desktop/cs152b/cs152b/final_project/final_project.sdk/final_project/Debug/final_project.elf
----------------End of Script----------------

18:41:47 INFO  : Memory regions updated for context MicroBlaze #0
18:41:47 INFO  : Memory regions updated for context MicroBlaze #0
18:41:48 INFO  : Context for processor 'microblaze_0' is selected.
18:41:48 INFO  : 'con' command is executed.
18:41:48 INFO  : ----------------XSDB Script (After Launch)----------------
targets -set -nocase -filter {name =~ "microblaze*#0" && bscan=="USER2"  && jtag_cable_name =~ "Digilent Basys3 210183B82211A"} -index 0
con
----------------End of Script----------------

18:41:48 INFO  : Launch script is exported to file 'C:\Users\Nathan\Desktop\cs152b\cs152b\final_project\final_project.sdk\.sdk\launch_scripts\xilinx_c-c++_application_(system_debugger)\system_debugger_using_debug_final_project.elf_on_local.tcl'
20:09:17 INFO  : Disconnected from the channel tcfchan#1.
21:23:28 INFO  : Registering command handlers for SDK TCF services
21:23:29 INFO  : Launching XSCT server: xsct.bat -interactive C:\Users\Nathan\Desktop\cs152b\cs152b\final_project\final_project.sdk\temp_xsdb_launch_script.tcl
21:23:32 INFO  : XSCT server has started successfully.
21:23:36 INFO  : Successfully done setting XSCT server connection channel  
21:23:36 INFO  : Successfully done setting SDK workspace  
21:23:36 INFO  : Processing command line option -hwspec C:/Users/Nathan/Desktop/cs152b/cs152b/final_project/final_project.sdk/top_level.hdf.
21:24:34 INFO  : 'targets -set -filter {jtag_cable_name =~ "Digilent Basys3 210183B82211A" && level==0} -index 0' command is executed.
21:24:34 INFO  : 'fpga -state' command is executed.
21:24:34 INFO  : Connected to target on host '127.0.0.1' and port '3121'.
21:24:34 INFO  : Jtag cable 'Digilent Basys3 210183B82211A' is selected.
21:24:34 INFO  : 'jtag frequency' command is executed.
21:24:34 INFO  : 'configparams mdm-detect-bscan-mask 2' command is executed.
21:24:34 INFO  : Context for processor 'microblaze_0' is selected.
21:24:34 INFO  : Processor reset is completed for 'microblaze_0'.
21:24:34 INFO  : Context for processor 'microblaze_0' is selected.
21:24:34 INFO  : The application 'C:/Users/Nathan/Desktop/cs152b/cs152b/final_project/final_project.sdk/final_project/Debug/final_project.elf' is downloaded to processor 'microblaze_0'.
21:24:34 INFO  : ----------------XSDB Script----------------
connect -url tcp:127.0.0.1:3121
configparams mdm-detect-bscan-mask 2
targets -set -nocase -filter {name =~ "microblaze*#0" && bscan=="USER2"  && jtag_cable_name =~ "Digilent Basys3 210183B82211A"} -index 0
rst -processor
targets -set -nocase -filter {name =~ "microblaze*#0" && bscan=="USER2"  && jtag_cable_name =~ "Digilent Basys3 210183B82211A"} -index 0
dow C:/Users/Nathan/Desktop/cs152b/cs152b/final_project/final_project.sdk/final_project/Debug/final_project.elf
----------------End of Script----------------

21:24:34 INFO  : Memory regions updated for context MicroBlaze #0
21:24:34 INFO  : Memory regions updated for context MicroBlaze #0
21:24:34 INFO  : Context for processor 'microblaze_0' is selected.
21:24:34 INFO  : 'con' command is executed.
21:24:34 INFO  : ----------------XSDB Script (After Launch)----------------
targets -set -nocase -filter {name =~ "microblaze*#0" && bscan=="USER2"  && jtag_cable_name =~ "Digilent Basys3 210183B82211A"} -index 0
con
----------------End of Script----------------

21:24:34 INFO  : Launch script is exported to file 'C:\Users\Nathan\Desktop\cs152b\cs152b\final_project\final_project.sdk\.sdk\launch_scripts\xilinx_c-c++_application_(system_debugger)\system_debugger_using_debug_final_project.elf_on_local.tcl'
21:25:17 INFO  : Disconnected from the channel tcfchan#1.
21:25:18 INFO  : 'targets -set -filter {jtag_cable_name =~ "Digilent Basys3 210183B82211A" && level==0} -index 0' command is executed.
21:25:18 INFO  : 'fpga -state' command is executed.
21:25:18 INFO  : Connected to target on host '127.0.0.1' and port '3121'.
21:25:18 INFO  : Jtag cable 'Digilent Basys3 210183B82211A' is selected.
21:25:18 INFO  : 'jtag frequency' command is executed.
21:25:18 INFO  : 'configparams mdm-detect-bscan-mask 2' command is executed.
21:25:18 INFO  : Context for processor 'microblaze_0' is selected.
21:25:18 INFO  : Processor reset is completed for 'microblaze_0'.
21:25:18 INFO  : Context for processor 'microblaze_0' is selected.
21:25:18 INFO  : The application 'C:/Users/Nathan/Desktop/cs152b/cs152b/final_project/final_project.sdk/final_project/Debug/final_project.elf' is downloaded to processor 'microblaze_0'.
21:25:18 INFO  : ----------------XSDB Script----------------
connect -url tcp:127.0.0.1:3121
configparams mdm-detect-bscan-mask 2
targets -set -nocase -filter {name =~ "microblaze*#0" && bscan=="USER2"  && jtag_cable_name =~ "Digilent Basys3 210183B82211A"} -index 0
rst -processor
targets -set -nocase -filter {name =~ "microblaze*#0" && bscan=="USER2"  && jtag_cable_name =~ "Digilent Basys3 210183B82211A"} -index 0
dow C:/Users/Nathan/Desktop/cs152b/cs152b/final_project/final_project.sdk/final_project/Debug/final_project.elf
----------------End of Script----------------

21:25:18 INFO  : Memory regions updated for context MicroBlaze #0
21:25:18 INFO  : Memory regions updated for context MicroBlaze #0
21:25:18 INFO  : Context for processor 'microblaze_0' is selected.
21:25:18 INFO  : 'con' command is executed.
21:25:18 INFO  : ----------------XSDB Script (After Launch)----------------
targets -set -nocase -filter {name =~ "microblaze*#0" && bscan=="USER2"  && jtag_cable_name =~ "Digilent Basys3 210183B82211A"} -index 0
con
----------------End of Script----------------

21:25:18 INFO  : Launch script is exported to file 'C:\Users\Nathan\Desktop\cs152b\cs152b\final_project\final_project.sdk\.sdk\launch_scripts\xilinx_c-c++_application_(system_debugger)\system_debugger_using_debug_final_project.elf_on_local.tcl'
21:25:45 INFO  : Disconnected from the channel tcfchan#2.
21:25:46 INFO  : 'targets -set -filter {jtag_cable_name =~ "Digilent Basys3 210183B82211A" && level==0} -index 0' command is executed.
21:25:46 INFO  : 'fpga -state' command is executed.
21:25:46 INFO  : Connected to target on host '127.0.0.1' and port '3121'.
21:25:47 INFO  : Jtag cable 'Digilent Basys3 210183B82211A' is selected.
21:25:47 INFO  : 'jtag frequency' command is executed.
21:25:47 INFO  : 'configparams mdm-detect-bscan-mask 2' command is executed.
21:25:47 INFO  : Context for processor 'microblaze_0' is selected.
21:25:47 INFO  : Processor reset is completed for 'microblaze_0'.
21:25:47 INFO  : Context for processor 'microblaze_0' is selected.
21:25:47 INFO  : The application 'C:/Users/Nathan/Desktop/cs152b/cs152b/final_project/final_project.sdk/final_project/Debug/final_project.elf' is downloaded to processor 'microblaze_0'.
21:25:47 INFO  : ----------------XSDB Script----------------
connect -url tcp:127.0.0.1:3121
configparams mdm-detect-bscan-mask 2
targets -set -nocase -filter {name =~ "microblaze*#0" && bscan=="USER2"  && jtag_cable_name =~ "Digilent Basys3 210183B82211A"} -index 0
rst -processor
targets -set -nocase -filter {name =~ "microblaze*#0" && bscan=="USER2"  && jtag_cable_name =~ "Digilent Basys3 210183B82211A"} -index 0
dow C:/Users/Nathan/Desktop/cs152b/cs152b/final_project/final_project.sdk/final_project/Debug/final_project.elf
----------------End of Script----------------

21:25:47 INFO  : Memory regions updated for context MicroBlaze #0
21:25:47 INFO  : Memory regions updated for context MicroBlaze #0
21:25:47 INFO  : Context for processor 'microblaze_0' is selected.
21:25:47 INFO  : 'con' command is executed.
21:25:47 INFO  : ----------------XSDB Script (After Launch)----------------
targets -set -nocase -filter {name =~ "microblaze*#0" && bscan=="USER2"  && jtag_cable_name =~ "Digilent Basys3 210183B82211A"} -index 0
con
----------------End of Script----------------

21:25:47 INFO  : Launch script is exported to file 'C:\Users\Nathan\Desktop\cs152b\cs152b\final_project\final_project.sdk\.sdk\launch_scripts\xilinx_c-c++_application_(system_debugger)\system_debugger_using_debug_final_project.elf_on_local.tcl'
21:26:37 INFO  : Disconnected from the channel tcfchan#3.
21:26:38 INFO  : 'targets -set -filter {jtag_cable_name =~ "Digilent Basys3 210183B82211A" && level==0} -index 0' command is executed.
21:26:38 INFO  : 'fpga -state' command is executed.
21:26:38 INFO  : Connected to target on host '127.0.0.1' and port '3121'.
21:26:38 INFO  : Jtag cable 'Digilent Basys3 210183B82211A' is selected.
21:26:38 INFO  : 'jtag frequency' command is executed.
21:26:38 INFO  : 'configparams mdm-detect-bscan-mask 2' command is executed.
21:26:38 INFO  : Context for processor 'microblaze_0' is selected.
21:26:38 INFO  : Processor reset is completed for 'microblaze_0'.
21:26:38 INFO  : Context for processor 'microblaze_0' is selected.
21:26:38 INFO  : The application 'C:/Users/Nathan/Desktop/cs152b/cs152b/final_project/final_project.sdk/final_project/Debug/final_project.elf' is downloaded to processor 'microblaze_0'.
21:26:38 INFO  : ----------------XSDB Script----------------
connect -url tcp:127.0.0.1:3121
configparams mdm-detect-bscan-mask 2
targets -set -nocase -filter {name =~ "microblaze*#0" && bscan=="USER2"  && jtag_cable_name =~ "Digilent Basys3 210183B82211A"} -index 0
rst -processor
targets -set -nocase -filter {name =~ "microblaze*#0" && bscan=="USER2"  && jtag_cable_name =~ "Digilent Basys3 210183B82211A"} -index 0
dow C:/Users/Nathan/Desktop/cs152b/cs152b/final_project/final_project.sdk/final_project/Debug/final_project.elf
----------------End of Script----------------

21:26:38 INFO  : Memory regions updated for context MicroBlaze #0
21:26:38 INFO  : Memory regions updated for context MicroBlaze #0
21:26:39 INFO  : Context for processor 'microblaze_0' is selected.
21:26:39 INFO  : 'con' command is executed.
21:26:39 INFO  : ----------------XSDB Script (After Launch)----------------
targets -set -nocase -filter {name =~ "microblaze*#0" && bscan=="USER2"  && jtag_cable_name =~ "Digilent Basys3 210183B82211A"} -index 0
con
----------------End of Script----------------

21:26:39 INFO  : Launch script is exported to file 'C:\Users\Nathan\Desktop\cs152b\cs152b\final_project\final_project.sdk\.sdk\launch_scripts\xilinx_c-c++_application_(system_debugger)\system_debugger_using_debug_final_project.elf_on_local.tcl'
21:27:53 INFO  : Disconnected from the channel tcfchan#4.
21:27:54 INFO  : 'targets -set -filter {jtag_cable_name =~ "Digilent Basys3 210183B82211A" && level==0} -index 0' command is executed.
21:27:54 INFO  : 'fpga -state' command is executed.
21:27:54 INFO  : Connected to target on host '127.0.0.1' and port '3121'.
21:27:54 INFO  : Jtag cable 'Digilent Basys3 210183B82211A' is selected.
21:27:54 INFO  : 'jtag frequency' command is executed.
21:27:54 INFO  : 'configparams mdm-detect-bscan-mask 2' command is executed.
21:27:54 INFO  : Context for processor 'microblaze_0' is selected.
21:27:54 INFO  : Processor reset is completed for 'microblaze_0'.
21:27:54 INFO  : Context for processor 'microblaze_0' is selected.
21:27:54 INFO  : The application 'C:/Users/Nathan/Desktop/cs152b/cs152b/final_project/final_project.sdk/final_project/Debug/final_project.elf' is downloaded to processor 'microblaze_0'.
21:27:54 INFO  : ----------------XSDB Script----------------
connect -url tcp:127.0.0.1:3121
configparams mdm-detect-bscan-mask 2
targets -set -nocase -filter {name =~ "microblaze*#0" && bscan=="USER2"  && jtag_cable_name =~ "Digilent Basys3 210183B82211A"} -index 0
rst -processor
targets -set -nocase -filter {name =~ "microblaze*#0" && bscan=="USER2"  && jtag_cable_name =~ "Digilent Basys3 210183B82211A"} -index 0
dow C:/Users/Nathan/Desktop/cs152b/cs152b/final_project/final_project.sdk/final_project/Debug/final_project.elf
----------------End of Script----------------

21:27:54 INFO  : Memory regions updated for context MicroBlaze #0
21:27:54 INFO  : Memory regions updated for context MicroBlaze #0
21:27:54 INFO  : Context for processor 'microblaze_0' is selected.
21:27:54 INFO  : 'con' command is executed.
21:27:54 INFO  : ----------------XSDB Script (After Launch)----------------
targets -set -nocase -filter {name =~ "microblaze*#0" && bscan=="USER2"  && jtag_cable_name =~ "Digilent Basys3 210183B82211A"} -index 0
con
----------------End of Script----------------

21:27:54 INFO  : Launch script is exported to file 'C:\Users\Nathan\Desktop\cs152b\cs152b\final_project\final_project.sdk\.sdk\launch_scripts\xilinx_c-c++_application_(system_debugger)\system_debugger_using_debug_final_project.elf_on_local.tcl'
21:31:47 INFO  : Refreshed build settings on project final_project
21:32:43 INFO  : Disconnected from the channel tcfchan#5.
21:32:57 INFO  : 'targets -set -filter {jtag_cable_name =~ "Digilent Basys3 210183B82211A" && level==0} -index 0' command is executed.
21:32:57 INFO  : 'fpga -state' command is executed.
21:32:57 INFO  : Connected to target on host '127.0.0.1' and port '3121'.
21:32:57 INFO  : Jtag cable 'Digilent Basys3 210183B82211A' is selected.
21:32:57 INFO  : 'jtag frequency' command is executed.
21:32:57 INFO  : 'configparams mdm-detect-bscan-mask 2' command is executed.
21:32:57 INFO  : Context for processor 'microblaze_0' is selected.
21:32:57 INFO  : Processor reset is completed for 'microblaze_0'.
21:32:57 INFO  : Context for processor 'microblaze_0' is selected.
21:32:57 INFO  : The application 'C:/Users/Nathan/Desktop/cs152b/cs152b/final_project/final_project.sdk/final_project/Debug/final_project.elf' is downloaded to processor 'microblaze_0'.
21:32:57 INFO  : ----------------XSDB Script----------------
connect -url tcp:127.0.0.1:3121
configparams mdm-detect-bscan-mask 2
targets -set -nocase -filter {name =~ "microblaze*#0" && bscan=="USER2"  && jtag_cable_name =~ "Digilent Basys3 210183B82211A"} -index 0
rst -processor
targets -set -nocase -filter {name =~ "microblaze*#0" && bscan=="USER2"  && jtag_cable_name =~ "Digilent Basys3 210183B82211A"} -index 0
dow C:/Users/Nathan/Desktop/cs152b/cs152b/final_project/final_project.sdk/final_project/Debug/final_project.elf
----------------End of Script----------------

21:32:57 INFO  : Memory regions updated for context MicroBlaze #0
21:32:57 INFO  : Memory regions updated for context MicroBlaze #0
21:32:57 INFO  : Context for processor 'microblaze_0' is selected.
21:32:57 INFO  : 'con' command is executed.
21:32:57 INFO  : ----------------XSDB Script (After Launch)----------------
targets -set -nocase -filter {name =~ "microblaze*#0" && bscan=="USER2"  && jtag_cable_name =~ "Digilent Basys3 210183B82211A"} -index 0
con
----------------End of Script----------------

21:32:57 INFO  : Launch script is exported to file 'C:\Users\Nathan\Desktop\cs152b\cs152b\final_project\final_project.sdk\.sdk\launch_scripts\xilinx_c-c++_application_(system_debugger)\system_debugger_using_debug_final_project.elf_on_local_(1).tcl'
21:33:35 INFO  : Disconnected from the channel tcfchan#6.
21:33:36 INFO  : 'targets -set -filter {jtag_cable_name =~ "Digilent Basys3 210183B82211A" && level==0} -index 0' command is executed.
21:33:36 INFO  : 'fpga -state' command is executed.
21:33:36 INFO  : Connected to target on host '127.0.0.1' and port '3121'.
21:33:37 INFO  : Jtag cable 'Digilent Basys3 210183B82211A' is selected.
21:33:37 INFO  : 'jtag frequency' command is executed.
21:33:37 INFO  : 'configparams mdm-detect-bscan-mask 2' command is executed.
21:33:37 INFO  : Context for processor 'microblaze_0' is selected.
21:33:37 INFO  : Processor reset is completed for 'microblaze_0'.
21:33:37 INFO  : Context for processor 'microblaze_0' is selected.
21:33:37 INFO  : The application 'C:/Users/Nathan/Desktop/cs152b/cs152b/final_project/final_project.sdk/final_project/Debug/final_project.elf' is downloaded to processor 'microblaze_0'.
21:33:37 INFO  : ----------------XSDB Script----------------
connect -url tcp:127.0.0.1:3121
configparams mdm-detect-bscan-mask 2
targets -set -nocase -filter {name =~ "microblaze*#0" && bscan=="USER2"  && jtag_cable_name =~ "Digilent Basys3 210183B82211A"} -index 0
rst -processor
targets -set -nocase -filter {name =~ "microblaze*#0" && bscan=="USER2"  && jtag_cable_name =~ "Digilent Basys3 210183B82211A"} -index 0
dow C:/Users/Nathan/Desktop/cs152b/cs152b/final_project/final_project.sdk/final_project/Debug/final_project.elf
----------------End of Script----------------

21:33:37 INFO  : Memory regions updated for context MicroBlaze #0
21:33:37 INFO  : Memory regions updated for context MicroBlaze #0
21:33:37 INFO  : Context for processor 'microblaze_0' is selected.
21:33:37 INFO  : 'con' command is executed.
21:33:37 INFO  : ----------------XSDB Script (After Launch)----------------
targets -set -nocase -filter {name =~ "microblaze*#0" && bscan=="USER2"  && jtag_cable_name =~ "Digilent Basys3 210183B82211A"} -index 0
con
----------------End of Script----------------

21:33:37 INFO  : Launch script is exported to file 'C:\Users\Nathan\Desktop\cs152b\cs152b\final_project\final_project.sdk\.sdk\launch_scripts\xilinx_c-c++_application_(system_debugger)\system_debugger_using_debug_final_project.elf_on_local_(1).tcl'
21:34:24 INFO  : Disconnected from the channel tcfchan#7.
21:34:25 INFO  : 'targets -set -filter {jtag_cable_name =~ "Digilent Basys3 210183B82211A" && level==0} -index 0' command is executed.
21:34:25 INFO  : 'fpga -state' command is executed.
21:34:25 INFO  : Connected to target on host '127.0.0.1' and port '3121'.
21:34:25 INFO  : Jtag cable 'Digilent Basys3 210183B82211A' is selected.
21:34:25 INFO  : 'jtag frequency' command is executed.
21:34:25 INFO  : 'configparams mdm-detect-bscan-mask 2' command is executed.
21:34:25 INFO  : Context for processor 'microblaze_0' is selected.
21:34:25 INFO  : Processor reset is completed for 'microblaze_0'.
21:34:25 INFO  : Context for processor 'microblaze_0' is selected.
21:34:25 INFO  : The application 'C:/Users/Nathan/Desktop/cs152b/cs152b/final_project/final_project.sdk/final_project/Debug/final_project.elf' is downloaded to processor 'microblaze_0'.
21:34:25 INFO  : ----------------XSDB Script----------------
connect -url tcp:127.0.0.1:3121
configparams mdm-detect-bscan-mask 2
targets -set -nocase -filter {name =~ "microblaze*#0" && bscan=="USER2"  && jtag_cable_name =~ "Digilent Basys3 210183B82211A"} -index 0
rst -processor
targets -set -nocase -filter {name =~ "microblaze*#0" && bscan=="USER2"  && jtag_cable_name =~ "Digilent Basys3 210183B82211A"} -index 0
dow C:/Users/Nathan/Desktop/cs152b/cs152b/final_project/final_project.sdk/final_project/Debug/final_project.elf
----------------End of Script----------------

21:34:25 INFO  : Memory regions updated for context MicroBlaze #0
21:34:25 INFO  : Memory regions updated for context MicroBlaze #0
21:34:25 INFO  : Context for processor 'microblaze_0' is selected.
21:34:25 INFO  : 'con' command is executed.
21:34:25 INFO  : ----------------XSDB Script (After Launch)----------------
targets -set -nocase -filter {name =~ "microblaze*#0" && bscan=="USER2"  && jtag_cable_name =~ "Digilent Basys3 210183B82211A"} -index 0
con
----------------End of Script----------------

21:34:25 INFO  : Launch script is exported to file 'C:\Users\Nathan\Desktop\cs152b\cs152b\final_project\final_project.sdk\.sdk\launch_scripts\xilinx_c-c++_application_(system_debugger)\system_debugger_using_debug_final_project.elf_on_local_(1).tcl'
21:39:37 INFO  : Disconnected from the channel tcfchan#8.
21:39:38 INFO  : 'targets -set -filter {jtag_cable_name =~ "Digilent Basys3 210183B82211A" && level==0} -index 0' command is executed.
21:39:38 INFO  : 'fpga -state' command is executed.
21:39:38 INFO  : Connected to target on host '127.0.0.1' and port '3121'.
21:39:38 INFO  : Jtag cable 'Digilent Basys3 210183B82211A' is selected.
21:39:38 INFO  : 'jtag frequency' command is executed.
21:39:38 INFO  : 'configparams mdm-detect-bscan-mask 2' command is executed.
21:39:38 INFO  : Context for processor 'microblaze_0' is selected.
21:39:38 INFO  : Processor reset is completed for 'microblaze_0'.
21:39:38 INFO  : Context for processor 'microblaze_0' is selected.
21:39:38 INFO  : The application 'C:/Users/Nathan/Desktop/cs152b/cs152b/final_project/final_project.sdk/final_project/Debug/final_project.elf' is downloaded to processor 'microblaze_0'.
21:39:38 INFO  : ----------------XSDB Script----------------
connect -url tcp:127.0.0.1:3121
configparams mdm-detect-bscan-mask 2
targets -set -nocase -filter {name =~ "microblaze*#0" && bscan=="USER2"  && jtag_cable_name =~ "Digilent Basys3 210183B82211A"} -index 0
rst -processor
targets -set -nocase -filter {name =~ "microblaze*#0" && bscan=="USER2"  && jtag_cable_name =~ "Digilent Basys3 210183B82211A"} -index 0
dow C:/Users/Nathan/Desktop/cs152b/cs152b/final_project/final_project.sdk/final_project/Debug/final_project.elf
----------------End of Script----------------

21:39:38 INFO  : Memory regions updated for context MicroBlaze #0
21:39:38 INFO  : Memory regions updated for context MicroBlaze #0
21:39:38 INFO  : Context for processor 'microblaze_0' is selected.
21:39:38 INFO  : 'con' command is executed.
21:39:38 INFO  : ----------------XSDB Script (After Launch)----------------
targets -set -nocase -filter {name =~ "microblaze*#0" && bscan=="USER2"  && jtag_cable_name =~ "Digilent Basys3 210183B82211A"} -index 0
con
----------------End of Script----------------

21:39:38 INFO  : Launch script is exported to file 'C:\Users\Nathan\Desktop\cs152b\cs152b\final_project\final_project.sdk\.sdk\launch_scripts\xilinx_c-c++_application_(system_debugger)\system_debugger_using_debug_final_project.elf_on_local_(1).tcl'
21:40:49 INFO  : Disconnected from the channel tcfchan#9.
21:40:50 INFO  : 'targets -set -filter {jtag_cable_name =~ "Digilent Basys3 210183B82211A" && level==0} -index 0' command is executed.
21:40:50 INFO  : 'fpga -state' command is executed.
21:40:50 INFO  : Connected to target on host '127.0.0.1' and port '3121'.
21:40:51 INFO  : Jtag cable 'Digilent Basys3 210183B82211A' is selected.
21:40:51 INFO  : 'jtag frequency' command is executed.
21:40:51 INFO  : 'configparams mdm-detect-bscan-mask 2' command is executed.
21:40:51 INFO  : Context for processor 'microblaze_0' is selected.
21:40:51 INFO  : Processor reset is completed for 'microblaze_0'.
21:40:51 INFO  : Context for processor 'microblaze_0' is selected.
21:40:51 INFO  : The application 'C:/Users/Nathan/Desktop/cs152b/cs152b/final_project/final_project.sdk/final_project/Debug/final_project.elf' is downloaded to processor 'microblaze_0'.
21:40:51 INFO  : ----------------XSDB Script----------------
connect -url tcp:127.0.0.1:3121
configparams mdm-detect-bscan-mask 2
targets -set -nocase -filter {name =~ "microblaze*#0" && bscan=="USER2"  && jtag_cable_name =~ "Digilent Basys3 210183B82211A"} -index 0
rst -processor
targets -set -nocase -filter {name =~ "microblaze*#0" && bscan=="USER2"  && jtag_cable_name =~ "Digilent Basys3 210183B82211A"} -index 0
dow C:/Users/Nathan/Desktop/cs152b/cs152b/final_project/final_project.sdk/final_project/Debug/final_project.elf
----------------End of Script----------------

21:40:51 INFO  : Memory regions updated for context MicroBlaze #0
21:40:51 INFO  : Memory regions updated for context MicroBlaze #0
21:40:51 INFO  : Context for processor 'microblaze_0' is selected.
21:40:51 INFO  : 'con' command is executed.
21:40:51 INFO  : ----------------XSDB Script (After Launch)----------------
targets -set -nocase -filter {name =~ "microblaze*#0" && bscan=="USER2"  && jtag_cable_name =~ "Digilent Basys3 210183B82211A"} -index 0
con
----------------End of Script----------------

21:40:51 INFO  : Launch script is exported to file 'C:\Users\Nathan\Desktop\cs152b\cs152b\final_project\final_project.sdk\.sdk\launch_scripts\xilinx_c-c++_application_(system_debugger)\system_debugger_using_debug_final_project.elf_on_local_(1).tcl'
21:41:48 INFO  : Disconnected from the channel tcfchan#10.
21:41:49 INFO  : 'targets -set -filter {jtag_cable_name =~ "Digilent Basys3 210183B82211A" && level==0} -index 0' command is executed.
21:41:49 INFO  : 'fpga -state' command is executed.
21:41:49 INFO  : Connected to target on host '127.0.0.1' and port '3121'.
21:41:49 INFO  : Jtag cable 'Digilent Basys3 210183B82211A' is selected.
21:41:49 INFO  : 'jtag frequency' command is executed.
21:41:49 INFO  : 'configparams mdm-detect-bscan-mask 2' command is executed.
21:41:49 INFO  : Context for processor 'microblaze_0' is selected.
21:41:49 INFO  : Processor reset is completed for 'microblaze_0'.
21:41:49 INFO  : Context for processor 'microblaze_0' is selected.
21:41:49 INFO  : The application 'C:/Users/Nathan/Desktop/cs152b/cs152b/final_project/final_project.sdk/final_project/Debug/final_project.elf' is downloaded to processor 'microblaze_0'.
21:41:49 INFO  : ----------------XSDB Script----------------
connect -url tcp:127.0.0.1:3121
configparams mdm-detect-bscan-mask 2
targets -set -nocase -filter {name =~ "microblaze*#0" && bscan=="USER2"  && jtag_cable_name =~ "Digilent Basys3 210183B82211A"} -index 0
rst -processor
targets -set -nocase -filter {name =~ "microblaze*#0" && bscan=="USER2"  && jtag_cable_name =~ "Digilent Basys3 210183B82211A"} -index 0
dow C:/Users/Nathan/Desktop/cs152b/cs152b/final_project/final_project.sdk/final_project/Debug/final_project.elf
----------------End of Script----------------

21:41:50 INFO  : Memory regions updated for context MicroBlaze #0
21:41:50 INFO  : Memory regions updated for context MicroBlaze #0
21:41:50 INFO  : Context for processor 'microblaze_0' is selected.
21:41:50 INFO  : 'con' command is executed.
21:41:50 INFO  : ----------------XSDB Script (After Launch)----------------
targets -set -nocase -filter {name =~ "microblaze*#0" && bscan=="USER2"  && jtag_cable_name =~ "Digilent Basys3 210183B82211A"} -index 0
con
----------------End of Script----------------

21:41:50 INFO  : Launch script is exported to file 'C:\Users\Nathan\Desktop\cs152b\cs152b\final_project\final_project.sdk\.sdk\launch_scripts\xilinx_c-c++_application_(system_debugger)\system_debugger_using_debug_final_project.elf_on_local_(1).tcl'
21:42:21 INFO  : Disconnected from the channel tcfchan#11.
21:42:22 INFO  : 'targets -set -filter {jtag_cable_name =~ "Digilent Basys3 210183B82211A" && level==0} -index 0' command is executed.
21:42:22 INFO  : 'fpga -state' command is executed.
21:42:22 INFO  : Connected to target on host '127.0.0.1' and port '3121'.
21:42:23 INFO  : Jtag cable 'Digilent Basys3 210183B82211A' is selected.
21:42:23 INFO  : 'jtag frequency' command is executed.
21:42:23 INFO  : 'configparams mdm-detect-bscan-mask 2' command is executed.
21:42:23 INFO  : Context for processor 'microblaze_0' is selected.
21:42:23 INFO  : Processor reset is completed for 'microblaze_0'.
21:42:23 INFO  : Context for processor 'microblaze_0' is selected.
21:42:23 INFO  : The application 'C:/Users/Nathan/Desktop/cs152b/cs152b/final_project/final_project.sdk/final_project/Debug/final_project.elf' is downloaded to processor 'microblaze_0'.
21:42:23 INFO  : ----------------XSDB Script----------------
connect -url tcp:127.0.0.1:3121
configparams mdm-detect-bscan-mask 2
targets -set -nocase -filter {name =~ "microblaze*#0" && bscan=="USER2"  && jtag_cable_name =~ "Digilent Basys3 210183B82211A"} -index 0
rst -processor
targets -set -nocase -filter {name =~ "microblaze*#0" && bscan=="USER2"  && jtag_cable_name =~ "Digilent Basys3 210183B82211A"} -index 0
dow C:/Users/Nathan/Desktop/cs152b/cs152b/final_project/final_project.sdk/final_project/Debug/final_project.elf
----------------End of Script----------------

21:42:23 INFO  : Memory regions updated for context MicroBlaze #0
21:42:23 INFO  : Memory regions updated for context MicroBlaze #0
21:42:23 INFO  : Context for processor 'microblaze_0' is selected.
21:42:23 INFO  : 'con' command is executed.
21:42:23 INFO  : ----------------XSDB Script (After Launch)----------------
targets -set -nocase -filter {name =~ "microblaze*#0" && bscan=="USER2"  && jtag_cable_name =~ "Digilent Basys3 210183B82211A"} -index 0
con
----------------End of Script----------------

21:42:23 INFO  : Launch script is exported to file 'C:\Users\Nathan\Desktop\cs152b\cs152b\final_project\final_project.sdk\.sdk\launch_scripts\xilinx_c-c++_application_(system_debugger)\system_debugger_using_debug_final_project.elf_on_local_(1).tcl'
21:46:09 INFO  : Disconnected from the channel tcfchan#12.
21:46:11 INFO  : 'targets -set -filter {jtag_cable_name =~ "Digilent Basys3 210183B82211A" && level==0} -index 0' command is executed.
21:46:11 INFO  : 'fpga -state' command is executed.
21:46:11 INFO  : Connected to target on host '127.0.0.1' and port '3121'.
21:46:11 INFO  : Jtag cable 'Digilent Basys3 210183B82211A' is selected.
21:46:11 INFO  : 'jtag frequency' command is executed.
21:46:11 INFO  : 'configparams mdm-detect-bscan-mask 2' command is executed.
21:46:11 INFO  : Context for processor 'microblaze_0' is selected.
21:46:11 INFO  : Processor reset is completed for 'microblaze_0'.
21:46:11 INFO  : Context for processor 'microblaze_0' is selected.
21:46:11 INFO  : The application 'C:/Users/Nathan/Desktop/cs152b/cs152b/final_project/final_project.sdk/final_project/Debug/final_project.elf' is downloaded to processor 'microblaze_0'.
21:46:11 INFO  : ----------------XSDB Script----------------
connect -url tcp:127.0.0.1:3121
configparams mdm-detect-bscan-mask 2
targets -set -nocase -filter {name =~ "microblaze*#0" && bscan=="USER2"  && jtag_cable_name =~ "Digilent Basys3 210183B82211A"} -index 0
rst -processor
targets -set -nocase -filter {name =~ "microblaze*#0" && bscan=="USER2"  && jtag_cable_name =~ "Digilent Basys3 210183B82211A"} -index 0
dow C:/Users/Nathan/Desktop/cs152b/cs152b/final_project/final_project.sdk/final_project/Debug/final_project.elf
----------------End of Script----------------

21:46:11 INFO  : Memory regions updated for context MicroBlaze #0
21:46:11 INFO  : Memory regions updated for context MicroBlaze #0
21:46:11 INFO  : Context for processor 'microblaze_0' is selected.
21:46:11 INFO  : 'con' command is executed.
21:46:11 INFO  : ----------------XSDB Script (After Launch)----------------
targets -set -nocase -filter {name =~ "microblaze*#0" && bscan=="USER2"  && jtag_cable_name =~ "Digilent Basys3 210183B82211A"} -index 0
con
----------------End of Script----------------

21:46:11 INFO  : Launch script is exported to file 'C:\Users\Nathan\Desktop\cs152b\cs152b\final_project\final_project.sdk\.sdk\launch_scripts\xilinx_c-c++_application_(system_debugger)\system_debugger_using_debug_final_project.elf_on_local_(1).tcl'
21:51:01 INFO  : Disconnected from the channel tcfchan#13.
21:51:02 INFO  : 'targets -set -filter {jtag_cable_name =~ "Digilent Basys3 210183B82211A" && level==0} -index 0' command is executed.
21:51:02 INFO  : 'fpga -state' command is executed.
21:51:02 INFO  : Connected to target on host '127.0.0.1' and port '3121'.
21:51:02 INFO  : Jtag cable 'Digilent Basys3 210183B82211A' is selected.
21:51:02 INFO  : 'jtag frequency' command is executed.
21:51:02 INFO  : 'configparams mdm-detect-bscan-mask 2' command is executed.
21:51:02 INFO  : Context for processor 'microblaze_0' is selected.
21:51:02 INFO  : Processor reset is completed for 'microblaze_0'.
21:51:02 INFO  : Context for processor 'microblaze_0' is selected.
21:51:02 INFO  : The application 'C:/Users/Nathan/Desktop/cs152b/cs152b/final_project/final_project.sdk/final_project/Debug/final_project.elf' is downloaded to processor 'microblaze_0'.
21:51:02 INFO  : ----------------XSDB Script----------------
connect -url tcp:127.0.0.1:3121
configparams mdm-detect-bscan-mask 2
targets -set -nocase -filter {name =~ "microblaze*#0" && bscan=="USER2"  && jtag_cable_name =~ "Digilent Basys3 210183B82211A"} -index 0
rst -processor
targets -set -nocase -filter {name =~ "microblaze*#0" && bscan=="USER2"  && jtag_cable_name =~ "Digilent Basys3 210183B82211A"} -index 0
dow C:/Users/Nathan/Desktop/cs152b/cs152b/final_project/final_project.sdk/final_project/Debug/final_project.elf
----------------End of Script----------------

21:51:02 INFO  : Memory regions updated for context MicroBlaze #0
21:51:02 INFO  : Memory regions updated for context MicroBlaze #0
21:51:02 INFO  : Context for processor 'microblaze_0' is selected.
21:51:02 INFO  : 'con' command is executed.
21:51:02 INFO  : ----------------XSDB Script (After Launch)----------------
targets -set -nocase -filter {name =~ "microblaze*#0" && bscan=="USER2"  && jtag_cable_name =~ "Digilent Basys3 210183B82211A"} -index 0
con
----------------End of Script----------------

21:51:02 INFO  : Launch script is exported to file 'C:\Users\Nathan\Desktop\cs152b\cs152b\final_project\final_project.sdk\.sdk\launch_scripts\xilinx_c-c++_application_(system_debugger)\system_debugger_using_debug_final_project.elf_on_local_(1).tcl'
21:51:33 INFO  : Disconnected from the channel tcfchan#14.
21:51:34 INFO  : 'targets -set -filter {jtag_cable_name =~ "Digilent Basys3 210183B82211A" && level==0} -index 0' command is executed.
21:51:34 INFO  : 'fpga -state' command is executed.
21:51:34 INFO  : Connected to target on host '127.0.0.1' and port '3121'.
21:51:34 INFO  : Jtag cable 'Digilent Basys3 210183B82211A' is selected.
21:51:34 INFO  : 'jtag frequency' command is executed.
21:51:34 INFO  : 'configparams mdm-detect-bscan-mask 2' command is executed.
21:51:34 INFO  : Context for processor 'microblaze_0' is selected.
21:51:34 INFO  : Processor reset is completed for 'microblaze_0'.
21:51:34 INFO  : Context for processor 'microblaze_0' is selected.
21:51:34 INFO  : The application 'C:/Users/Nathan/Desktop/cs152b/cs152b/final_project/final_project.sdk/final_project/Debug/final_project.elf' is downloaded to processor 'microblaze_0'.
21:51:34 INFO  : ----------------XSDB Script----------------
connect -url tcp:127.0.0.1:3121
configparams mdm-detect-bscan-mask 2
targets -set -nocase -filter {name =~ "microblaze*#0" && bscan=="USER2"  && jtag_cable_name =~ "Digilent Basys3 210183B82211A"} -index 0
rst -processor
targets -set -nocase -filter {name =~ "microblaze*#0" && bscan=="USER2"  && jtag_cable_name =~ "Digilent Basys3 210183B82211A"} -index 0
dow C:/Users/Nathan/Desktop/cs152b/cs152b/final_project/final_project.sdk/final_project/Debug/final_project.elf
----------------End of Script----------------

21:51:34 INFO  : Memory regions updated for context MicroBlaze #0
21:51:34 INFO  : Memory regions updated for context MicroBlaze #0
21:51:34 INFO  : Context for processor 'microblaze_0' is selected.
21:51:34 INFO  : 'con' command is executed.
21:51:34 INFO  : ----------------XSDB Script (After Launch)----------------
targets -set -nocase -filter {name =~ "microblaze*#0" && bscan=="USER2"  && jtag_cable_name =~ "Digilent Basys3 210183B82211A"} -index 0
con
----------------End of Script----------------

21:51:34 INFO  : Launch script is exported to file 'C:\Users\Nathan\Desktop\cs152b\cs152b\final_project\final_project.sdk\.sdk\launch_scripts\xilinx_c-c++_application_(system_debugger)\system_debugger_using_debug_final_project.elf_on_local_(1).tcl'
21:52:00 INFO  : Disconnected from the channel tcfchan#15.
21:52:01 INFO  : 'targets -set -filter {jtag_cable_name =~ "Digilent Basys3 210183B82211A" && level==0} -index 0' command is executed.
21:52:01 INFO  : 'fpga -state' command is executed.
21:52:01 INFO  : Connected to target on host '127.0.0.1' and port '3121'.
21:52:01 INFO  : Jtag cable 'Digilent Basys3 210183B82211A' is selected.
21:52:01 INFO  : 'jtag frequency' command is executed.
21:52:01 INFO  : 'configparams mdm-detect-bscan-mask 2' command is executed.
21:52:02 INFO  : Context for processor 'microblaze_0' is selected.
21:52:02 INFO  : Processor reset is completed for 'microblaze_0'.
21:52:02 INFO  : Context for processor 'microblaze_0' is selected.
21:52:02 INFO  : The application 'C:/Users/Nathan/Desktop/cs152b/cs152b/final_project/final_project.sdk/final_project/Debug/final_project.elf' is downloaded to processor 'microblaze_0'.
21:52:02 INFO  : ----------------XSDB Script----------------
connect -url tcp:127.0.0.1:3121
configparams mdm-detect-bscan-mask 2
targets -set -nocase -filter {name =~ "microblaze*#0" && bscan=="USER2"  && jtag_cable_name =~ "Digilent Basys3 210183B82211A"} -index 0
rst -processor
targets -set -nocase -filter {name =~ "microblaze*#0" && bscan=="USER2"  && jtag_cable_name =~ "Digilent Basys3 210183B82211A"} -index 0
dow C:/Users/Nathan/Desktop/cs152b/cs152b/final_project/final_project.sdk/final_project/Debug/final_project.elf
----------------End of Script----------------

21:52:02 INFO  : Memory regions updated for context MicroBlaze #0
21:52:02 INFO  : Memory regions updated for context MicroBlaze #0
21:52:02 INFO  : Context for processor 'microblaze_0' is selected.
21:52:02 INFO  : 'con' command is executed.
21:52:02 INFO  : ----------------XSDB Script (After Launch)----------------
targets -set -nocase -filter {name =~ "microblaze*#0" && bscan=="USER2"  && jtag_cable_name =~ "Digilent Basys3 210183B82211A"} -index 0
con
----------------End of Script----------------

21:52:02 INFO  : Launch script is exported to file 'C:\Users\Nathan\Desktop\cs152b\cs152b\final_project\final_project.sdk\.sdk\launch_scripts\xilinx_c-c++_application_(system_debugger)\system_debugger_using_debug_final_project.elf_on_local_(1).tcl'
21:52:15 INFO  : Disconnected from the channel tcfchan#16.
21:52:16 INFO  : 'targets -set -filter {jtag_cable_name =~ "Digilent Basys3 210183B82211A" && level==0} -index 0' command is executed.
21:52:16 INFO  : 'fpga -state' command is executed.
21:52:16 INFO  : Connected to target on host '127.0.0.1' and port '3121'.
21:52:16 INFO  : Jtag cable 'Digilent Basys3 210183B82211A' is selected.
21:52:16 INFO  : 'jtag frequency' command is executed.
21:52:16 INFO  : 'configparams mdm-detect-bscan-mask 2' command is executed.
21:52:16 INFO  : Context for processor 'microblaze_0' is selected.
21:52:16 INFO  : Processor reset is completed for 'microblaze_0'.
21:52:16 INFO  : Context for processor 'microblaze_0' is selected.
21:52:16 INFO  : The application 'C:/Users/Nathan/Desktop/cs152b/cs152b/final_project/final_project.sdk/final_project/Debug/final_project.elf' is downloaded to processor 'microblaze_0'.
21:52:16 INFO  : ----------------XSDB Script----------------
connect -url tcp:127.0.0.1:3121
configparams mdm-detect-bscan-mask 2
targets -set -nocase -filter {name =~ "microblaze*#0" && bscan=="USER2"  && jtag_cable_name =~ "Digilent Basys3 210183B82211A"} -index 0
rst -processor
targets -set -nocase -filter {name =~ "microblaze*#0" && bscan=="USER2"  && jtag_cable_name =~ "Digilent Basys3 210183B82211A"} -index 0
dow C:/Users/Nathan/Desktop/cs152b/cs152b/final_project/final_project.sdk/final_project/Debug/final_project.elf
----------------End of Script----------------

21:52:17 INFO  : Memory regions updated for context MicroBlaze #0
21:52:17 INFO  : Memory regions updated for context MicroBlaze #0
21:52:17 INFO  : Context for processor 'microblaze_0' is selected.
21:52:17 INFO  : 'con' command is executed.
21:52:17 INFO  : ----------------XSDB Script (After Launch)----------------
targets -set -nocase -filter {name =~ "microblaze*#0" && bscan=="USER2"  && jtag_cable_name =~ "Digilent Basys3 210183B82211A"} -index 0
con
----------------End of Script----------------

21:52:17 INFO  : Launch script is exported to file 'C:\Users\Nathan\Desktop\cs152b\cs152b\final_project\final_project.sdk\.sdk\launch_scripts\xilinx_c-c++_application_(system_debugger)\system_debugger_using_debug_final_project.elf_on_local_(1).tcl'
21:53:05 INFO  : Disconnected from the channel tcfchan#17.
21:53:06 INFO  : 'targets -set -filter {jtag_cable_name =~ "Digilent Basys3 210183B82211A" && level==0} -index 0' command is executed.
21:53:06 INFO  : 'fpga -state' command is executed.
21:53:06 INFO  : Connected to target on host '127.0.0.1' and port '3121'.
21:53:06 INFO  : Jtag cable 'Digilent Basys3 210183B82211A' is selected.
21:53:06 INFO  : 'jtag frequency' command is executed.
21:53:06 INFO  : 'configparams mdm-detect-bscan-mask 2' command is executed.
21:53:06 INFO  : Context for processor 'microblaze_0' is selected.
21:53:06 INFO  : Processor reset is completed for 'microblaze_0'.
21:53:06 INFO  : Context for processor 'microblaze_0' is selected.
21:53:06 INFO  : The application 'C:/Users/Nathan/Desktop/cs152b/cs152b/final_project/final_project.sdk/final_project/Debug/final_project.elf' is downloaded to processor 'microblaze_0'.
21:53:06 INFO  : ----------------XSDB Script----------------
connect -url tcp:127.0.0.1:3121
configparams mdm-detect-bscan-mask 2
targets -set -nocase -filter {name =~ "microblaze*#0" && bscan=="USER2"  && jtag_cable_name =~ "Digilent Basys3 210183B82211A"} -index 0
rst -processor
targets -set -nocase -filter {name =~ "microblaze*#0" && bscan=="USER2"  && jtag_cable_name =~ "Digilent Basys3 210183B82211A"} -index 0
dow C:/Users/Nathan/Desktop/cs152b/cs152b/final_project/final_project.sdk/final_project/Debug/final_project.elf
----------------End of Script----------------

21:53:06 INFO  : Memory regions updated for context MicroBlaze #0
21:53:06 INFO  : Memory regions updated for context MicroBlaze #0
21:53:06 INFO  : Context for processor 'microblaze_0' is selected.
21:53:06 INFO  : 'con' command is executed.
21:53:06 INFO  : ----------------XSDB Script (After Launch)----------------
targets -set -nocase -filter {name =~ "microblaze*#0" && bscan=="USER2"  && jtag_cable_name =~ "Digilent Basys3 210183B82211A"} -index 0
con
----------------End of Script----------------

21:53:06 INFO  : Launch script is exported to file 'C:\Users\Nathan\Desktop\cs152b\cs152b\final_project\final_project.sdk\.sdk\launch_scripts\xilinx_c-c++_application_(system_debugger)\system_debugger_using_debug_final_project.elf_on_local_(1).tcl'
21:53:36 INFO  : Disconnected from the channel tcfchan#18.
21:53:37 INFO  : 'targets -set -filter {jtag_cable_name =~ "Digilent Basys3 210183B82211A" && level==0} -index 0' command is executed.
21:53:37 INFO  : 'fpga -state' command is executed.
21:53:37 INFO  : Connected to target on host '127.0.0.1' and port '3121'.
21:53:37 INFO  : Jtag cable 'Digilent Basys3 210183B82211A' is selected.
21:53:37 INFO  : 'jtag frequency' command is executed.
21:53:37 INFO  : 'configparams mdm-detect-bscan-mask 2' command is executed.
21:53:37 INFO  : Context for processor 'microblaze_0' is selected.
21:53:37 INFO  : Processor reset is completed for 'microblaze_0'.
21:53:37 INFO  : Context for processor 'microblaze_0' is selected.
21:53:37 INFO  : The application 'C:/Users/Nathan/Desktop/cs152b/cs152b/final_project/final_project.sdk/final_project/Debug/final_project.elf' is downloaded to processor 'microblaze_0'.
21:53:37 INFO  : ----------------XSDB Script----------------
connect -url tcp:127.0.0.1:3121
configparams mdm-detect-bscan-mask 2
targets -set -nocase -filter {name =~ "microblaze*#0" && bscan=="USER2"  && jtag_cable_name =~ "Digilent Basys3 210183B82211A"} -index 0
rst -processor
targets -set -nocase -filter {name =~ "microblaze*#0" && bscan=="USER2"  && jtag_cable_name =~ "Digilent Basys3 210183B82211A"} -index 0
dow C:/Users/Nathan/Desktop/cs152b/cs152b/final_project/final_project.sdk/final_project/Debug/final_project.elf
----------------End of Script----------------

21:53:37 INFO  : Memory regions updated for context MicroBlaze #0
21:53:37 INFO  : Memory regions updated for context MicroBlaze #0
21:53:37 INFO  : Context for processor 'microblaze_0' is selected.
21:53:37 INFO  : 'con' command is executed.
21:53:37 INFO  : ----------------XSDB Script (After Launch)----------------
targets -set -nocase -filter {name =~ "microblaze*#0" && bscan=="USER2"  && jtag_cable_name =~ "Digilent Basys3 210183B82211A"} -index 0
con
----------------End of Script----------------

21:53:37 INFO  : Launch script is exported to file 'C:\Users\Nathan\Desktop\cs152b\cs152b\final_project\final_project.sdk\.sdk\launch_scripts\xilinx_c-c++_application_(system_debugger)\system_debugger_using_debug_final_project.elf_on_local_(1).tcl'
21:54:17 INFO  : Disconnected from the channel tcfchan#19.
21:54:18 INFO  : 'targets -set -filter {jtag_cable_name =~ "Digilent Basys3 210183B82211A" && level==0} -index 0' command is executed.
21:54:18 INFO  : 'fpga -state' command is executed.
21:54:18 INFO  : Connected to target on host '127.0.0.1' and port '3121'.
21:54:18 INFO  : Jtag cable 'Digilent Basys3 210183B82211A' is selected.
21:54:18 INFO  : 'jtag frequency' command is executed.
21:54:18 INFO  : 'configparams mdm-detect-bscan-mask 2' command is executed.
21:54:18 INFO  : Context for processor 'microblaze_0' is selected.
21:54:18 INFO  : Processor reset is completed for 'microblaze_0'.
21:54:18 INFO  : Context for processor 'microblaze_0' is selected.
21:54:18 INFO  : The application 'C:/Users/Nathan/Desktop/cs152b/cs152b/final_project/final_project.sdk/final_project/Debug/final_project.elf' is downloaded to processor 'microblaze_0'.
21:54:18 INFO  : ----------------XSDB Script----------------
connect -url tcp:127.0.0.1:3121
configparams mdm-detect-bscan-mask 2
targets -set -nocase -filter {name =~ "microblaze*#0" && bscan=="USER2"  && jtag_cable_name =~ "Digilent Basys3 210183B82211A"} -index 0
rst -processor
targets -set -nocase -filter {name =~ "microblaze*#0" && bscan=="USER2"  && jtag_cable_name =~ "Digilent Basys3 210183B82211A"} -index 0
dow C:/Users/Nathan/Desktop/cs152b/cs152b/final_project/final_project.sdk/final_project/Debug/final_project.elf
----------------End of Script----------------

21:54:18 INFO  : Memory regions updated for context MicroBlaze #0
21:54:18 INFO  : Memory regions updated for context MicroBlaze #0
21:54:18 INFO  : Context for processor 'microblaze_0' is selected.
21:54:18 INFO  : 'con' command is executed.
21:54:18 INFO  : ----------------XSDB Script (After Launch)----------------
targets -set -nocase -filter {name =~ "microblaze*#0" && bscan=="USER2"  && jtag_cable_name =~ "Digilent Basys3 210183B82211A"} -index 0
con
----------------End of Script----------------

21:54:18 INFO  : Launch script is exported to file 'C:\Users\Nathan\Desktop\cs152b\cs152b\final_project\final_project.sdk\.sdk\launch_scripts\xilinx_c-c++_application_(system_debugger)\system_debugger_using_debug_final_project.elf_on_local_(1).tcl'
21:57:56 INFO  : Disconnected from the channel tcfchan#20.
21:57:57 INFO  : 'targets -set -filter {jtag_cable_name =~ "Digilent Basys3 210183B82211A" && level==0} -index 0' command is executed.
21:57:57 INFO  : 'fpga -state' command is executed.
21:57:57 INFO  : Connected to target on host '127.0.0.1' and port '3121'.
21:57:57 INFO  : Jtag cable 'Digilent Basys3 210183B82211A' is selected.
21:57:57 INFO  : 'jtag frequency' command is executed.
21:57:57 INFO  : 'configparams mdm-detect-bscan-mask 2' command is executed.
21:57:57 INFO  : Context for processor 'microblaze_0' is selected.
21:57:57 INFO  : Processor reset is completed for 'microblaze_0'.
21:57:57 INFO  : Context for processor 'microblaze_0' is selected.
21:57:57 INFO  : The application 'C:/Users/Nathan/Desktop/cs152b/cs152b/final_project/final_project.sdk/final_project/Debug/final_project.elf' is downloaded to processor 'microblaze_0'.
21:57:57 INFO  : ----------------XSDB Script----------------
connect -url tcp:127.0.0.1:3121
configparams mdm-detect-bscan-mask 2
targets -set -nocase -filter {name =~ "microblaze*#0" && bscan=="USER2"  && jtag_cable_name =~ "Digilent Basys3 210183B82211A"} -index 0
rst -processor
targets -set -nocase -filter {name =~ "microblaze*#0" && bscan=="USER2"  && jtag_cable_name =~ "Digilent Basys3 210183B82211A"} -index 0
dow C:/Users/Nathan/Desktop/cs152b/cs152b/final_project/final_project.sdk/final_project/Debug/final_project.elf
----------------End of Script----------------

21:57:58 INFO  : Memory regions updated for context MicroBlaze #0
21:57:58 INFO  : Memory regions updated for context MicroBlaze #0
21:57:58 INFO  : Context for processor 'microblaze_0' is selected.
21:57:58 INFO  : 'con' command is executed.
21:57:58 INFO  : ----------------XSDB Script (After Launch)----------------
targets -set -nocase -filter {name =~ "microblaze*#0" && bscan=="USER2"  && jtag_cable_name =~ "Digilent Basys3 210183B82211A"} -index 0
con
----------------End of Script----------------

21:57:58 INFO  : Launch script is exported to file 'C:\Users\Nathan\Desktop\cs152b\cs152b\final_project\final_project.sdk\.sdk\launch_scripts\xilinx_c-c++_application_(system_debugger)\system_debugger_using_debug_final_project.elf_on_local_(1).tcl'
22:00:54 INFO  : Disconnected from the channel tcfchan#21.
22:00:55 INFO  : 'targets -set -filter {jtag_cable_name =~ "Digilent Basys3 210183B82211A" && level==0} -index 0' command is executed.
22:00:56 INFO  : 'fpga -state' command is executed.
22:00:56 INFO  : Connected to target on host '127.0.0.1' and port '3121'.
22:00:56 INFO  : Jtag cable 'Digilent Basys3 210183B82211A' is selected.
22:00:56 INFO  : 'jtag frequency' command is executed.
22:00:56 INFO  : 'configparams mdm-detect-bscan-mask 2' command is executed.
22:00:56 INFO  : Context for processor 'microblaze_0' is selected.
22:00:56 INFO  : Processor reset is completed for 'microblaze_0'.
22:00:56 INFO  : Context for processor 'microblaze_0' is selected.
22:00:56 INFO  : The application 'C:/Users/Nathan/Desktop/cs152b/cs152b/final_project/final_project.sdk/final_project/Debug/final_project.elf' is downloaded to processor 'microblaze_0'.
22:00:56 INFO  : ----------------XSDB Script----------------
connect -url tcp:127.0.0.1:3121
configparams mdm-detect-bscan-mask 2
targets -set -nocase -filter {name =~ "microblaze*#0" && bscan=="USER2"  && jtag_cable_name =~ "Digilent Basys3 210183B82211A"} -index 0
rst -processor
targets -set -nocase -filter {name =~ "microblaze*#0" && bscan=="USER2"  && jtag_cable_name =~ "Digilent Basys3 210183B82211A"} -index 0
dow C:/Users/Nathan/Desktop/cs152b/cs152b/final_project/final_project.sdk/final_project/Debug/final_project.elf
----------------End of Script----------------

22:00:56 INFO  : Memory regions updated for context MicroBlaze #0
22:00:56 INFO  : Memory regions updated for context MicroBlaze #0
22:00:56 INFO  : Context for processor 'microblaze_0' is selected.
22:00:56 INFO  : 'con' command is executed.
22:00:56 INFO  : ----------------XSDB Script (After Launch)----------------
targets -set -nocase -filter {name =~ "microblaze*#0" && bscan=="USER2"  && jtag_cable_name =~ "Digilent Basys3 210183B82211A"} -index 0
con
----------------End of Script----------------

22:00:56 INFO  : Launch script is exported to file 'C:\Users\Nathan\Desktop\cs152b\cs152b\final_project\final_project.sdk\.sdk\launch_scripts\xilinx_c-c++_application_(system_debugger)\system_debugger_using_debug_final_project.elf_on_local_(1).tcl'
22:01:58 INFO  : Disconnected from the channel tcfchan#22.
22:01:59 INFO  : 'targets -set -filter {jtag_cable_name =~ "Digilent Basys3 210183B82211A" && level==0} -index 0' command is executed.
22:01:59 INFO  : 'fpga -state' command is executed.
22:01:59 INFO  : Connected to target on host '127.0.0.1' and port '3121'.
22:01:59 INFO  : Jtag cable 'Digilent Basys3 210183B82211A' is selected.
22:01:59 INFO  : 'jtag frequency' command is executed.
22:01:59 INFO  : 'configparams mdm-detect-bscan-mask 2' command is executed.
22:01:59 INFO  : Context for processor 'microblaze_0' is selected.
22:01:59 INFO  : Processor reset is completed for 'microblaze_0'.
22:01:59 INFO  : Context for processor 'microblaze_0' is selected.
22:01:59 INFO  : The application 'C:/Users/Nathan/Desktop/cs152b/cs152b/final_project/final_project.sdk/final_project/Debug/final_project.elf' is downloaded to processor 'microblaze_0'.
22:01:59 INFO  : ----------------XSDB Script----------------
connect -url tcp:127.0.0.1:3121
configparams mdm-detect-bscan-mask 2
targets -set -nocase -filter {name =~ "microblaze*#0" && bscan=="USER2"  && jtag_cable_name =~ "Digilent Basys3 210183B82211A"} -index 0
rst -processor
targets -set -nocase -filter {name =~ "microblaze*#0" && bscan=="USER2"  && jtag_cable_name =~ "Digilent Basys3 210183B82211A"} -index 0
dow C:/Users/Nathan/Desktop/cs152b/cs152b/final_project/final_project.sdk/final_project/Debug/final_project.elf
----------------End of Script----------------

22:01:59 INFO  : Memory regions updated for context MicroBlaze #0
22:01:59 INFO  : Memory regions updated for context MicroBlaze #0
22:01:59 INFO  : Context for processor 'microblaze_0' is selected.
22:01:59 INFO  : 'con' command is executed.
22:01:59 INFO  : ----------------XSDB Script (After Launch)----------------
targets -set -nocase -filter {name =~ "microblaze*#0" && bscan=="USER2"  && jtag_cable_name =~ "Digilent Basys3 210183B82211A"} -index 0
con
----------------End of Script----------------

22:01:59 INFO  : Launch script is exported to file 'C:\Users\Nathan\Desktop\cs152b\cs152b\final_project\final_project.sdk\.sdk\launch_scripts\xilinx_c-c++_application_(system_debugger)\system_debugger_using_debug_final_project.elf_on_local_(1).tcl'
22:05:56 INFO  : Disconnected from the channel tcfchan#23.
22:05:57 INFO  : 'targets -set -filter {jtag_cable_name =~ "Digilent Basys3 210183B82211A" && level==0} -index 0' command is executed.
22:05:57 INFO  : 'fpga -state' command is executed.
22:05:57 INFO  : Connected to target on host '127.0.0.1' and port '3121'.
22:05:58 INFO  : Jtag cable 'Digilent Basys3 210183B82211A' is selected.
22:05:58 INFO  : 'jtag frequency' command is executed.
22:05:58 INFO  : 'configparams mdm-detect-bscan-mask 2' command is executed.
22:05:58 INFO  : Context for processor 'microblaze_0' is selected.
22:05:58 INFO  : Processor reset is completed for 'microblaze_0'.
22:05:58 INFO  : Context for processor 'microblaze_0' is selected.
22:05:58 INFO  : The application 'C:/Users/Nathan/Desktop/cs152b/cs152b/final_project/final_project.sdk/final_project/Debug/final_project.elf' is downloaded to processor 'microblaze_0'.
22:05:58 INFO  : ----------------XSDB Script----------------
connect -url tcp:127.0.0.1:3121
configparams mdm-detect-bscan-mask 2
targets -set -nocase -filter {name =~ "microblaze*#0" && bscan=="USER2"  && jtag_cable_name =~ "Digilent Basys3 210183B82211A"} -index 0
rst -processor
targets -set -nocase -filter {name =~ "microblaze*#0" && bscan=="USER2"  && jtag_cable_name =~ "Digilent Basys3 210183B82211A"} -index 0
dow C:/Users/Nathan/Desktop/cs152b/cs152b/final_project/final_project.sdk/final_project/Debug/final_project.elf
----------------End of Script----------------

22:05:58 INFO  : Memory regions updated for context MicroBlaze #0
22:05:58 INFO  : Memory regions updated for context MicroBlaze #0
22:05:58 INFO  : Context for processor 'microblaze_0' is selected.
22:05:58 INFO  : 'con' command is executed.
22:05:58 INFO  : ----------------XSDB Script (After Launch)----------------
targets -set -nocase -filter {name =~ "microblaze*#0" && bscan=="USER2"  && jtag_cable_name =~ "Digilent Basys3 210183B82211A"} -index 0
con
----------------End of Script----------------

22:05:58 INFO  : Launch script is exported to file 'C:\Users\Nathan\Desktop\cs152b\cs152b\final_project\final_project.sdk\.sdk\launch_scripts\xilinx_c-c++_application_(system_debugger)\system_debugger_using_debug_final_project.elf_on_local_(1).tcl'
22:19:53 INFO  : Disconnected from the channel tcfchan#24.
22:19:54 INFO  : 'targets -set -filter {jtag_cable_name =~ "Digilent Basys3 210183B82211A" && level==0} -index 0' command is executed.
22:19:54 INFO  : 'fpga -state' command is executed.
22:19:54 INFO  : Connected to target on host '127.0.0.1' and port '3121'.
22:19:54 INFO  : Jtag cable 'Digilent Basys3 210183B82211A' is selected.
22:19:54 INFO  : 'jtag frequency' command is executed.
22:19:54 INFO  : 'configparams mdm-detect-bscan-mask 2' command is executed.
22:19:54 INFO  : Context for processor 'microblaze_0' is selected.
22:19:54 INFO  : Processor reset is completed for 'microblaze_0'.
22:19:54 INFO  : Context for processor 'microblaze_0' is selected.
22:19:54 INFO  : The application 'C:/Users/Nathan/Desktop/cs152b/cs152b/final_project/final_project.sdk/final_project/Debug/final_project.elf' is downloaded to processor 'microblaze_0'.
22:19:54 INFO  : ----------------XSDB Script----------------
connect -url tcp:127.0.0.1:3121
configparams mdm-detect-bscan-mask 2
targets -set -nocase -filter {name =~ "microblaze*#0" && bscan=="USER2"  && jtag_cable_name =~ "Digilent Basys3 210183B82211A"} -index 0
rst -processor
targets -set -nocase -filter {name =~ "microblaze*#0" && bscan=="USER2"  && jtag_cable_name =~ "Digilent Basys3 210183B82211A"} -index 0
dow C:/Users/Nathan/Desktop/cs152b/cs152b/final_project/final_project.sdk/final_project/Debug/final_project.elf
----------------End of Script----------------

22:19:54 INFO  : Memory regions updated for context MicroBlaze #0
22:19:54 INFO  : Memory regions updated for context MicroBlaze #0
22:19:54 INFO  : Context for processor 'microblaze_0' is selected.
22:19:54 INFO  : 'con' command is executed.
22:19:54 INFO  : ----------------XSDB Script (After Launch)----------------
targets -set -nocase -filter {name =~ "microblaze*#0" && bscan=="USER2"  && jtag_cable_name =~ "Digilent Basys3 210183B82211A"} -index 0
con
----------------End of Script----------------

22:19:54 INFO  : Launch script is exported to file 'C:\Users\Nathan\Desktop\cs152b\cs152b\final_project\final_project.sdk\.sdk\launch_scripts\xilinx_c-c++_application_(system_debugger)\system_debugger_using_debug_final_project.elf_on_local_(1).tcl'
22:20:43 INFO  : Disconnected from the channel tcfchan#25.
22:20:44 INFO  : 'targets -set -filter {jtag_cable_name =~ "Digilent Basys3 210183B82211A" && level==0} -index 0' command is executed.
22:20:44 INFO  : 'fpga -state' command is executed.
22:20:44 INFO  : Connected to target on host '127.0.0.1' and port '3121'.
22:20:44 INFO  : Jtag cable 'Digilent Basys3 210183B82211A' is selected.
22:20:44 INFO  : 'jtag frequency' command is executed.
22:20:44 INFO  : 'configparams mdm-detect-bscan-mask 2' command is executed.
22:20:44 INFO  : Context for processor 'microblaze_0' is selected.
22:20:44 INFO  : Processor reset is completed for 'microblaze_0'.
22:20:44 INFO  : Context for processor 'microblaze_0' is selected.
22:20:44 INFO  : The application 'C:/Users/Nathan/Desktop/cs152b/cs152b/final_project/final_project.sdk/final_project/Debug/final_project.elf' is downloaded to processor 'microblaze_0'.
22:20:44 INFO  : ----------------XSDB Script----------------
connect -url tcp:127.0.0.1:3121
configparams mdm-detect-bscan-mask 2
targets -set -nocase -filter {name =~ "microblaze*#0" && bscan=="USER2"  && jtag_cable_name =~ "Digilent Basys3 210183B82211A"} -index 0
rst -processor
targets -set -nocase -filter {name =~ "microblaze*#0" && bscan=="USER2"  && jtag_cable_name =~ "Digilent Basys3 210183B82211A"} -index 0
dow C:/Users/Nathan/Desktop/cs152b/cs152b/final_project/final_project.sdk/final_project/Debug/final_project.elf
----------------End of Script----------------

22:20:44 INFO  : Memory regions updated for context MicroBlaze #0
22:20:44 INFO  : Memory regions updated for context MicroBlaze #0
22:20:44 INFO  : Context for processor 'microblaze_0' is selected.
22:20:44 INFO  : 'con' command is executed.
22:20:44 INFO  : ----------------XSDB Script (After Launch)----------------
targets -set -nocase -filter {name =~ "microblaze*#0" && bscan=="USER2"  && jtag_cable_name =~ "Digilent Basys3 210183B82211A"} -index 0
con
----------------End of Script----------------

22:20:44 INFO  : Launch script is exported to file 'C:\Users\Nathan\Desktop\cs152b\cs152b\final_project\final_project.sdk\.sdk\launch_scripts\xilinx_c-c++_application_(system_debugger)\system_debugger_using_debug_final_project.elf_on_local_(1).tcl'
22:21:48 INFO  : Disconnected from the channel tcfchan#26.
22:21:49 INFO  : 'targets -set -filter {jtag_cable_name =~ "Digilent Basys3 210183B82211A" && level==0} -index 0' command is executed.
22:21:49 INFO  : 'fpga -state' command is executed.
22:21:49 INFO  : Connected to target on host '127.0.0.1' and port '3121'.
22:21:50 INFO  : Jtag cable 'Digilent Basys3 210183B82211A' is selected.
22:21:50 INFO  : 'jtag frequency' command is executed.
22:21:50 INFO  : 'configparams mdm-detect-bscan-mask 2' command is executed.
22:21:50 INFO  : Context for processor 'microblaze_0' is selected.
22:21:50 INFO  : Processor reset is completed for 'microblaze_0'.
22:21:50 INFO  : Context for processor 'microblaze_0' is selected.
22:21:50 INFO  : The application 'C:/Users/Nathan/Desktop/cs152b/cs152b/final_project/final_project.sdk/final_project/Debug/final_project.elf' is downloaded to processor 'microblaze_0'.
22:21:50 INFO  : ----------------XSDB Script----------------
connect -url tcp:127.0.0.1:3121
configparams mdm-detect-bscan-mask 2
targets -set -nocase -filter {name =~ "microblaze*#0" && bscan=="USER2"  && jtag_cable_name =~ "Digilent Basys3 210183B82211A"} -index 0
rst -processor
targets -set -nocase -filter {name =~ "microblaze*#0" && bscan=="USER2"  && jtag_cable_name =~ "Digilent Basys3 210183B82211A"} -index 0
dow C:/Users/Nathan/Desktop/cs152b/cs152b/final_project/final_project.sdk/final_project/Debug/final_project.elf
----------------End of Script----------------

22:21:50 INFO  : Memory regions updated for context MicroBlaze #0
22:21:50 INFO  : Memory regions updated for context MicroBlaze #0
22:21:50 INFO  : Context for processor 'microblaze_0' is selected.
22:21:50 INFO  : 'con' command is executed.
22:21:50 INFO  : ----------------XSDB Script (After Launch)----------------
targets -set -nocase -filter {name =~ "microblaze*#0" && bscan=="USER2"  && jtag_cable_name =~ "Digilent Basys3 210183B82211A"} -index 0
con
----------------End of Script----------------

22:21:50 INFO  : Launch script is exported to file 'C:\Users\Nathan\Desktop\cs152b\cs152b\final_project\final_project.sdk\.sdk\launch_scripts\xilinx_c-c++_application_(system_debugger)\system_debugger_using_debug_final_project.elf_on_local_(1).tcl'
22:24:28 INFO  : Disconnected from the channel tcfchan#27.
22:24:29 INFO  : 'targets -set -filter {jtag_cable_name =~ "Digilent Basys3 210183B82211A" && level==0} -index 0' command is executed.
22:24:29 INFO  : 'fpga -state' command is executed.
22:24:29 INFO  : Connected to target on host '127.0.0.1' and port '3121'.
22:24:29 INFO  : Jtag cable 'Digilent Basys3 210183B82211A' is selected.
22:24:29 INFO  : 'jtag frequency' command is executed.
22:24:29 INFO  : 'configparams mdm-detect-bscan-mask 2' command is executed.
22:24:29 INFO  : Context for processor 'microblaze_0' is selected.
22:24:29 INFO  : Processor reset is completed for 'microblaze_0'.
22:24:29 INFO  : Context for processor 'microblaze_0' is selected.
22:24:29 INFO  : The application 'C:/Users/Nathan/Desktop/cs152b/cs152b/final_project/final_project.sdk/final_project/Debug/final_project.elf' is downloaded to processor 'microblaze_0'.
22:24:29 INFO  : ----------------XSDB Script----------------
connect -url tcp:127.0.0.1:3121
configparams mdm-detect-bscan-mask 2
targets -set -nocase -filter {name =~ "microblaze*#0" && bscan=="USER2"  && jtag_cable_name =~ "Digilent Basys3 210183B82211A"} -index 0
rst -processor
targets -set -nocase -filter {name =~ "microblaze*#0" && bscan=="USER2"  && jtag_cable_name =~ "Digilent Basys3 210183B82211A"} -index 0
dow C:/Users/Nathan/Desktop/cs152b/cs152b/final_project/final_project.sdk/final_project/Debug/final_project.elf
----------------End of Script----------------

22:24:29 INFO  : Memory regions updated for context MicroBlaze #0
22:24:29 INFO  : Memory regions updated for context MicroBlaze #0
22:24:29 INFO  : Context for processor 'microblaze_0' is selected.
22:24:29 INFO  : 'con' command is executed.
22:24:29 INFO  : ----------------XSDB Script (After Launch)----------------
targets -set -nocase -filter {name =~ "microblaze*#0" && bscan=="USER2"  && jtag_cable_name =~ "Digilent Basys3 210183B82211A"} -index 0
con
----------------End of Script----------------

22:24:29 INFO  : Launch script is exported to file 'C:\Users\Nathan\Desktop\cs152b\cs152b\final_project\final_project.sdk\.sdk\launch_scripts\xilinx_c-c++_application_(system_debugger)\system_debugger_using_debug_final_project.elf_on_local_(1).tcl'
22:26:41 INFO  : Disconnected from the channel tcfchan#28.
22:26:42 INFO  : 'targets -set -filter {jtag_cable_name =~ "Digilent Basys3 210183B82211A" && level==0} -index 0' command is executed.
22:26:42 INFO  : 'fpga -state' command is executed.
22:26:42 INFO  : Connected to target on host '127.0.0.1' and port '3121'.
22:26:42 INFO  : Jtag cable 'Digilent Basys3 210183B82211A' is selected.
22:26:42 INFO  : 'jtag frequency' command is executed.
22:26:42 INFO  : 'configparams mdm-detect-bscan-mask 2' command is executed.
22:26:42 INFO  : Context for processor 'microblaze_0' is selected.
22:26:42 INFO  : Processor reset is completed for 'microblaze_0'.
22:26:42 INFO  : Context for processor 'microblaze_0' is selected.
22:26:42 INFO  : The application 'C:/Users/Nathan/Desktop/cs152b/cs152b/final_project/final_project.sdk/final_project/Debug/final_project.elf' is downloaded to processor 'microblaze_0'.
22:26:42 INFO  : ----------------XSDB Script----------------
connect -url tcp:127.0.0.1:3121
configparams mdm-detect-bscan-mask 2
targets -set -nocase -filter {name =~ "microblaze*#0" && bscan=="USER2"  && jtag_cable_name =~ "Digilent Basys3 210183B82211A"} -index 0
rst -processor
targets -set -nocase -filter {name =~ "microblaze*#0" && bscan=="USER2"  && jtag_cable_name =~ "Digilent Basys3 210183B82211A"} -index 0
dow C:/Users/Nathan/Desktop/cs152b/cs152b/final_project/final_project.sdk/final_project/Debug/final_project.elf
----------------End of Script----------------

22:26:42 INFO  : Memory regions updated for context MicroBlaze #0
22:26:42 INFO  : Memory regions updated for context MicroBlaze #0
22:26:42 INFO  : Context for processor 'microblaze_0' is selected.
22:26:42 INFO  : 'con' command is executed.
22:26:42 INFO  : ----------------XSDB Script (After Launch)----------------
targets -set -nocase -filter {name =~ "microblaze*#0" && bscan=="USER2"  && jtag_cable_name =~ "Digilent Basys3 210183B82211A"} -index 0
con
----------------End of Script----------------

22:26:42 INFO  : Launch script is exported to file 'C:\Users\Nathan\Desktop\cs152b\cs152b\final_project\final_project.sdk\.sdk\launch_scripts\xilinx_c-c++_application_(system_debugger)\system_debugger_using_debug_final_project.elf_on_local_(1).tcl'
22:26:53 INFO  : Disconnected from the channel tcfchan#29.
22:26:54 INFO  : 'targets -set -filter {jtag_cable_name =~ "Digilent Basys3 210183B82211A" && level==0} -index 0' command is executed.
22:26:54 INFO  : 'fpga -state' command is executed.
22:26:54 INFO  : Connected to target on host '127.0.0.1' and port '3121'.
22:26:54 INFO  : Jtag cable 'Digilent Basys3 210183B82211A' is selected.
22:26:54 INFO  : 'jtag frequency' command is executed.
22:26:54 INFO  : 'configparams mdm-detect-bscan-mask 2' command is executed.
22:26:54 INFO  : Context for processor 'microblaze_0' is selected.
22:26:54 INFO  : Processor reset is completed for 'microblaze_0'.
22:26:54 INFO  : Context for processor 'microblaze_0' is selected.
22:26:55 INFO  : The application 'C:/Users/Nathan/Desktop/cs152b/cs152b/final_project/final_project.sdk/final_project/Debug/final_project.elf' is downloaded to processor 'microblaze_0'.
22:26:55 INFO  : ----------------XSDB Script----------------
connect -url tcp:127.0.0.1:3121
configparams mdm-detect-bscan-mask 2
targets -set -nocase -filter {name =~ "microblaze*#0" && bscan=="USER2"  && jtag_cable_name =~ "Digilent Basys3 210183B82211A"} -index 0
rst -processor
targets -set -nocase -filter {name =~ "microblaze*#0" && bscan=="USER2"  && jtag_cable_name =~ "Digilent Basys3 210183B82211A"} -index 0
dow C:/Users/Nathan/Desktop/cs152b/cs152b/final_project/final_project.sdk/final_project/Debug/final_project.elf
----------------End of Script----------------

22:26:55 INFO  : Memory regions updated for context MicroBlaze #0
22:26:55 INFO  : Memory regions updated for context MicroBlaze #0
22:26:55 INFO  : Context for processor 'microblaze_0' is selected.
22:26:55 INFO  : 'con' command is executed.
22:26:55 INFO  : ----------------XSDB Script (After Launch)----------------
targets -set -nocase -filter {name =~ "microblaze*#0" && bscan=="USER2"  && jtag_cable_name =~ "Digilent Basys3 210183B82211A"} -index 0
con
----------------End of Script----------------

22:26:55 INFO  : Launch script is exported to file 'C:\Users\Nathan\Desktop\cs152b\cs152b\final_project\final_project.sdk\.sdk\launch_scripts\xilinx_c-c++_application_(system_debugger)\system_debugger_using_debug_final_project.elf_on_local_(1).tcl'
22:27:38 INFO  : Disconnected from the channel tcfchan#30.
22:27:39 INFO  : 'targets -set -filter {jtag_cable_name =~ "Digilent Basys3 210183B82211A" && level==0} -index 0' command is executed.
22:27:39 INFO  : 'fpga -state' command is executed.
22:27:39 INFO  : Connected to target on host '127.0.0.1' and port '3121'.
22:27:39 INFO  : Jtag cable 'Digilent Basys3 210183B82211A' is selected.
22:27:39 INFO  : 'jtag frequency' command is executed.
22:27:39 INFO  : 'configparams mdm-detect-bscan-mask 2' command is executed.
22:27:39 INFO  : Context for processor 'microblaze_0' is selected.
22:27:39 INFO  : Processor reset is completed for 'microblaze_0'.
22:27:39 INFO  : Context for processor 'microblaze_0' is selected.
22:27:40 INFO  : The application 'C:/Users/Nathan/Desktop/cs152b/cs152b/final_project/final_project.sdk/final_project/Debug/final_project.elf' is downloaded to processor 'microblaze_0'.
22:27:40 INFO  : ----------------XSDB Script----------------
connect -url tcp:127.0.0.1:3121
configparams mdm-detect-bscan-mask 2
targets -set -nocase -filter {name =~ "microblaze*#0" && bscan=="USER2"  && jtag_cable_name =~ "Digilent Basys3 210183B82211A"} -index 0
rst -processor
targets -set -nocase -filter {name =~ "microblaze*#0" && bscan=="USER2"  && jtag_cable_name =~ "Digilent Basys3 210183B82211A"} -index 0
dow C:/Users/Nathan/Desktop/cs152b/cs152b/final_project/final_project.sdk/final_project/Debug/final_project.elf
----------------End of Script----------------

22:27:40 INFO  : Memory regions updated for context MicroBlaze #0
22:27:40 INFO  : Memory regions updated for context MicroBlaze #0
22:27:40 INFO  : Context for processor 'microblaze_0' is selected.
22:27:40 INFO  : 'con' command is executed.
22:27:40 INFO  : ----------------XSDB Script (After Launch)----------------
targets -set -nocase -filter {name =~ "microblaze*#0" && bscan=="USER2"  && jtag_cable_name =~ "Digilent Basys3 210183B82211A"} -index 0
con
----------------End of Script----------------

22:27:40 INFO  : Launch script is exported to file 'C:\Users\Nathan\Desktop\cs152b\cs152b\final_project\final_project.sdk\.sdk\launch_scripts\xilinx_c-c++_application_(system_debugger)\system_debugger_using_debug_final_project.elf_on_local_(1).tcl'
22:27:48 INFO  : Disconnected from the channel tcfchan#31.
22:27:49 INFO  : 'targets -set -filter {jtag_cable_name =~ "Digilent Basys3 210183B82211A" && level==0} -index 0' command is executed.
22:27:49 INFO  : 'fpga -state' command is executed.
22:27:49 INFO  : Connected to target on host '127.0.0.1' and port '3121'.
22:27:49 INFO  : Jtag cable 'Digilent Basys3 210183B82211A' is selected.
22:27:49 INFO  : 'jtag frequency' command is executed.
22:27:49 INFO  : 'configparams mdm-detect-bscan-mask 2' command is executed.
22:27:49 INFO  : Context for processor 'microblaze_0' is selected.
22:27:49 INFO  : Processor reset is completed for 'microblaze_0'.
22:27:49 INFO  : Context for processor 'microblaze_0' is selected.
22:27:49 INFO  : The application 'C:/Users/Nathan/Desktop/cs152b/cs152b/final_project/final_project.sdk/final_project/Debug/final_project.elf' is downloaded to processor 'microblaze_0'.
22:27:49 INFO  : ----------------XSDB Script----------------
connect -url tcp:127.0.0.1:3121
configparams mdm-detect-bscan-mask 2
targets -set -nocase -filter {name =~ "microblaze*#0" && bscan=="USER2"  && jtag_cable_name =~ "Digilent Basys3 210183B82211A"} -index 0
rst -processor
targets -set -nocase -filter {name =~ "microblaze*#0" && bscan=="USER2"  && jtag_cable_name =~ "Digilent Basys3 210183B82211A"} -index 0
dow C:/Users/Nathan/Desktop/cs152b/cs152b/final_project/final_project.sdk/final_project/Debug/final_project.elf
----------------End of Script----------------

22:27:49 INFO  : Memory regions updated for context MicroBlaze #0
22:27:49 INFO  : Memory regions updated for context MicroBlaze #0
22:27:49 INFO  : Context for processor 'microblaze_0' is selected.
22:27:49 INFO  : 'con' command is executed.
22:27:49 INFO  : ----------------XSDB Script (After Launch)----------------
targets -set -nocase -filter {name =~ "microblaze*#0" && bscan=="USER2"  && jtag_cable_name =~ "Digilent Basys3 210183B82211A"} -index 0
con
----------------End of Script----------------

22:27:49 INFO  : Launch script is exported to file 'C:\Users\Nathan\Desktop\cs152b\cs152b\final_project\final_project.sdk\.sdk\launch_scripts\xilinx_c-c++_application_(system_debugger)\system_debugger_using_debug_final_project.elf_on_local_(1).tcl'
22:28:07 INFO  : Disconnected from the channel tcfchan#32.
22:28:08 INFO  : 'targets -set -filter {jtag_cable_name =~ "Digilent Basys3 210183B82211A" && level==0} -index 0' command is executed.
22:28:08 INFO  : 'fpga -state' command is executed.
22:28:08 INFO  : Connected to target on host '127.0.0.1' and port '3121'.
22:28:08 INFO  : Jtag cable 'Digilent Basys3 210183B82211A' is selected.
22:28:08 INFO  : 'jtag frequency' command is executed.
22:28:08 INFO  : 'configparams mdm-detect-bscan-mask 2' command is executed.
22:28:08 INFO  : Context for processor 'microblaze_0' is selected.
22:28:08 INFO  : Processor reset is completed for 'microblaze_0'.
22:28:08 INFO  : Context for processor 'microblaze_0' is selected.
22:28:08 INFO  : The application 'C:/Users/Nathan/Desktop/cs152b/cs152b/final_project/final_project.sdk/final_project/Debug/final_project.elf' is downloaded to processor 'microblaze_0'.
22:28:08 INFO  : ----------------XSDB Script----------------
connect -url tcp:127.0.0.1:3121
configparams mdm-detect-bscan-mask 2
targets -set -nocase -filter {name =~ "microblaze*#0" && bscan=="USER2"  && jtag_cable_name =~ "Digilent Basys3 210183B82211A"} -index 0
rst -processor
targets -set -nocase -filter {name =~ "microblaze*#0" && bscan=="USER2"  && jtag_cable_name =~ "Digilent Basys3 210183B82211A"} -index 0
dow C:/Users/Nathan/Desktop/cs152b/cs152b/final_project/final_project.sdk/final_project/Debug/final_project.elf
----------------End of Script----------------

22:28:08 INFO  : Memory regions updated for context MicroBlaze #0
22:28:08 INFO  : Memory regions updated for context MicroBlaze #0
22:28:08 INFO  : Context for processor 'microblaze_0' is selected.
22:28:08 INFO  : 'con' command is executed.
22:28:08 INFO  : ----------------XSDB Script (After Launch)----------------
targets -set -nocase -filter {name =~ "microblaze*#0" && bscan=="USER2"  && jtag_cable_name =~ "Digilent Basys3 210183B82211A"} -index 0
con
----------------End of Script----------------

22:28:08 INFO  : Launch script is exported to file 'C:\Users\Nathan\Desktop\cs152b\cs152b\final_project\final_project.sdk\.sdk\launch_scripts\xilinx_c-c++_application_(system_debugger)\system_debugger_using_debug_final_project.elf_on_local_(1).tcl'
22:28:19 INFO  : Disconnected from the channel tcfchan#33.
22:28:20 INFO  : 'targets -set -filter {jtag_cable_name =~ "Digilent Basys3 210183B82211A" && level==0} -index 0' command is executed.
22:28:20 INFO  : 'fpga -state' command is executed.
22:28:20 INFO  : Connected to target on host '127.0.0.1' and port '3121'.
22:28:20 INFO  : Jtag cable 'Digilent Basys3 210183B82211A' is selected.
22:28:20 INFO  : 'jtag frequency' command is executed.
22:28:20 INFO  : 'configparams mdm-detect-bscan-mask 2' command is executed.
22:28:20 INFO  : Context for processor 'microblaze_0' is selected.
22:28:21 INFO  : Processor reset is completed for 'microblaze_0'.
22:28:21 INFO  : Context for processor 'microblaze_0' is selected.
22:28:21 INFO  : The application 'C:/Users/Nathan/Desktop/cs152b/cs152b/final_project/final_project.sdk/final_project/Debug/final_project.elf' is downloaded to processor 'microblaze_0'.
22:28:21 INFO  : ----------------XSDB Script----------------
connect -url tcp:127.0.0.1:3121
configparams mdm-detect-bscan-mask 2
targets -set -nocase -filter {name =~ "microblaze*#0" && bscan=="USER2"  && jtag_cable_name =~ "Digilent Basys3 210183B82211A"} -index 0
rst -processor
targets -set -nocase -filter {name =~ "microblaze*#0" && bscan=="USER2"  && jtag_cable_name =~ "Digilent Basys3 210183B82211A"} -index 0
dow C:/Users/Nathan/Desktop/cs152b/cs152b/final_project/final_project.sdk/final_project/Debug/final_project.elf
----------------End of Script----------------

22:28:21 INFO  : Memory regions updated for context MicroBlaze #0
22:28:21 INFO  : Memory regions updated for context MicroBlaze #0
22:28:21 INFO  : Context for processor 'microblaze_0' is selected.
22:28:21 INFO  : 'con' command is executed.
22:28:21 INFO  : ----------------XSDB Script (After Launch)----------------
targets -set -nocase -filter {name =~ "microblaze*#0" && bscan=="USER2"  && jtag_cable_name =~ "Digilent Basys3 210183B82211A"} -index 0
con
----------------End of Script----------------

22:28:21 INFO  : Launch script is exported to file 'C:\Users\Nathan\Desktop\cs152b\cs152b\final_project\final_project.sdk\.sdk\launch_scripts\xilinx_c-c++_application_(system_debugger)\system_debugger_using_debug_final_project.elf_on_local_(1).tcl'
22:28:59 INFO  : Disconnected from the channel tcfchan#34.
22:29:00 INFO  : 'targets -set -filter {jtag_cable_name =~ "Digilent Basys3 210183B82211A" && level==0} -index 0' command is executed.
22:29:00 INFO  : 'fpga -state' command is executed.
22:29:00 INFO  : Connected to target on host '127.0.0.1' and port '3121'.
22:29:00 INFO  : Jtag cable 'Digilent Basys3 210183B82211A' is selected.
22:29:00 INFO  : 'jtag frequency' command is executed.
22:29:00 INFO  : 'configparams mdm-detect-bscan-mask 2' command is executed.
22:29:00 INFO  : Context for processor 'microblaze_0' is selected.
22:29:00 INFO  : Processor reset is completed for 'microblaze_0'.
22:29:00 INFO  : Context for processor 'microblaze_0' is selected.
22:29:00 INFO  : The application 'C:/Users/Nathan/Desktop/cs152b/cs152b/final_project/final_project.sdk/final_project/Debug/final_project.elf' is downloaded to processor 'microblaze_0'.
22:29:00 INFO  : ----------------XSDB Script----------------
connect -url tcp:127.0.0.1:3121
configparams mdm-detect-bscan-mask 2
targets -set -nocase -filter {name =~ "microblaze*#0" && bscan=="USER2"  && jtag_cable_name =~ "Digilent Basys3 210183B82211A"} -index 0
rst -processor
targets -set -nocase -filter {name =~ "microblaze*#0" && bscan=="USER2"  && jtag_cable_name =~ "Digilent Basys3 210183B82211A"} -index 0
dow C:/Users/Nathan/Desktop/cs152b/cs152b/final_project/final_project.sdk/final_project/Debug/final_project.elf
----------------End of Script----------------

22:29:01 INFO  : Memory regions updated for context MicroBlaze #0
22:29:01 INFO  : Memory regions updated for context MicroBlaze #0
22:29:01 INFO  : Context for processor 'microblaze_0' is selected.
22:29:01 INFO  : 'con' command is executed.
22:29:01 INFO  : ----------------XSDB Script (After Launch)----------------
targets -set -nocase -filter {name =~ "microblaze*#0" && bscan=="USER2"  && jtag_cable_name =~ "Digilent Basys3 210183B82211A"} -index 0
con
----------------End of Script----------------

22:29:01 INFO  : Launch script is exported to file 'C:\Users\Nathan\Desktop\cs152b\cs152b\final_project\final_project.sdk\.sdk\launch_scripts\xilinx_c-c++_application_(system_debugger)\system_debugger_using_debug_final_project.elf_on_local_(1).tcl'
22:29:44 INFO  : Disconnected from the channel tcfchan#35.
22:29:45 INFO  : 'targets -set -filter {jtag_cable_name =~ "Digilent Basys3 210183B82211A" && level==0} -index 0' command is executed.
22:29:45 INFO  : 'fpga -state' command is executed.
22:29:45 INFO  : Connected to target on host '127.0.0.1' and port '3121'.
22:29:45 INFO  : Jtag cable 'Digilent Basys3 210183B82211A' is selected.
22:29:45 INFO  : 'jtag frequency' command is executed.
22:29:45 INFO  : 'configparams mdm-detect-bscan-mask 2' command is executed.
22:29:45 INFO  : Context for processor 'microblaze_0' is selected.
22:29:45 INFO  : Processor reset is completed for 'microblaze_0'.
22:29:45 INFO  : Context for processor 'microblaze_0' is selected.
22:29:45 INFO  : The application 'C:/Users/Nathan/Desktop/cs152b/cs152b/final_project/final_project.sdk/final_project/Debug/final_project.elf' is downloaded to processor 'microblaze_0'.
22:29:45 INFO  : ----------------XSDB Script----------------
connect -url tcp:127.0.0.1:3121
configparams mdm-detect-bscan-mask 2
targets -set -nocase -filter {name =~ "microblaze*#0" && bscan=="USER2"  && jtag_cable_name =~ "Digilent Basys3 210183B82211A"} -index 0
rst -processor
targets -set -nocase -filter {name =~ "microblaze*#0" && bscan=="USER2"  && jtag_cable_name =~ "Digilent Basys3 210183B82211A"} -index 0
dow C:/Users/Nathan/Desktop/cs152b/cs152b/final_project/final_project.sdk/final_project/Debug/final_project.elf
----------------End of Script----------------

22:29:46 INFO  : Memory regions updated for context MicroBlaze #0
22:29:46 INFO  : Memory regions updated for context MicroBlaze #0
22:29:46 INFO  : Context for processor 'microblaze_0' is selected.
22:29:46 INFO  : 'con' command is executed.
22:29:46 INFO  : ----------------XSDB Script (After Launch)----------------
targets -set -nocase -filter {name =~ "microblaze*#0" && bscan=="USER2"  && jtag_cable_name =~ "Digilent Basys3 210183B82211A"} -index 0
con
----------------End of Script----------------

22:29:46 INFO  : Launch script is exported to file 'C:\Users\Nathan\Desktop\cs152b\cs152b\final_project\final_project.sdk\.sdk\launch_scripts\xilinx_c-c++_application_(system_debugger)\system_debugger_using_debug_final_project.elf_on_local_(1).tcl'
22:30:00 INFO  : Disconnected from the channel tcfchan#36.
22:30:01 INFO  : 'targets -set -filter {jtag_cable_name =~ "Digilent Basys3 210183B82211A" && level==0} -index 0' command is executed.
22:30:01 INFO  : 'fpga -state' command is executed.
22:30:01 INFO  : Connected to target on host '127.0.0.1' and port '3121'.
22:30:01 INFO  : Jtag cable 'Digilent Basys3 210183B82211A' is selected.
22:30:01 INFO  : 'jtag frequency' command is executed.
22:30:01 INFO  : 'configparams mdm-detect-bscan-mask 2' command is executed.
22:30:01 INFO  : Context for processor 'microblaze_0' is selected.
22:30:01 INFO  : Processor reset is completed for 'microblaze_0'.
22:30:01 INFO  : Context for processor 'microblaze_0' is selected.
22:30:01 INFO  : The application 'C:/Users/Nathan/Desktop/cs152b/cs152b/final_project/final_project.sdk/final_project/Debug/final_project.elf' is downloaded to processor 'microblaze_0'.
22:30:01 INFO  : ----------------XSDB Script----------------
connect -url tcp:127.0.0.1:3121
configparams mdm-detect-bscan-mask 2
targets -set -nocase -filter {name =~ "microblaze*#0" && bscan=="USER2"  && jtag_cable_name =~ "Digilent Basys3 210183B82211A"} -index 0
rst -processor
targets -set -nocase -filter {name =~ "microblaze*#0" && bscan=="USER2"  && jtag_cable_name =~ "Digilent Basys3 210183B82211A"} -index 0
dow C:/Users/Nathan/Desktop/cs152b/cs152b/final_project/final_project.sdk/final_project/Debug/final_project.elf
----------------End of Script----------------

22:30:01 INFO  : Memory regions updated for context MicroBlaze #0
22:30:01 INFO  : Memory regions updated for context MicroBlaze #0
22:30:01 INFO  : Context for processor 'microblaze_0' is selected.
22:30:01 INFO  : 'con' command is executed.
22:30:01 INFO  : ----------------XSDB Script (After Launch)----------------
targets -set -nocase -filter {name =~ "microblaze*#0" && bscan=="USER2"  && jtag_cable_name =~ "Digilent Basys3 210183B82211A"} -index 0
con
----------------End of Script----------------

22:30:01 INFO  : Launch script is exported to file 'C:\Users\Nathan\Desktop\cs152b\cs152b\final_project\final_project.sdk\.sdk\launch_scripts\xilinx_c-c++_application_(system_debugger)\system_debugger_using_debug_final_project.elf_on_local_(1).tcl'
22:30:30 INFO  : Disconnected from the channel tcfchan#37.
22:30:31 INFO  : 'targets -set -filter {jtag_cable_name =~ "Digilent Basys3 210183B82211A" && level==0} -index 0' command is executed.
22:30:31 INFO  : 'fpga -state' command is executed.
22:30:31 INFO  : Connected to target on host '127.0.0.1' and port '3121'.
22:30:31 INFO  : Jtag cable 'Digilent Basys3 210183B82211A' is selected.
22:30:31 INFO  : 'jtag frequency' command is executed.
22:30:31 INFO  : 'configparams mdm-detect-bscan-mask 2' command is executed.
22:30:31 INFO  : Context for processor 'microblaze_0' is selected.
22:30:32 INFO  : Processor reset is completed for 'microblaze_0'.
22:30:32 INFO  : Context for processor 'microblaze_0' is selected.
22:30:32 INFO  : The application 'C:/Users/Nathan/Desktop/cs152b/cs152b/final_project/final_project.sdk/final_project/Debug/final_project.elf' is downloaded to processor 'microblaze_0'.
22:30:32 INFO  : ----------------XSDB Script----------------
connect -url tcp:127.0.0.1:3121
configparams mdm-detect-bscan-mask 2
targets -set -nocase -filter {name =~ "microblaze*#0" && bscan=="USER2"  && jtag_cable_name =~ "Digilent Basys3 210183B82211A"} -index 0
rst -processor
targets -set -nocase -filter {name =~ "microblaze*#0" && bscan=="USER2"  && jtag_cable_name =~ "Digilent Basys3 210183B82211A"} -index 0
dow C:/Users/Nathan/Desktop/cs152b/cs152b/final_project/final_project.sdk/final_project/Debug/final_project.elf
----------------End of Script----------------

22:30:32 INFO  : Memory regions updated for context MicroBlaze #0
22:30:32 INFO  : Memory regions updated for context MicroBlaze #0
22:30:32 INFO  : Context for processor 'microblaze_0' is selected.
22:30:32 INFO  : 'con' command is executed.
22:30:32 INFO  : ----------------XSDB Script (After Launch)----------------
targets -set -nocase -filter {name =~ "microblaze*#0" && bscan=="USER2"  && jtag_cable_name =~ "Digilent Basys3 210183B82211A"} -index 0
con
----------------End of Script----------------

22:30:32 INFO  : Launch script is exported to file 'C:\Users\Nathan\Desktop\cs152b\cs152b\final_project\final_project.sdk\.sdk\launch_scripts\xilinx_c-c++_application_(system_debugger)\system_debugger_using_debug_final_project.elf_on_local_(1).tcl'
22:31:29 INFO  : Disconnected from the channel tcfchan#38.
22:31:30 INFO  : 'targets -set -filter {jtag_cable_name =~ "Digilent Basys3 210183B82211A" && level==0} -index 0' command is executed.
22:31:30 INFO  : 'fpga -state' command is executed.
22:31:30 INFO  : Connected to target on host '127.0.0.1' and port '3121'.
22:31:30 INFO  : Jtag cable 'Digilent Basys3 210183B82211A' is selected.
22:31:30 INFO  : 'jtag frequency' command is executed.
22:31:30 INFO  : 'configparams mdm-detect-bscan-mask 2' command is executed.
22:31:30 INFO  : Context for processor 'microblaze_0' is selected.
22:31:30 INFO  : Processor reset is completed for 'microblaze_0'.
22:31:30 INFO  : Context for processor 'microblaze_0' is selected.
22:31:30 INFO  : The application 'C:/Users/Nathan/Desktop/cs152b/cs152b/final_project/final_project.sdk/final_project/Debug/final_project.elf' is downloaded to processor 'microblaze_0'.
22:31:30 INFO  : ----------------XSDB Script----------------
connect -url tcp:127.0.0.1:3121
configparams mdm-detect-bscan-mask 2
targets -set -nocase -filter {name =~ "microblaze*#0" && bscan=="USER2"  && jtag_cable_name =~ "Digilent Basys3 210183B82211A"} -index 0
rst -processor
targets -set -nocase -filter {name =~ "microblaze*#0" && bscan=="USER2"  && jtag_cable_name =~ "Digilent Basys3 210183B82211A"} -index 0
dow C:/Users/Nathan/Desktop/cs152b/cs152b/final_project/final_project.sdk/final_project/Debug/final_project.elf
----------------End of Script----------------

22:31:30 INFO  : Memory regions updated for context MicroBlaze #0
22:31:30 INFO  : Memory regions updated for context MicroBlaze #0
22:31:30 INFO  : Context for processor 'microblaze_0' is selected.
22:31:30 INFO  : 'con' command is executed.
22:31:30 INFO  : ----------------XSDB Script (After Launch)----------------
targets -set -nocase -filter {name =~ "microblaze*#0" && bscan=="USER2"  && jtag_cable_name =~ "Digilent Basys3 210183B82211A"} -index 0
con
----------------End of Script----------------

22:31:30 INFO  : Launch script is exported to file 'C:\Users\Nathan\Desktop\cs152b\cs152b\final_project\final_project.sdk\.sdk\launch_scripts\xilinx_c-c++_application_(system_debugger)\system_debugger_using_debug_final_project.elf_on_local_(1).tcl'
22:31:38 INFO  : Disconnected from the channel tcfchan#39.
22:31:39 INFO  : 'targets -set -filter {jtag_cable_name =~ "Digilent Basys3 210183B82211A" && level==0} -index 0' command is executed.
22:31:39 INFO  : 'fpga -state' command is executed.
22:31:39 INFO  : Connected to target on host '127.0.0.1' and port '3121'.
22:31:39 INFO  : Jtag cable 'Digilent Basys3 210183B82211A' is selected.
22:31:39 INFO  : 'jtag frequency' command is executed.
22:31:39 INFO  : 'configparams mdm-detect-bscan-mask 2' command is executed.
22:31:39 INFO  : Context for processor 'microblaze_0' is selected.
22:31:39 INFO  : Processor reset is completed for 'microblaze_0'.
22:31:39 INFO  : Context for processor 'microblaze_0' is selected.
22:31:39 INFO  : The application 'C:/Users/Nathan/Desktop/cs152b/cs152b/final_project/final_project.sdk/final_project/Debug/final_project.elf' is downloaded to processor 'microblaze_0'.
22:31:39 INFO  : ----------------XSDB Script----------------
connect -url tcp:127.0.0.1:3121
configparams mdm-detect-bscan-mask 2
targets -set -nocase -filter {name =~ "microblaze*#0" && bscan=="USER2"  && jtag_cable_name =~ "Digilent Basys3 210183B82211A"} -index 0
rst -processor
targets -set -nocase -filter {name =~ "microblaze*#0" && bscan=="USER2"  && jtag_cable_name =~ "Digilent Basys3 210183B82211A"} -index 0
dow C:/Users/Nathan/Desktop/cs152b/cs152b/final_project/final_project.sdk/final_project/Debug/final_project.elf
----------------End of Script----------------

22:31:39 INFO  : Memory regions updated for context MicroBlaze #0
22:31:39 INFO  : Memory regions updated for context MicroBlaze #0
22:31:39 INFO  : Context for processor 'microblaze_0' is selected.
22:31:39 INFO  : 'con' command is executed.
22:31:39 INFO  : ----------------XSDB Script (After Launch)----------------
targets -set -nocase -filter {name =~ "microblaze*#0" && bscan=="USER2"  && jtag_cable_name =~ "Digilent Basys3 210183B82211A"} -index 0
con
----------------End of Script----------------

22:31:39 INFO  : Launch script is exported to file 'C:\Users\Nathan\Desktop\cs152b\cs152b\final_project\final_project.sdk\.sdk\launch_scripts\xilinx_c-c++_application_(system_debugger)\system_debugger_using_debug_final_project.elf_on_local_(1).tcl'
22:33:39 INFO  : Disconnected from the channel tcfchan#40.
22:33:40 INFO  : 'targets -set -filter {jtag_cable_name =~ "Digilent Basys3 210183B82211A" && level==0} -index 0' command is executed.
22:33:40 INFO  : 'fpga -state' command is executed.
22:33:41 INFO  : Connected to target on host '127.0.0.1' and port '3121'.
22:33:41 INFO  : Jtag cable 'Digilent Basys3 210183B82211A' is selected.
22:33:41 INFO  : 'jtag frequency' command is executed.
22:33:41 INFO  : 'configparams mdm-detect-bscan-mask 2' command is executed.
22:33:41 INFO  : Context for processor 'microblaze_0' is selected.
22:33:41 INFO  : Processor reset is completed for 'microblaze_0'.
22:33:41 INFO  : Context for processor 'microblaze_0' is selected.
22:33:41 INFO  : The application 'C:/Users/Nathan/Desktop/cs152b/cs152b/final_project/final_project.sdk/final_project/Debug/final_project.elf' is downloaded to processor 'microblaze_0'.
22:33:41 INFO  : ----------------XSDB Script----------------
connect -url tcp:127.0.0.1:3121
configparams mdm-detect-bscan-mask 2
targets -set -nocase -filter {name =~ "microblaze*#0" && bscan=="USER2"  && jtag_cable_name =~ "Digilent Basys3 210183B82211A"} -index 0
rst -processor
targets -set -nocase -filter {name =~ "microblaze*#0" && bscan=="USER2"  && jtag_cable_name =~ "Digilent Basys3 210183B82211A"} -index 0
dow C:/Users/Nathan/Desktop/cs152b/cs152b/final_project/final_project.sdk/final_project/Debug/final_project.elf
----------------End of Script----------------

22:33:41 INFO  : Memory regions updated for context MicroBlaze #0
22:33:41 INFO  : Memory regions updated for context MicroBlaze #0
22:33:41 INFO  : Context for processor 'microblaze_0' is selected.
22:33:41 INFO  : 'con' command is executed.
22:33:41 INFO  : ----------------XSDB Script (After Launch)----------------
targets -set -nocase -filter {name =~ "microblaze*#0" && bscan=="USER2"  && jtag_cable_name =~ "Digilent Basys3 210183B82211A"} -index 0
con
----------------End of Script----------------

22:33:41 INFO  : Launch script is exported to file 'C:\Users\Nathan\Desktop\cs152b\cs152b\final_project\final_project.sdk\.sdk\launch_scripts\xilinx_c-c++_application_(system_debugger)\system_debugger_using_debug_final_project.elf_on_local_(1).tcl'
22:36:36 INFO  : Disconnected from the channel tcfchan#41.
22:36:37 INFO  : 'targets -set -filter {jtag_cable_name =~ "Digilent Basys3 210183B82211A" && level==0} -index 0' command is executed.
22:36:37 INFO  : 'fpga -state' command is executed.
22:36:37 INFO  : Connected to target on host '127.0.0.1' and port '3121'.
22:36:38 INFO  : Jtag cable 'Digilent Basys3 210183B82211A' is selected.
22:36:38 INFO  : 'jtag frequency' command is executed.
22:36:38 INFO  : 'configparams mdm-detect-bscan-mask 2' command is executed.
22:36:38 INFO  : Context for processor 'microblaze_0' is selected.
22:36:38 INFO  : Processor reset is completed for 'microblaze_0'.
22:36:38 INFO  : Context for processor 'microblaze_0' is selected.
22:36:38 INFO  : The application 'C:/Users/Nathan/Desktop/cs152b/cs152b/final_project/final_project.sdk/final_project/Debug/final_project.elf' is downloaded to processor 'microblaze_0'.
22:36:38 INFO  : ----------------XSDB Script----------------
connect -url tcp:127.0.0.1:3121
configparams mdm-detect-bscan-mask 2
targets -set -nocase -filter {name =~ "microblaze*#0" && bscan=="USER2"  && jtag_cable_name =~ "Digilent Basys3 210183B82211A"} -index 0
rst -processor
targets -set -nocase -filter {name =~ "microblaze*#0" && bscan=="USER2"  && jtag_cable_name =~ "Digilent Basys3 210183B82211A"} -index 0
dow C:/Users/Nathan/Desktop/cs152b/cs152b/final_project/final_project.sdk/final_project/Debug/final_project.elf
----------------End of Script----------------

22:36:38 INFO  : Memory regions updated for context MicroBlaze #0
22:36:38 INFO  : Memory regions updated for context MicroBlaze #0
22:36:38 INFO  : Context for processor 'microblaze_0' is selected.
22:36:38 INFO  : 'con' command is executed.
22:36:38 INFO  : ----------------XSDB Script (After Launch)----------------
targets -set -nocase -filter {name =~ "microblaze*#0" && bscan=="USER2"  && jtag_cable_name =~ "Digilent Basys3 210183B82211A"} -index 0
con
----------------End of Script----------------

22:36:38 INFO  : Launch script is exported to file 'C:\Users\Nathan\Desktop\cs152b\cs152b\final_project\final_project.sdk\.sdk\launch_scripts\xilinx_c-c++_application_(system_debugger)\system_debugger_using_debug_final_project.elf_on_local_(1).tcl'
22:38:25 INFO  : Disconnected from the channel tcfchan#42.
22:38:26 INFO  : 'targets -set -filter {jtag_cable_name =~ "Digilent Basys3 210183B82211A" && level==0} -index 0' command is executed.
22:38:26 INFO  : 'fpga -state' command is executed.
22:38:26 INFO  : Connected to target on host '127.0.0.1' and port '3121'.
22:38:26 INFO  : Jtag cable 'Digilent Basys3 210183B82211A' is selected.
22:38:26 INFO  : 'jtag frequency' command is executed.
22:38:26 INFO  : 'configparams mdm-detect-bscan-mask 2' command is executed.
22:38:26 INFO  : Context for processor 'microblaze_0' is selected.
22:38:26 INFO  : Processor reset is completed for 'microblaze_0'.
22:38:26 INFO  : Context for processor 'microblaze_0' is selected.
22:38:27 INFO  : The application 'C:/Users/Nathan/Desktop/cs152b/cs152b/final_project/final_project.sdk/final_project/Debug/final_project.elf' is downloaded to processor 'microblaze_0'.
22:38:27 INFO  : ----------------XSDB Script----------------
connect -url tcp:127.0.0.1:3121
configparams mdm-detect-bscan-mask 2
targets -set -nocase -filter {name =~ "microblaze*#0" && bscan=="USER2"  && jtag_cable_name =~ "Digilent Basys3 210183B82211A"} -index 0
rst -processor
targets -set -nocase -filter {name =~ "microblaze*#0" && bscan=="USER2"  && jtag_cable_name =~ "Digilent Basys3 210183B82211A"} -index 0
dow C:/Users/Nathan/Desktop/cs152b/cs152b/final_project/final_project.sdk/final_project/Debug/final_project.elf
----------------End of Script----------------

22:38:27 INFO  : Memory regions updated for context MicroBlaze #0
22:38:27 INFO  : Memory regions updated for context MicroBlaze #0
22:38:27 INFO  : Context for processor 'microblaze_0' is selected.
22:38:27 INFO  : 'con' command is executed.
22:38:27 INFO  : ----------------XSDB Script (After Launch)----------------
targets -set -nocase -filter {name =~ "microblaze*#0" && bscan=="USER2"  && jtag_cable_name =~ "Digilent Basys3 210183B82211A"} -index 0
con
----------------End of Script----------------

22:38:27 INFO  : Launch script is exported to file 'C:\Users\Nathan\Desktop\cs152b\cs152b\final_project\final_project.sdk\.sdk\launch_scripts\xilinx_c-c++_application_(system_debugger)\system_debugger_using_debug_final_project.elf_on_local_(1).tcl'
22:42:41 INFO  : Disconnected from the channel tcfchan#43.
22:42:42 INFO  : 'targets -set -filter {jtag_cable_name =~ "Digilent Basys3 210183B82211A" && level==0} -index 0' command is executed.
22:42:42 INFO  : 'fpga -state' command is executed.
22:42:42 INFO  : Connected to target on host '127.0.0.1' and port '3121'.
22:42:42 INFO  : Jtag cable 'Digilent Basys3 210183B82211A' is selected.
22:42:42 INFO  : 'jtag frequency' command is executed.
22:42:42 INFO  : 'configparams mdm-detect-bscan-mask 2' command is executed.
22:42:42 INFO  : Context for processor 'microblaze_0' is selected.
22:42:42 INFO  : Processor reset is completed for 'microblaze_0'.
22:42:42 INFO  : Context for processor 'microblaze_0' is selected.
22:42:42 INFO  : The application 'C:/Users/Nathan/Desktop/cs152b/cs152b/final_project/final_project.sdk/final_project/Debug/final_project.elf' is downloaded to processor 'microblaze_0'.
22:42:42 INFO  : ----------------XSDB Script----------------
connect -url tcp:127.0.0.1:3121
configparams mdm-detect-bscan-mask 2
targets -set -nocase -filter {name =~ "microblaze*#0" && bscan=="USER2"  && jtag_cable_name =~ "Digilent Basys3 210183B82211A"} -index 0
rst -processor
targets -set -nocase -filter {name =~ "microblaze*#0" && bscan=="USER2"  && jtag_cable_name =~ "Digilent Basys3 210183B82211A"} -index 0
dow C:/Users/Nathan/Desktop/cs152b/cs152b/final_project/final_project.sdk/final_project/Debug/final_project.elf
----------------End of Script----------------

22:42:42 INFO  : Memory regions updated for context MicroBlaze #0
22:42:42 INFO  : Memory regions updated for context MicroBlaze #0
22:42:42 INFO  : Context for processor 'microblaze_0' is selected.
22:42:42 INFO  : 'con' command is executed.
22:42:42 INFO  : ----------------XSDB Script (After Launch)----------------
targets -set -nocase -filter {name =~ "microblaze*#0" && bscan=="USER2"  && jtag_cable_name =~ "Digilent Basys3 210183B82211A"} -index 0
con
----------------End of Script----------------

22:42:42 INFO  : Launch script is exported to file 'C:\Users\Nathan\Desktop\cs152b\cs152b\final_project\final_project.sdk\.sdk\launch_scripts\xilinx_c-c++_application_(system_debugger)\system_debugger_using_debug_final_project.elf_on_local_(1).tcl'
22:56:18 INFO  : SDK has detected change in the last modified timestamps for source hardware specification file Source:1779947759123,  Project:1779942058895
22:56:18 INFO  : Project top_level_hw_platform_0's source hardware specification located at C:/Users/Nathan/Desktop/cs152b/cs152b/final_project/final_project.sdk/top_level.hdf is now different from the local copy.
		 The local copy will be replaced with the source specification and your workspace will be updated.
22:56:25 INFO  : Copied contents of C:/Users/Nathan/Desktop/cs152b/cs152b/final_project/final_project.sdk/top_level.hdf into \top_level_hw_platform_0\system.hdf.
22:56:26 INFO  : Synchronizing projects in the workspace with the hardware platform specification changes.
22:56:28 INFO  : 
22:56:29 INFO  : Updating hardware inferred compiler options for final_project.
22:56:29 INFO  : Clearing existing target manager status.
22:56:29 INFO  : Workspace synchronized with the new hardware specification file. Cleaning dependent projects...
22:56:29 WARN  : Linker script will not be updated automatically. Users need to update it manually.
22:56:41 INFO  : Disconnected from the channel tcfchan#44.
22:56:42 INFO  : 'targets -set -filter {jtag_cable_name =~ "Digilent Basys3 210183B82211A" && level==0} -index 0' command is executed.
22:56:42 INFO  : 'fpga -state' command is executed.
22:56:42 INFO  : Connected to target on host '127.0.0.1' and port '3121'.
22:56:42 INFO  : Jtag cable 'Digilent Basys3 210183B82211A' is selected.
22:56:42 INFO  : 'jtag frequency' command is executed.
22:56:42 INFO  : 'configparams mdm-detect-bscan-mask 2' command is executed.
22:56:42 INFO  : Context for processor 'microblaze_0' is selected.
22:56:42 INFO  : Processor reset is completed for 'microblaze_0'.
22:56:42 INFO  : Context for processor 'microblaze_0' is selected.
22:56:42 INFO  : The application 'C:/Users/Nathan/Desktop/cs152b/cs152b/final_project/final_project.sdk/final_project/Debug/final_project.elf' is downloaded to processor 'microblaze_0'.
22:56:42 INFO  : ----------------XSDB Script----------------
connect -url tcp:127.0.0.1:3121
configparams mdm-detect-bscan-mask 2
targets -set -nocase -filter {name =~ "microblaze*#0" && bscan=="USER2"  && jtag_cable_name =~ "Digilent Basys3 210183B82211A"} -index 0
rst -processor
targets -set -nocase -filter {name =~ "microblaze*#0" && bscan=="USER2"  && jtag_cable_name =~ "Digilent Basys3 210183B82211A"} -index 0
dow C:/Users/Nathan/Desktop/cs152b/cs152b/final_project/final_project.sdk/final_project/Debug/final_project.elf
----------------End of Script----------------

22:56:42 INFO  : Memory regions updated for context MicroBlaze #0
22:56:42 INFO  : Memory regions updated for context MicroBlaze #0
22:56:42 INFO  : Context for processor 'microblaze_0' is selected.
22:56:42 INFO  : 'con' command is executed.
22:56:42 INFO  : ----------------XSDB Script (After Launch)----------------
targets -set -nocase -filter {name =~ "microblaze*#0" && bscan=="USER2"  && jtag_cable_name =~ "Digilent Basys3 210183B82211A"} -index 0
con
----------------End of Script----------------

22:56:42 INFO  : Launch script is exported to file 'C:\Users\Nathan\Desktop\cs152b\cs152b\final_project\final_project.sdk\.sdk\launch_scripts\xilinx_c-c++_application_(system_debugger)\system_debugger_using_debug_final_project.elf_on_local_(1).tcl'
23:02:40 INFO  : SDK has detected change in the last modified timestamps for source hardware specification file Source:1779948141218,  Project:1779947759123
23:02:40 INFO  : Project top_level_hw_platform_0's source hardware specification located at C:/Users/Nathan/Desktop/cs152b/cs152b/final_project/final_project.sdk/top_level.hdf is now different from the local copy.
		 The local copy will be replaced with the source specification and your workspace will be updated.
23:02:41 INFO  : Copied contents of C:/Users/Nathan/Desktop/cs152b/cs152b/final_project/final_project.sdk/top_level.hdf into \top_level_hw_platform_0\system.hdf.
23:02:41 INFO  : Synchronizing projects in the workspace with the hardware platform specification changes.
23:02:43 INFO  : 
23:02:44 INFO  : Updating hardware inferred compiler options for final_project.
23:02:44 INFO  : Clearing existing target manager status.
23:02:44 INFO  : Workspace synchronized with the new hardware specification file. Cleaning dependent projects...
23:02:45 WARN  : Linker script will not be updated automatically. Users need to update it manually.
23:02:54 INFO  : Disconnected from the channel tcfchan#45.
23:02:55 INFO  : 'targets -set -filter {jtag_cable_name =~ "Digilent Basys3 210183B82211A" && level==0} -index 0' command is executed.
23:02:55 INFO  : 'fpga -state' command is executed.
23:02:55 INFO  : Connected to target on host '127.0.0.1' and port '3121'.
23:02:55 INFO  : Jtag cable 'Digilent Basys3 210183B82211A' is selected.
23:02:55 INFO  : 'jtag frequency' command is executed.
23:02:55 INFO  : 'configparams mdm-detect-bscan-mask 2' command is executed.
23:02:55 INFO  : Context for processor 'microblaze_0' is selected.
23:02:55 INFO  : Processor reset is completed for 'microblaze_0'.
23:02:55 INFO  : Context for processor 'microblaze_0' is selected.
23:02:55 INFO  : The application 'C:/Users/Nathan/Desktop/cs152b/cs152b/final_project/final_project.sdk/final_project/Debug/final_project.elf' is downloaded to processor 'microblaze_0'.
23:02:55 INFO  : ----------------XSDB Script----------------
connect -url tcp:127.0.0.1:3121
configparams mdm-detect-bscan-mask 2
targets -set -nocase -filter {name =~ "microblaze*#0" && bscan=="USER2"  && jtag_cable_name =~ "Digilent Basys3 210183B82211A"} -index 0
rst -processor
targets -set -nocase -filter {name =~ "microblaze*#0" && bscan=="USER2"  && jtag_cable_name =~ "Digilent Basys3 210183B82211A"} -index 0
dow C:/Users/Nathan/Desktop/cs152b/cs152b/final_project/final_project.sdk/final_project/Debug/final_project.elf
----------------End of Script----------------

23:02:55 INFO  : Memory regions updated for context MicroBlaze #0
23:02:55 INFO  : Memory regions updated for context MicroBlaze #0
23:02:55 INFO  : Context for processor 'microblaze_0' is selected.
23:02:55 INFO  : 'con' command is executed.
23:02:55 INFO  : ----------------XSDB Script (After Launch)----------------
targets -set -nocase -filter {name =~ "microblaze*#0" && bscan=="USER2"  && jtag_cable_name =~ "Digilent Basys3 210183B82211A"} -index 0
con
----------------End of Script----------------

23:02:55 INFO  : Launch script is exported to file 'C:\Users\Nathan\Desktop\cs152b\cs152b\final_project\final_project.sdk\.sdk\launch_scripts\xilinx_c-c++_application_(system_debugger)\system_debugger_using_debug_final_project.elf_on_local_(1).tcl'
23:13:31 INFO  : SDK has detected change in the last modified timestamps for source hardware specification file Source:1779948789429,  Project:1779948141218
23:13:31 INFO  : Project top_level_hw_platform_0's source hardware specification located at C:/Users/Nathan/Desktop/cs152b/cs152b/final_project/final_project.sdk/top_level.hdf is now different from the local copy.
		 The local copy will be replaced with the source specification and your workspace will be updated.
23:13:33 INFO  : Copied contents of C:/Users/Nathan/Desktop/cs152b/cs152b/final_project/final_project.sdk/top_level.hdf into \top_level_hw_platform_0\system.hdf.
23:13:33 INFO  : Synchronizing projects in the workspace with the hardware platform specification changes.
23:13:35 INFO  : 
23:13:36 INFO  : Updating hardware inferred compiler options for final_project.
23:13:36 INFO  : Clearing existing target manager status.
23:13:36 INFO  : Workspace synchronized with the new hardware specification file. Cleaning dependent projects...
23:13:36 WARN  : Linker script will not be updated automatically. Users need to update it manually.
23:13:46 INFO  : Disconnected from the channel tcfchan#46.
23:13:47 INFO  : 'targets -set -filter {jtag_cable_name =~ "Digilent Basys3 210183B82211A" && level==0} -index 0' command is executed.
23:13:47 INFO  : 'fpga -state' command is executed.
23:13:47 INFO  : Connected to target on host '127.0.0.1' and port '3121'.
23:13:47 INFO  : Jtag cable 'Digilent Basys3 210183B82211A' is selected.
23:13:47 INFO  : 'jtag frequency' command is executed.
23:13:47 INFO  : 'configparams mdm-detect-bscan-mask 2' command is executed.
23:13:47 INFO  : Context for processor 'microblaze_0' is selected.
23:13:47 INFO  : Processor reset is completed for 'microblaze_0'.
23:13:47 INFO  : Context for processor 'microblaze_0' is selected.
23:13:47 INFO  : The application 'C:/Users/Nathan/Desktop/cs152b/cs152b/final_project/final_project.sdk/final_project/Debug/final_project.elf' is downloaded to processor 'microblaze_0'.
23:13:47 INFO  : ----------------XSDB Script----------------
connect -url tcp:127.0.0.1:3121
configparams mdm-detect-bscan-mask 2
targets -set -nocase -filter {name =~ "microblaze*#0" && bscan=="USER2"  && jtag_cable_name =~ "Digilent Basys3 210183B82211A"} -index 0
rst -processor
targets -set -nocase -filter {name =~ "microblaze*#0" && bscan=="USER2"  && jtag_cable_name =~ "Digilent Basys3 210183B82211A"} -index 0
dow C:/Users/Nathan/Desktop/cs152b/cs152b/final_project/final_project.sdk/final_project/Debug/final_project.elf
----------------End of Script----------------

23:13:47 INFO  : Memory regions updated for context MicroBlaze #0
23:13:47 INFO  : Memory regions updated for context MicroBlaze #0
23:13:47 INFO  : Context for processor 'microblaze_0' is selected.
23:13:47 INFO  : 'con' command is executed.
23:13:47 INFO  : ----------------XSDB Script (After Launch)----------------
targets -set -nocase -filter {name =~ "microblaze*#0" && bscan=="USER2"  && jtag_cable_name =~ "Digilent Basys3 210183B82211A"} -index 0
con
----------------End of Script----------------

23:13:47 INFO  : Launch script is exported to file 'C:\Users\Nathan\Desktop\cs152b\cs152b\final_project\final_project.sdk\.sdk\launch_scripts\xilinx_c-c++_application_(system_debugger)\system_debugger_using_debug_final_project.elf_on_local_(1).tcl'
23:31:38 INFO  : SDK has detected change in the last modified timestamps for source hardware specification file Source:1779949616692,  Project:1779948789429
23:31:38 INFO  : Project top_level_hw_platform_0's source hardware specification located at C:/Users/Nathan/Desktop/cs152b/cs152b/final_project/final_project.sdk/top_level.hdf is now different from the local copy.
		 The local copy will be replaced with the source specification and your workspace will be updated.
23:31:40 INFO  : Copied contents of C:/Users/Nathan/Desktop/cs152b/cs152b/final_project/final_project.sdk/top_level.hdf into \top_level_hw_platform_0\system.hdf.
23:31:40 INFO  : Synchronizing projects in the workspace with the hardware platform specification changes.
23:31:43 INFO  : 
23:31:44 INFO  : Updating hardware inferred compiler options for final_project.
23:31:44 INFO  : Clearing existing target manager status.
23:31:44 INFO  : Workspace synchronized with the new hardware specification file. Cleaning dependent projects...
23:31:45 WARN  : Linker script will not be updated automatically. Users need to update it manually.
23:31:57 INFO  : Disconnected from the channel tcfchan#47.
23:31:58 INFO  : 'targets -set -filter {jtag_cable_name =~ "Digilent Basys3 210183B82211A" && level==0} -index 0' command is executed.
23:31:58 INFO  : 'fpga -state' command is executed.
23:31:58 INFO  : Connected to target on host '127.0.0.1' and port '3121'.
23:31:58 INFO  : Jtag cable 'Digilent Basys3 210183B82211A' is selected.
23:31:58 INFO  : 'jtag frequency' command is executed.
23:31:58 INFO  : 'configparams mdm-detect-bscan-mask 2' command is executed.
23:31:58 INFO  : Context for processor 'microblaze_0' is selected.
23:31:58 INFO  : Processor reset is completed for 'microblaze_0'.
23:31:58 INFO  : Context for processor 'microblaze_0' is selected.
23:31:58 INFO  : The application 'C:/Users/Nathan/Desktop/cs152b/cs152b/final_project/final_project.sdk/final_project/Debug/final_project.elf' is downloaded to processor 'microblaze_0'.
23:31:58 INFO  : ----------------XSDB Script----------------
connect -url tcp:127.0.0.1:3121
configparams mdm-detect-bscan-mask 2
targets -set -nocase -filter {name =~ "microblaze*#0" && bscan=="USER2"  && jtag_cable_name =~ "Digilent Basys3 210183B82211A"} -index 0
rst -processor
targets -set -nocase -filter {name =~ "microblaze*#0" && bscan=="USER2"  && jtag_cable_name =~ "Digilent Basys3 210183B82211A"} -index 0
dow C:/Users/Nathan/Desktop/cs152b/cs152b/final_project/final_project.sdk/final_project/Debug/final_project.elf
----------------End of Script----------------

23:31:58 INFO  : Memory regions updated for context MicroBlaze #0
23:31:58 INFO  : Memory regions updated for context MicroBlaze #0
23:31:58 INFO  : Context for processor 'microblaze_0' is selected.
23:31:58 INFO  : 'con' command is executed.
23:31:58 INFO  : ----------------XSDB Script (After Launch)----------------
targets -set -nocase -filter {name =~ "microblaze*#0" && bscan=="USER2"  && jtag_cable_name =~ "Digilent Basys3 210183B82211A"} -index 0
con
----------------End of Script----------------

23:31:58 INFO  : Launch script is exported to file 'C:\Users\Nathan\Desktop\cs152b\cs152b\final_project\final_project.sdk\.sdk\launch_scripts\xilinx_c-c++_application_(system_debugger)\system_debugger_using_debug_final_project.elf_on_local_(1).tcl'
23:34:37 INFO  : Disconnected from the channel tcfchan#48.
23:34:38 INFO  : 'targets -set -filter {jtag_cable_name =~ "Digilent Basys3 210183B82211A" && level==0} -index 0' command is executed.
23:34:38 INFO  : 'fpga -state' command is executed.
23:34:38 INFO  : Connected to target on host '127.0.0.1' and port '3121'.
23:34:38 INFO  : Jtag cable 'Digilent Basys3 210183B82211A' is selected.
23:34:38 INFO  : 'jtag frequency' command is executed.
23:34:38 INFO  : 'configparams mdm-detect-bscan-mask 2' command is executed.
23:34:38 INFO  : Context for processor 'microblaze_0' is selected.
23:34:38 INFO  : Processor reset is completed for 'microblaze_0'.
23:34:38 INFO  : Context for processor 'microblaze_0' is selected.
23:34:38 INFO  : The application 'C:/Users/Nathan/Desktop/cs152b/cs152b/final_project/final_project.sdk/final_project/Debug/final_project.elf' is downloaded to processor 'microblaze_0'.
23:34:38 INFO  : ----------------XSDB Script----------------
connect -url tcp:127.0.0.1:3121
configparams mdm-detect-bscan-mask 2
targets -set -nocase -filter {name =~ "microblaze*#0" && bscan=="USER2"  && jtag_cable_name =~ "Digilent Basys3 210183B82211A"} -index 0
rst -processor
targets -set -nocase -filter {name =~ "microblaze*#0" && bscan=="USER2"  && jtag_cable_name =~ "Digilent Basys3 210183B82211A"} -index 0
dow C:/Users/Nathan/Desktop/cs152b/cs152b/final_project/final_project.sdk/final_project/Debug/final_project.elf
----------------End of Script----------------

23:34:38 INFO  : Memory regions updated for context MicroBlaze #0
23:34:38 INFO  : Memory regions updated for context MicroBlaze #0
23:34:38 INFO  : Context for processor 'microblaze_0' is selected.
23:34:38 INFO  : 'con' command is executed.
23:34:38 INFO  : ----------------XSDB Script (After Launch)----------------
targets -set -nocase -filter {name =~ "microblaze*#0" && bscan=="USER2"  && jtag_cable_name =~ "Digilent Basys3 210183B82211A"} -index 0
con
----------------End of Script----------------

23:34:38 INFO  : Launch script is exported to file 'C:\Users\Nathan\Desktop\cs152b\cs152b\final_project\final_project.sdk\.sdk\launch_scripts\xilinx_c-c++_application_(system_debugger)\system_debugger_using_debug_final_project.elf_on_local_(1).tcl'
23:35:35 INFO  : Disconnected from the channel tcfchan#49.
23:35:36 INFO  : 'targets -set -filter {jtag_cable_name =~ "Digilent Basys3 210183B82211A" && level==0} -index 0' command is executed.
23:35:36 INFO  : 'fpga -state' command is executed.
23:35:36 INFO  : Connected to target on host '127.0.0.1' and port '3121'.
23:35:36 INFO  : Jtag cable 'Digilent Basys3 210183B82211A' is selected.
23:35:36 INFO  : 'jtag frequency' command is executed.
23:35:36 INFO  : 'configparams mdm-detect-bscan-mask 2' command is executed.
23:35:36 INFO  : Context for processor 'microblaze_0' is selected.
23:35:36 INFO  : Processor reset is completed for 'microblaze_0'.
23:35:36 INFO  : Context for processor 'microblaze_0' is selected.
23:35:36 INFO  : The application 'C:/Users/Nathan/Desktop/cs152b/cs152b/final_project/final_project.sdk/final_project/Debug/final_project.elf' is downloaded to processor 'microblaze_0'.
23:35:36 INFO  : ----------------XSDB Script----------------
connect -url tcp:127.0.0.1:3121
configparams mdm-detect-bscan-mask 2
targets -set -nocase -filter {name =~ "microblaze*#0" && bscan=="USER2"  && jtag_cable_name =~ "Digilent Basys3 210183B82211A"} -index 0
rst -processor
targets -set -nocase -filter {name =~ "microblaze*#0" && bscan=="USER2"  && jtag_cable_name =~ "Digilent Basys3 210183B82211A"} -index 0
dow C:/Users/Nathan/Desktop/cs152b/cs152b/final_project/final_project.sdk/final_project/Debug/final_project.elf
----------------End of Script----------------

23:35:37 INFO  : Memory regions updated for context MicroBlaze #0
23:35:37 INFO  : Memory regions updated for context MicroBlaze #0
23:35:37 INFO  : Context for processor 'microblaze_0' is selected.
23:35:37 INFO  : 'con' command is executed.
23:35:37 INFO  : ----------------XSDB Script (After Launch)----------------
targets -set -nocase -filter {name =~ "microblaze*#0" && bscan=="USER2"  && jtag_cable_name =~ "Digilent Basys3 210183B82211A"} -index 0
con
----------------End of Script----------------

23:35:37 INFO  : Launch script is exported to file 'C:\Users\Nathan\Desktop\cs152b\cs152b\final_project\final_project.sdk\.sdk\launch_scripts\xilinx_c-c++_application_(system_debugger)\system_debugger_using_debug_final_project.elf_on_local_(1).tcl'
23:50:28 INFO  : SDK has detected change in the last modified timestamps for source hardware specification file Source:1779951010734,  Project:1779949616692
23:50:28 INFO  : Project top_level_hw_platform_0's source hardware specification located at C:/Users/Nathan/Desktop/cs152b/cs152b/final_project/final_project.sdk/top_level.hdf is now different from the local copy.
		 The local copy will be replaced with the source specification and your workspace will be updated.
23:50:35 INFO  : Copied contents of C:/Users/Nathan/Desktop/cs152b/cs152b/final_project/final_project.sdk/top_level.hdf into \top_level_hw_platform_0\system.hdf.
23:50:35 INFO  : Synchronizing projects in the workspace with the hardware platform specification changes.
23:50:37 INFO  : 
23:50:38 INFO  : Updating hardware inferred compiler options for final_project.
23:50:38 INFO  : Clearing existing target manager status.
23:50:38 INFO  : Workspace synchronized with the new hardware specification file. Cleaning dependent projects...
23:50:39 WARN  : Linker script will not be updated automatically. Users need to update it manually.
23:50:52 INFO  : Disconnected from the channel tcfchan#50.
23:50:53 INFO  : 'targets -set -filter {jtag_cable_name =~ "Digilent Basys3 210183B82211A" && level==0} -index 0' command is executed.
23:50:53 INFO  : 'fpga -state' command is executed.
23:50:53 INFO  : Connected to target on host '127.0.0.1' and port '3121'.
23:50:53 INFO  : Jtag cable 'Digilent Basys3 210183B82211A' is selected.
23:50:53 INFO  : 'jtag frequency' command is executed.
23:50:53 INFO  : 'configparams mdm-detect-bscan-mask 2' command is executed.
23:50:53 INFO  : Context for processor 'microblaze_0' is selected.
23:50:53 INFO  : Processor reset is completed for 'microblaze_0'.
23:50:53 INFO  : Context for processor 'microblaze_0' is selected.
23:50:53 INFO  : The application 'C:/Users/Nathan/Desktop/cs152b/cs152b/final_project/final_project.sdk/final_project/Debug/final_project.elf' is downloaded to processor 'microblaze_0'.
23:50:53 INFO  : ----------------XSDB Script----------------
connect -url tcp:127.0.0.1:3121
configparams mdm-detect-bscan-mask 2
targets -set -nocase -filter {name =~ "microblaze*#0" && bscan=="USER2"  && jtag_cable_name =~ "Digilent Basys3 210183B82211A"} -index 0
rst -processor
targets -set -nocase -filter {name =~ "microblaze*#0" && bscan=="USER2"  && jtag_cable_name =~ "Digilent Basys3 210183B82211A"} -index 0
dow C:/Users/Nathan/Desktop/cs152b/cs152b/final_project/final_project.sdk/final_project/Debug/final_project.elf
----------------End of Script----------------

23:50:53 INFO  : Memory regions updated for context MicroBlaze #0
23:50:53 INFO  : Memory regions updated for context MicroBlaze #0
23:50:53 INFO  : Context for processor 'microblaze_0' is selected.
23:50:53 INFO  : 'con' command is executed.
23:50:53 INFO  : ----------------XSDB Script (After Launch)----------------
targets -set -nocase -filter {name =~ "microblaze*#0" && bscan=="USER2"  && jtag_cable_name =~ "Digilent Basys3 210183B82211A"} -index 0
con
----------------End of Script----------------

23:50:53 INFO  : Launch script is exported to file 'C:\Users\Nathan\Desktop\cs152b\cs152b\final_project\final_project.sdk\.sdk\launch_scripts\xilinx_c-c++_application_(system_debugger)\system_debugger_using_debug_final_project.elf_on_local_(1).tcl'
23:53:11 INFO  : Disconnected from the channel tcfchan#51.
14:47:10 INFO  : Registering command handlers for SDK TCF services
14:47:11 INFO  : Launching XSCT server: xsct.bat -interactive C:\Users\Nathan\Desktop\cs152b\cs152b\final_project\final_project.sdk\temp_xsdb_launch_script.tcl
14:47:14 INFO  : XSCT server has started successfully.
14:47:14 INFO  : Successfully done setting XSCT server connection channel  
14:47:20 INFO  : Successfully done setting SDK workspace  
14:47:20 INFO  : Processing command line option -hwspec C:/Users/Nathan/Desktop/cs152b/cs152b/final_project/final_project.sdk/top_level.hdf.
14:47:20 INFO  : Checking for hwspec changes in the project top_level_hw_platform_0.
14:47:23 INFO  : SDK has detected change in the last modified timestamps for source hardware specification file Source:1780004602437,  Project:1779951010734
14:47:23 INFO  : The hardware specification for project 'top_level_hw_platform_0' is different from C:/Users/Nathan/Desktop/cs152b/cs152b/final_project/final_project.sdk/top_level.hdf.
14:47:23 INFO  : Copied contents of C:/Users/Nathan/Desktop/cs152b/cs152b/final_project/final_project.sdk/top_level.hdf into \top_level_hw_platform_0\system.hdf.
14:47:23 INFO  : Synchronizing projects in the workspace with the hardware platform specification changes.
14:47:26 INFO  : 
14:47:27 INFO  : Updating hardware inferred compiler options for final_project.
14:47:27 INFO  : Clearing existing target manager status.
14:47:27 INFO  : Workspace synchronized with the new hardware specification file. Cleaning dependent projects...
14:47:28 WARN  : Linker script will not be updated automatically. Users need to update it manually.
14:48:04 INFO  : 'targets -set -filter {jtag_cable_name =~ "Digilent Basys3 210183B82211A" && level==0} -index 0' command is executed.
14:48:04 INFO  : 'fpga -state' command is executed.
14:48:05 INFO  : Connected to target on host '127.0.0.1' and port '3121'.
14:48:05 INFO  : Jtag cable 'Digilent Basys3 210183B82211A' is selected.
14:48:05 INFO  : 'jtag frequency' command is executed.
14:48:05 INFO  : 'configparams mdm-detect-bscan-mask 2' command is executed.
14:48:08 ERROR : no targets found with "name =~ "microblaze*#0" && bscan=="USER2"  && jtag_cable_name =~ "Digilent Basys3 210183B82211A"". available targets:
  1* xc7a35t
14:48:08 INFO  : ----------------XSDB Script----------------
connect -url tcp:127.0.0.1:3121
configparams mdm-detect-bscan-mask 2
targets -set -nocase -filter {name =~ "microblaze*#0" && bscan=="USER2"  && jtag_cable_name =~ "Digilent Basys3 210183B82211A"} -index 0
----------------End of Script----------------

14:48:26 INFO  : 'targets -set -filter {jtag_cable_name =~ "Digilent Basys3 210183B82211A" && level==0} -index 0' command is executed.
14:48:26 INFO  : 'fpga -state' command is executed.
14:48:26 INFO  : Connected to target on host '127.0.0.1' and port '3121'.
14:48:26 INFO  : Jtag cable 'Digilent Basys3 210183B82211A' is selected.
14:48:26 INFO  : 'jtag frequency' command is executed.
14:48:26 INFO  : 'configparams mdm-detect-bscan-mask 2' command is executed.
14:48:26 INFO  : Context for processor 'microblaze_0' is selected.
14:48:26 INFO  : Processor reset is completed for 'microblaze_0'.
14:48:26 INFO  : Context for processor 'microblaze_0' is selected.
14:48:26 INFO  : The application 'C:/Users/Nathan/Desktop/cs152b/cs152b/final_project/final_project.sdk/final_project/Debug/final_project.elf' is downloaded to processor 'microblaze_0'.
14:48:26 INFO  : ----------------XSDB Script----------------
connect -url tcp:127.0.0.1:3121
configparams mdm-detect-bscan-mask 2
targets -set -nocase -filter {name =~ "microblaze*#0" && bscan=="USER2"  && jtag_cable_name =~ "Digilent Basys3 210183B82211A"} -index 0
rst -processor
targets -set -nocase -filter {name =~ "microblaze*#0" && bscan=="USER2"  && jtag_cable_name =~ "Digilent Basys3 210183B82211A"} -index 0
dow C:/Users/Nathan/Desktop/cs152b/cs152b/final_project/final_project.sdk/final_project/Debug/final_project.elf
----------------End of Script----------------

14:48:26 INFO  : Memory regions updated for context MicroBlaze #0
14:48:26 INFO  : Memory regions updated for context MicroBlaze #0
14:48:26 INFO  : Context for processor 'microblaze_0' is selected.
14:48:26 INFO  : 'con' command is executed.
14:48:26 INFO  : ----------------XSDB Script (After Launch)----------------
targets -set -nocase -filter {name =~ "microblaze*#0" && bscan=="USER2"  && jtag_cable_name =~ "Digilent Basys3 210183B82211A"} -index 0
con
----------------End of Script----------------

14:48:26 INFO  : Launch script is exported to file 'C:\Users\Nathan\Desktop\cs152b\cs152b\final_project\final_project.sdk\.sdk\launch_scripts\xilinx_c-c++_application_(system_debugger)\system_debugger_using_debug_final_project.elf_on_local_(1).tcl'
14:49:39 INFO  : Disconnected from the channel tcfchan#1.
14:49:40 INFO  : 'targets -set -filter {jtag_cable_name =~ "Digilent Basys3 210183B82211A" && level==0} -index 0' command is executed.
14:49:41 INFO  : 'fpga -state' command is executed.
14:49:41 INFO  : Connected to target on host '127.0.0.1' and port '3121'.
14:49:41 INFO  : Jtag cable 'Digilent Basys3 210183B82211A' is selected.
14:49:41 INFO  : 'jtag frequency' command is executed.
14:49:41 INFO  : 'configparams mdm-detect-bscan-mask 2' command is executed.
14:49:41 INFO  : Context for processor 'microblaze_0' is selected.
14:49:41 INFO  : Processor reset is completed for 'microblaze_0'.
14:49:41 INFO  : Context for processor 'microblaze_0' is selected.
14:49:41 INFO  : The application 'C:/Users/Nathan/Desktop/cs152b/cs152b/final_project/final_project.sdk/final_project/Debug/final_project.elf' is downloaded to processor 'microblaze_0'.
14:49:41 INFO  : ----------------XSDB Script----------------
connect -url tcp:127.0.0.1:3121
configparams mdm-detect-bscan-mask 2
targets -set -nocase -filter {name =~ "microblaze*#0" && bscan=="USER2"  && jtag_cable_name =~ "Digilent Basys3 210183B82211A"} -index 0
rst -processor
targets -set -nocase -filter {name =~ "microblaze*#0" && bscan=="USER2"  && jtag_cable_name =~ "Digilent Basys3 210183B82211A"} -index 0
dow C:/Users/Nathan/Desktop/cs152b/cs152b/final_project/final_project.sdk/final_project/Debug/final_project.elf
----------------End of Script----------------

14:49:41 INFO  : Memory regions updated for context MicroBlaze #0
14:49:41 INFO  : Memory regions updated for context MicroBlaze #0
14:49:41 INFO  : Context for processor 'microblaze_0' is selected.
14:49:41 INFO  : 'con' command is executed.
14:49:41 INFO  : ----------------XSDB Script (After Launch)----------------
targets -set -nocase -filter {name =~ "microblaze*#0" && bscan=="USER2"  && jtag_cable_name =~ "Digilent Basys3 210183B82211A"} -index 0
con
----------------End of Script----------------

14:49:41 INFO  : Launch script is exported to file 'C:\Users\Nathan\Desktop\cs152b\cs152b\final_project\final_project.sdk\.sdk\launch_scripts\xilinx_c-c++_application_(system_debugger)\system_debugger_using_debug_final_project.elf_on_local_(1).tcl'
14:50:22 INFO  : Disconnected from the channel tcfchan#2.
14:50:23 INFO  : 'targets -set -filter {jtag_cable_name =~ "Digilent Basys3 210183B82211A" && level==0} -index 0' command is executed.
14:50:23 INFO  : 'fpga -state' command is executed.
14:50:23 INFO  : Connected to target on host '127.0.0.1' and port '3121'.
14:50:23 INFO  : Jtag cable 'Digilent Basys3 210183B82211A' is selected.
14:50:23 INFO  : 'jtag frequency' command is executed.
14:50:23 INFO  : 'configparams mdm-detect-bscan-mask 2' command is executed.
14:50:23 INFO  : Context for processor 'microblaze_0' is selected.
14:50:23 INFO  : Processor reset is completed for 'microblaze_0'.
14:50:23 INFO  : Context for processor 'microblaze_0' is selected.
14:50:23 INFO  : The application 'C:/Users/Nathan/Desktop/cs152b/cs152b/final_project/final_project.sdk/final_project/Debug/final_project.elf' is downloaded to processor 'microblaze_0'.
14:50:23 INFO  : ----------------XSDB Script----------------
connect -url tcp:127.0.0.1:3121
configparams mdm-detect-bscan-mask 2
targets -set -nocase -filter {name =~ "microblaze*#0" && bscan=="USER2"  && jtag_cable_name =~ "Digilent Basys3 210183B82211A"} -index 0
rst -processor
targets -set -nocase -filter {name =~ "microblaze*#0" && bscan=="USER2"  && jtag_cable_name =~ "Digilent Basys3 210183B82211A"} -index 0
dow C:/Users/Nathan/Desktop/cs152b/cs152b/final_project/final_project.sdk/final_project/Debug/final_project.elf
----------------End of Script----------------

14:50:23 INFO  : Memory regions updated for context MicroBlaze #0
14:50:23 INFO  : Memory regions updated for context MicroBlaze #0
14:50:23 INFO  : Context for processor 'microblaze_0' is selected.
14:50:23 INFO  : 'con' command is executed.
14:50:23 INFO  : ----------------XSDB Script (After Launch)----------------
targets -set -nocase -filter {name =~ "microblaze*#0" && bscan=="USER2"  && jtag_cable_name =~ "Digilent Basys3 210183B82211A"} -index 0
con
----------------End of Script----------------

14:50:23 INFO  : Launch script is exported to file 'C:\Users\Nathan\Desktop\cs152b\cs152b\final_project\final_project.sdk\.sdk\launch_scripts\xilinx_c-c++_application_(system_debugger)\system_debugger_using_debug_final_project.elf_on_local_(1).tcl'
15:01:26 INFO  : Disconnected from the channel tcfchan#3.
15:01:27 INFO  : 'targets -set -filter {jtag_cable_name =~ "Digilent Basys3 210183B82211A" && level==0} -index 0' command is executed.
15:01:27 INFO  : 'fpga -state' command is executed.
15:01:27 INFO  : Connected to target on host '127.0.0.1' and port '3121'.
15:01:27 INFO  : Jtag cable 'Digilent Basys3 210183B82211A' is selected.
15:01:27 INFO  : 'jtag frequency' command is executed.
15:01:27 INFO  : 'configparams mdm-detect-bscan-mask 2' command is executed.
15:01:27 INFO  : Context for processor 'microblaze_0' is selected.
15:01:27 INFO  : Processor reset is completed for 'microblaze_0'.
15:01:27 INFO  : Context for processor 'microblaze_0' is selected.
15:01:27 INFO  : The application 'C:/Users/Nathan/Desktop/cs152b/cs152b/final_project/final_project.sdk/final_project/Debug/final_project.elf' is downloaded to processor 'microblaze_0'.
15:01:27 INFO  : ----------------XSDB Script----------------
connect -url tcp:127.0.0.1:3121
configparams mdm-detect-bscan-mask 2
targets -set -nocase -filter {name =~ "microblaze*#0" && bscan=="USER2"  && jtag_cable_name =~ "Digilent Basys3 210183B82211A"} -index 0
rst -processor
targets -set -nocase -filter {name =~ "microblaze*#0" && bscan=="USER2"  && jtag_cable_name =~ "Digilent Basys3 210183B82211A"} -index 0
dow C:/Users/Nathan/Desktop/cs152b/cs152b/final_project/final_project.sdk/final_project/Debug/final_project.elf
----------------End of Script----------------

15:01:27 INFO  : Memory regions updated for context MicroBlaze #0
15:01:27 INFO  : Memory regions updated for context MicroBlaze #0
15:01:27 INFO  : Context for processor 'microblaze_0' is selected.
15:01:27 INFO  : 'con' command is executed.
15:01:27 INFO  : ----------------XSDB Script (After Launch)----------------
targets -set -nocase -filter {name =~ "microblaze*#0" && bscan=="USER2"  && jtag_cable_name =~ "Digilent Basys3 210183B82211A"} -index 0
con
----------------End of Script----------------

15:01:27 INFO  : Launch script is exported to file 'C:\Users\Nathan\Desktop\cs152b\cs152b\final_project\final_project.sdk\.sdk\launch_scripts\xilinx_c-c++_application_(system_debugger)\system_debugger_using_debug_final_project.elf_on_local_(1).tcl'
15:01:39 INFO  : Disconnected from the channel tcfchan#4.
15:01:40 INFO  : 'targets -set -filter {jtag_cable_name =~ "Digilent Basys3 210183B82211A" && level==0} -index 0' command is executed.
15:01:40 INFO  : 'fpga -state' command is executed.
15:01:40 INFO  : Connected to target on host '127.0.0.1' and port '3121'.
15:01:40 INFO  : Jtag cable 'Digilent Basys3 210183B82211A' is selected.
15:01:40 INFO  : 'jtag frequency' command is executed.
15:01:40 INFO  : 'configparams mdm-detect-bscan-mask 2' command is executed.
15:01:40 INFO  : Context for processor 'microblaze_0' is selected.
15:01:40 INFO  : Processor reset is completed for 'microblaze_0'.
15:01:40 INFO  : Context for processor 'microblaze_0' is selected.
15:01:40 INFO  : The application 'C:/Users/Nathan/Desktop/cs152b/cs152b/final_project/final_project.sdk/final_project/Debug/final_project.elf' is downloaded to processor 'microblaze_0'.
15:01:40 INFO  : ----------------XSDB Script----------------
connect -url tcp:127.0.0.1:3121
configparams mdm-detect-bscan-mask 2
targets -set -nocase -filter {name =~ "microblaze*#0" && bscan=="USER2"  && jtag_cable_name =~ "Digilent Basys3 210183B82211A"} -index 0
rst -processor
targets -set -nocase -filter {name =~ "microblaze*#0" && bscan=="USER2"  && jtag_cable_name =~ "Digilent Basys3 210183B82211A"} -index 0
dow C:/Users/Nathan/Desktop/cs152b/cs152b/final_project/final_project.sdk/final_project/Debug/final_project.elf
----------------End of Script----------------

15:01:40 INFO  : Memory regions updated for context MicroBlaze #0
15:01:40 INFO  : Memory regions updated for context MicroBlaze #0
15:01:40 INFO  : Context for processor 'microblaze_0' is selected.
15:01:40 INFO  : 'con' command is executed.
15:01:40 INFO  : ----------------XSDB Script (After Launch)----------------
targets -set -nocase -filter {name =~ "microblaze*#0" && bscan=="USER2"  && jtag_cable_name =~ "Digilent Basys3 210183B82211A"} -index 0
con
----------------End of Script----------------

15:01:40 INFO  : Launch script is exported to file 'C:\Users\Nathan\Desktop\cs152b\cs152b\final_project\final_project.sdk\.sdk\launch_scripts\xilinx_c-c++_application_(system_debugger)\system_debugger_using_debug_final_project.elf_on_local_(1).tcl'
15:02:09 INFO  : Disconnected from the channel tcfchan#5.
15:02:25 INFO  : Registering command handlers for SDK TCF services
15:02:25 INFO  : Launching XSCT server: xsct.bat -interactive C:\Users\Nathan\Desktop\cs152b\cs152b\final_project\final_project.sdk\temp_xsdb_launch_script.tcl
15:02:27 INFO  : XSCT server has started successfully.
15:02:27 INFO  : Successfully done setting XSCT server connection channel  
15:02:27 INFO  : Successfully done setting SDK workspace  
15:02:27 INFO  : Processing command line option -hwspec C:/Users/Nathan/Desktop/cs152b/cs152b/final_project/final_project.sdk/top_level.hdf.
15:02:27 INFO  : Checking for hwspec changes in the project top_level_hw_platform_0.
15:02:33 INFO  : 'targets -set -filter {jtag_cable_name =~ "Digilent Basys3 210183B82211A" && level==0} -index 0' command is executed.
15:02:33 INFO  : 'fpga -state' command is executed.
15:02:33 INFO  : Connected to target on host '127.0.0.1' and port '3121'.
15:02:33 INFO  : Jtag cable 'Digilent Basys3 210183B82211A' is selected.
15:02:33 INFO  : 'jtag frequency' command is executed.
15:02:33 INFO  : 'configparams mdm-detect-bscan-mask 2' command is executed.
15:02:33 INFO  : Context for processor 'microblaze_0' is selected.
15:02:33 INFO  : Processor reset is completed for 'microblaze_0'.
15:02:33 INFO  : Context for processor 'microblaze_0' is selected.
15:02:33 INFO  : The application 'C:/Users/Nathan/Desktop/cs152b/cs152b/final_project/final_project.sdk/final_project/Debug/final_project.elf' is downloaded to processor 'microblaze_0'.
15:02:33 INFO  : ----------------XSDB Script----------------
connect -url tcp:127.0.0.1:3121
configparams mdm-detect-bscan-mask 2
targets -set -nocase -filter {name =~ "microblaze*#0" && bscan=="USER2"  && jtag_cable_name =~ "Digilent Basys3 210183B82211A"} -index 0
rst -processor
targets -set -nocase -filter {name =~ "microblaze*#0" && bscan=="USER2"  && jtag_cable_name =~ "Digilent Basys3 210183B82211A"} -index 0
dow C:/Users/Nathan/Desktop/cs152b/cs152b/final_project/final_project.sdk/final_project/Debug/final_project.elf
----------------End of Script----------------

15:02:33 INFO  : Memory regions updated for context MicroBlaze #0
15:02:33 INFO  : Memory regions updated for context MicroBlaze #0
15:02:33 INFO  : Context for processor 'microblaze_0' is selected.
15:02:34 INFO  : 'con' command is executed.
15:02:34 INFO  : ----------------XSDB Script (After Launch)----------------
targets -set -nocase -filter {name =~ "microblaze*#0" && bscan=="USER2"  && jtag_cable_name =~ "Digilent Basys3 210183B82211A"} -index 0
con
----------------End of Script----------------

15:02:34 INFO  : Launch script is exported to file 'C:\Users\Nathan\Desktop\cs152b\cs152b\final_project\final_project.sdk\.sdk\launch_scripts\xilinx_c-c++_application_(system_debugger)\system_debugger_using_debug_final_project.elf_on_local_(1).tcl'
15:06:42 INFO  : Disconnected from the channel tcfchan#1.
15:06:43 INFO  : 'targets -set -filter {jtag_cable_name =~ "Digilent Basys3 210183B82211A" && level==0} -index 0' command is executed.
15:06:43 INFO  : 'fpga -state' command is executed.
15:06:43 INFO  : Connected to target on host '127.0.0.1' and port '3121'.
15:06:43 INFO  : Jtag cable 'Digilent Basys3 210183B82211A' is selected.
15:06:43 INFO  : 'jtag frequency' command is executed.
15:06:43 INFO  : 'configparams mdm-detect-bscan-mask 2' command is executed.
15:06:43 INFO  : Context for processor 'microblaze_0' is selected.
15:06:43 INFO  : Processor reset is completed for 'microblaze_0'.
15:06:43 INFO  : Context for processor 'microblaze_0' is selected.
15:06:44 INFO  : The application 'C:/Users/Nathan/Desktop/cs152b/cs152b/final_project/final_project.sdk/final_project/Debug/final_project.elf' is downloaded to processor 'microblaze_0'.
15:06:44 INFO  : ----------------XSDB Script----------------
connect -url tcp:127.0.0.1:3121
configparams mdm-detect-bscan-mask 2
targets -set -nocase -filter {name =~ "microblaze*#0" && bscan=="USER2"  && jtag_cable_name =~ "Digilent Basys3 210183B82211A"} -index 0
rst -processor
targets -set -nocase -filter {name =~ "microblaze*#0" && bscan=="USER2"  && jtag_cable_name =~ "Digilent Basys3 210183B82211A"} -index 0
dow C:/Users/Nathan/Desktop/cs152b/cs152b/final_project/final_project.sdk/final_project/Debug/final_project.elf
----------------End of Script----------------

15:06:44 INFO  : Memory regions updated for context MicroBlaze #0
15:06:44 INFO  : Memory regions updated for context MicroBlaze #0
15:06:44 INFO  : Context for processor 'microblaze_0' is selected.
15:06:44 INFO  : 'con' command is executed.
15:06:44 INFO  : ----------------XSDB Script (After Launch)----------------
targets -set -nocase -filter {name =~ "microblaze*#0" && bscan=="USER2"  && jtag_cable_name =~ "Digilent Basys3 210183B82211A"} -index 0
con
----------------End of Script----------------

15:06:44 INFO  : Launch script is exported to file 'C:\Users\Nathan\Desktop\cs152b\cs152b\final_project\final_project.sdk\.sdk\launch_scripts\xilinx_c-c++_application_(system_debugger)\system_debugger_using_debug_final_project.elf_on_local_(1).tcl'
15:06:59 INFO  : Disconnected from the channel tcfchan#2.
15:07:01 INFO  : 'targets -set -filter {jtag_cable_name =~ "Digilent Basys3 210183B82211A" && level==0} -index 0' command is executed.
15:07:01 INFO  : 'fpga -state' command is executed.
15:07:01 INFO  : Connected to target on host '127.0.0.1' and port '3121'.
15:07:01 INFO  : Jtag cable 'Digilent Basys3 210183B82211A' is selected.
15:07:01 INFO  : 'jtag frequency' command is executed.
15:07:01 INFO  : 'configparams mdm-detect-bscan-mask 2' command is executed.
15:07:01 INFO  : Context for processor 'microblaze_0' is selected.
15:07:01 INFO  : Processor reset is completed for 'microblaze_0'.
15:07:01 INFO  : Context for processor 'microblaze_0' is selected.
15:07:01 INFO  : The application 'C:/Users/Nathan/Desktop/cs152b/cs152b/final_project/final_project.sdk/final_project/Debug/final_project.elf' is downloaded to processor 'microblaze_0'.
15:07:01 INFO  : ----------------XSDB Script----------------
connect -url tcp:127.0.0.1:3121
configparams mdm-detect-bscan-mask 2
targets -set -nocase -filter {name =~ "microblaze*#0" && bscan=="USER2"  && jtag_cable_name =~ "Digilent Basys3 210183B82211A"} -index 0
rst -processor
targets -set -nocase -filter {name =~ "microblaze*#0" && bscan=="USER2"  && jtag_cable_name =~ "Digilent Basys3 210183B82211A"} -index 0
dow C:/Users/Nathan/Desktop/cs152b/cs152b/final_project/final_project.sdk/final_project/Debug/final_project.elf
----------------End of Script----------------

15:07:01 INFO  : Memory regions updated for context MicroBlaze #0
15:07:01 INFO  : Memory regions updated for context MicroBlaze #0
15:07:01 INFO  : Context for processor 'microblaze_0' is selected.
15:07:01 INFO  : 'con' command is executed.
15:07:01 INFO  : ----------------XSDB Script (After Launch)----------------
targets -set -nocase -filter {name =~ "microblaze*#0" && bscan=="USER2"  && jtag_cable_name =~ "Digilent Basys3 210183B82211A"} -index 0
con
----------------End of Script----------------

15:07:01 INFO  : Launch script is exported to file 'C:\Users\Nathan\Desktop\cs152b\cs152b\final_project\final_project.sdk\.sdk\launch_scripts\xilinx_c-c++_application_(system_debugger)\system_debugger_using_debug_final_project.elf_on_local_(1).tcl'
15:07:27 INFO  : Disconnected from the channel tcfchan#3.
15:07:28 INFO  : 'targets -set -filter {jtag_cable_name =~ "Digilent Basys3 210183B82211A" && level==0} -index 0' command is executed.
15:07:28 INFO  : 'fpga -state' command is executed.
15:07:28 INFO  : Connected to target on host '127.0.0.1' and port '3121'.
15:07:28 INFO  : Jtag cable 'Digilent Basys3 210183B82211A' is selected.
15:07:28 INFO  : 'jtag frequency' command is executed.
15:07:28 INFO  : 'configparams mdm-detect-bscan-mask 2' command is executed.
15:07:28 INFO  : Context for processor 'microblaze_0' is selected.
15:07:29 INFO  : Processor reset is completed for 'microblaze_0'.
15:07:29 INFO  : Context for processor 'microblaze_0' is selected.
15:07:29 INFO  : The application 'C:/Users/Nathan/Desktop/cs152b/cs152b/final_project/final_project.sdk/final_project/Debug/final_project.elf' is downloaded to processor 'microblaze_0'.
15:07:29 INFO  : ----------------XSDB Script----------------
connect -url tcp:127.0.0.1:3121
configparams mdm-detect-bscan-mask 2
targets -set -nocase -filter {name =~ "microblaze*#0" && bscan=="USER2"  && jtag_cable_name =~ "Digilent Basys3 210183B82211A"} -index 0
rst -processor
targets -set -nocase -filter {name =~ "microblaze*#0" && bscan=="USER2"  && jtag_cable_name =~ "Digilent Basys3 210183B82211A"} -index 0
dow C:/Users/Nathan/Desktop/cs152b/cs152b/final_project/final_project.sdk/final_project/Debug/final_project.elf
----------------End of Script----------------

15:07:29 INFO  : Memory regions updated for context MicroBlaze #0
15:07:29 INFO  : Memory regions updated for context MicroBlaze #0
15:07:29 INFO  : Context for processor 'microblaze_0' is selected.
15:07:29 INFO  : 'con' command is executed.
15:07:29 INFO  : ----------------XSDB Script (After Launch)----------------
targets -set -nocase -filter {name =~ "microblaze*#0" && bscan=="USER2"  && jtag_cable_name =~ "Digilent Basys3 210183B82211A"} -index 0
con
----------------End of Script----------------

15:07:29 INFO  : Launch script is exported to file 'C:\Users\Nathan\Desktop\cs152b\cs152b\final_project\final_project.sdk\.sdk\launch_scripts\xilinx_c-c++_application_(system_debugger)\system_debugger_using_debug_final_project.elf_on_local_(1).tcl'
15:14:29 INFO  : SDK has detected change in the last modified timestamps for source hardware specification file Source:1780006454306,  Project:1780004602437
15:14:29 INFO  : Project top_level_hw_platform_0's source hardware specification located at C:/Users/Nathan/Desktop/cs152b/cs152b/final_project/final_project.sdk/top_level.hdf is now different from the local copy.
		 The local copy will be replaced with the source specification and your workspace will be updated.
15:14:32 INFO  : Copied contents of C:/Users/Nathan/Desktop/cs152b/cs152b/final_project/final_project.sdk/top_level.hdf into \top_level_hw_platform_0\system.hdf.
15:14:32 INFO  : Synchronizing projects in the workspace with the hardware platform specification changes.
15:14:33 INFO  : 
15:14:34 INFO  : Updating hardware inferred compiler options for final_project.
15:14:34 INFO  : Clearing existing target manager status.
15:14:34 INFO  : Workspace synchronized with the new hardware specification file. Cleaning dependent projects...
15:14:35 WARN  : Linker script will not be updated automatically. Users need to update it manually.
15:14:49 INFO  : Disconnected from the channel tcfchan#4.
15:14:50 INFO  : 'targets -set -filter {jtag_cable_name =~ "Digilent Basys3 210183B82211A" && level==0} -index 0' command is executed.
15:14:50 INFO  : 'fpga -state' command is executed.
15:14:50 INFO  : Connected to target on host '127.0.0.1' and port '3121'.
15:14:50 INFO  : Jtag cable 'Digilent Basys3 210183B82211A' is selected.
15:14:50 INFO  : 'jtag frequency' command is executed.
15:14:50 INFO  : 'configparams mdm-detect-bscan-mask 2' command is executed.
15:14:50 INFO  : Context for processor 'microblaze_0' is selected.
15:14:50 INFO  : Processor reset is completed for 'microblaze_0'.
15:14:50 INFO  : Context for processor 'microblaze_0' is selected.
15:14:50 INFO  : The application 'C:/Users/Nathan/Desktop/cs152b/cs152b/final_project/final_project.sdk/final_project/Debug/final_project.elf' is downloaded to processor 'microblaze_0'.
15:14:50 INFO  : ----------------XSDB Script----------------
connect -url tcp:127.0.0.1:3121
configparams mdm-detect-bscan-mask 2
targets -set -nocase -filter {name =~ "microblaze*#0" && bscan=="USER2"  && jtag_cable_name =~ "Digilent Basys3 210183B82211A"} -index 0
rst -processor
targets -set -nocase -filter {name =~ "microblaze*#0" && bscan=="USER2"  && jtag_cable_name =~ "Digilent Basys3 210183B82211A"} -index 0
dow C:/Users/Nathan/Desktop/cs152b/cs152b/final_project/final_project.sdk/final_project/Debug/final_project.elf
----------------End of Script----------------

15:14:50 INFO  : Memory regions updated for context MicroBlaze #0
15:14:50 INFO  : Memory regions updated for context MicroBlaze #0
15:14:50 INFO  : Context for processor 'microblaze_0' is selected.
15:14:50 INFO  : 'con' command is executed.
15:14:50 INFO  : ----------------XSDB Script (After Launch)----------------
targets -set -nocase -filter {name =~ "microblaze*#0" && bscan=="USER2"  && jtag_cable_name =~ "Digilent Basys3 210183B82211A"} -index 0
con
----------------End of Script----------------

15:14:50 INFO  : Launch script is exported to file 'C:\Users\Nathan\Desktop\cs152b\cs152b\final_project\final_project.sdk\.sdk\launch_scripts\xilinx_c-c++_application_(system_debugger)\system_debugger_using_debug_final_project.elf_on_local_(1).tcl'
15:15:03 INFO  : Disconnected from the channel tcfchan#5.
15:15:04 INFO  : 'targets -set -filter {jtag_cable_name =~ "Digilent Basys3 210183B82211A" && level==0} -index 0' command is executed.
15:15:04 INFO  : 'fpga -state' command is executed.
15:15:04 INFO  : Connected to target on host '127.0.0.1' and port '3121'.
15:15:04 INFO  : Jtag cable 'Digilent Basys3 210183B82211A' is selected.
15:15:04 INFO  : 'jtag frequency' command is executed.
15:15:04 INFO  : 'configparams mdm-detect-bscan-mask 2' command is executed.
15:15:04 INFO  : Context for processor 'microblaze_0' is selected.
15:15:04 INFO  : Processor reset is completed for 'microblaze_0'.
15:15:04 INFO  : Context for processor 'microblaze_0' is selected.
15:15:04 INFO  : The application 'C:/Users/Nathan/Desktop/cs152b/cs152b/final_project/final_project.sdk/final_project/Debug/final_project.elf' is downloaded to processor 'microblaze_0'.
15:15:04 INFO  : ----------------XSDB Script----------------
connect -url tcp:127.0.0.1:3121
configparams mdm-detect-bscan-mask 2
targets -set -nocase -filter {name =~ "microblaze*#0" && bscan=="USER2"  && jtag_cable_name =~ "Digilent Basys3 210183B82211A"} -index 0
rst -processor
targets -set -nocase -filter {name =~ "microblaze*#0" && bscan=="USER2"  && jtag_cable_name =~ "Digilent Basys3 210183B82211A"} -index 0
dow C:/Users/Nathan/Desktop/cs152b/cs152b/final_project/final_project.sdk/final_project/Debug/final_project.elf
----------------End of Script----------------

15:15:04 INFO  : Memory regions updated for context MicroBlaze #0
15:15:04 INFO  : Memory regions updated for context MicroBlaze #0
15:15:04 INFO  : Context for processor 'microblaze_0' is selected.
15:15:04 INFO  : 'con' command is executed.
15:15:04 INFO  : ----------------XSDB Script (After Launch)----------------
targets -set -nocase -filter {name =~ "microblaze*#0" && bscan=="USER2"  && jtag_cable_name =~ "Digilent Basys3 210183B82211A"} -index 0
con
----------------End of Script----------------

15:15:04 INFO  : Launch script is exported to file 'C:\Users\Nathan\Desktop\cs152b\cs152b\final_project\final_project.sdk\.sdk\launch_scripts\xilinx_c-c++_application_(system_debugger)\system_debugger_using_debug_final_project.elf_on_local_(1).tcl'
15:24:11 INFO  : SDK has detected change in the last modified timestamps for source hardware specification file Source:1780007032997,  Project:1780006454306
15:24:11 INFO  : Project top_level_hw_platform_0's source hardware specification located at C:/Users/Nathan/Desktop/cs152b/cs152b/final_project/final_project.sdk/top_level.hdf is now different from the local copy.
		 The local copy will be replaced with the source specification and your workspace will be updated.
15:24:13 INFO  : Copied contents of C:/Users/Nathan/Desktop/cs152b/cs152b/final_project/final_project.sdk/top_level.hdf into \top_level_hw_platform_0\system.hdf.
15:24:13 INFO  : Synchronizing projects in the workspace with the hardware platform specification changes.
15:24:15 INFO  : 
15:24:16 INFO  : Updating hardware inferred compiler options for final_project.
15:24:16 INFO  : Clearing existing target manager status.
15:24:16 INFO  : Workspace synchronized with the new hardware specification file. Cleaning dependent projects...
15:24:17 WARN  : Linker script will not be updated automatically. Users need to update it manually.
15:24:26 INFO  : Disconnected from the channel tcfchan#6.
15:24:27 INFO  : 'targets -set -filter {jtag_cable_name =~ "Digilent Basys3 210183B82211A" && level==0} -index 0' command is executed.
15:24:27 INFO  : 'fpga -state' command is executed.
15:24:27 INFO  : Connected to target on host '127.0.0.1' and port '3121'.
15:24:27 INFO  : Jtag cable 'Digilent Basys3 210183B82211A' is selected.
15:24:27 INFO  : 'jtag frequency' command is executed.
15:24:27 INFO  : 'configparams mdm-detect-bscan-mask 2' command is executed.
15:24:27 INFO  : Context for processor 'microblaze_0' is selected.
15:24:27 INFO  : Processor reset is completed for 'microblaze_0'.
15:24:27 INFO  : Context for processor 'microblaze_0' is selected.
15:24:27 INFO  : The application 'C:/Users/Nathan/Desktop/cs152b/cs152b/final_project/final_project.sdk/final_project/Debug/final_project.elf' is downloaded to processor 'microblaze_0'.
15:24:27 INFO  : ----------------XSDB Script----------------
connect -url tcp:127.0.0.1:3121
configparams mdm-detect-bscan-mask 2
targets -set -nocase -filter {name =~ "microblaze*#0" && bscan=="USER2"  && jtag_cable_name =~ "Digilent Basys3 210183B82211A"} -index 0
rst -processor
targets -set -nocase -filter {name =~ "microblaze*#0" && bscan=="USER2"  && jtag_cable_name =~ "Digilent Basys3 210183B82211A"} -index 0
dow C:/Users/Nathan/Desktop/cs152b/cs152b/final_project/final_project.sdk/final_project/Debug/final_project.elf
----------------End of Script----------------

15:24:27 INFO  : Memory regions updated for context MicroBlaze #0
15:24:27 INFO  : Memory regions updated for context MicroBlaze #0
15:24:27 INFO  : Context for processor 'microblaze_0' is selected.
15:24:27 INFO  : 'con' command is executed.
15:24:27 INFO  : ----------------XSDB Script (After Launch)----------------
targets -set -nocase -filter {name =~ "microblaze*#0" && bscan=="USER2"  && jtag_cable_name =~ "Digilent Basys3 210183B82211A"} -index 0
con
----------------End of Script----------------

15:24:27 INFO  : Launch script is exported to file 'C:\Users\Nathan\Desktop\cs152b\cs152b\final_project\final_project.sdk\.sdk\launch_scripts\xilinx_c-c++_application_(system_debugger)\system_debugger_using_debug_final_project.elf_on_local_(1).tcl'
15:32:03 INFO  : SDK has detected change in the last modified timestamps for source hardware specification file Source:1780007505173,  Project:1780007032997
15:32:03 INFO  : Project top_level_hw_platform_0's source hardware specification located at C:/Users/Nathan/Desktop/cs152b/cs152b/final_project/final_project.sdk/top_level.hdf is now different from the local copy.
		 The local copy will be replaced with the source specification and your workspace will be updated.
15:32:04 INFO  : Copied contents of C:/Users/Nathan/Desktop/cs152b/cs152b/final_project/final_project.sdk/top_level.hdf into \top_level_hw_platform_0\system.hdf.
15:32:04 INFO  : Synchronizing projects in the workspace with the hardware platform specification changes.
15:32:06 INFO  : 
15:32:06 INFO  : Updating hardware inferred compiler options for final_project.
15:32:06 INFO  : Clearing existing target manager status.
15:32:06 INFO  : Workspace synchronized with the new hardware specification file. Cleaning dependent projects...
15:32:07 WARN  : Linker script will not be updated automatically. Users need to update it manually.
15:32:16 INFO  : Disconnected from the channel tcfchan#7.
15:32:17 INFO  : 'targets -set -filter {jtag_cable_name =~ "Digilent Basys3 210183B82211A" && level==0} -index 0' command is executed.
15:32:17 INFO  : 'fpga -state' command is executed.
15:32:17 INFO  : Connected to target on host '127.0.0.1' and port '3121'.
15:32:17 INFO  : Jtag cable 'Digilent Basys3 210183B82211A' is selected.
15:32:17 INFO  : 'jtag frequency' command is executed.
15:32:17 INFO  : 'configparams mdm-detect-bscan-mask 2' command is executed.
15:32:17 INFO  : Context for processor 'microblaze_0' is selected.
15:32:17 INFO  : Processor reset is completed for 'microblaze_0'.
15:32:17 INFO  : Context for processor 'microblaze_0' is selected.
15:32:17 INFO  : The application 'C:/Users/Nathan/Desktop/cs152b/cs152b/final_project/final_project.sdk/final_project/Debug/final_project.elf' is downloaded to processor 'microblaze_0'.
15:32:17 INFO  : ----------------XSDB Script----------------
connect -url tcp:127.0.0.1:3121
configparams mdm-detect-bscan-mask 2
targets -set -nocase -filter {name =~ "microblaze*#0" && bscan=="USER2"  && jtag_cable_name =~ "Digilent Basys3 210183B82211A"} -index 0
rst -processor
targets -set -nocase -filter {name =~ "microblaze*#0" && bscan=="USER2"  && jtag_cable_name =~ "Digilent Basys3 210183B82211A"} -index 0
dow C:/Users/Nathan/Desktop/cs152b/cs152b/final_project/final_project.sdk/final_project/Debug/final_project.elf
----------------End of Script----------------

15:32:18 INFO  : Memory regions updated for context MicroBlaze #0
15:32:18 INFO  : Memory regions updated for context MicroBlaze #0
15:32:18 INFO  : Context for processor 'microblaze_0' is selected.
15:32:18 INFO  : 'con' command is executed.
15:32:18 INFO  : ----------------XSDB Script (After Launch)----------------
targets -set -nocase -filter {name =~ "microblaze*#0" && bscan=="USER2"  && jtag_cable_name =~ "Digilent Basys3 210183B82211A"} -index 0
con
----------------End of Script----------------

15:32:18 INFO  : Launch script is exported to file 'C:\Users\Nathan\Desktop\cs152b\cs152b\final_project\final_project.sdk\.sdk\launch_scripts\xilinx_c-c++_application_(system_debugger)\system_debugger_using_debug_final_project.elf_on_local_(1).tcl'
15:32:27 INFO  : Disconnected from the channel tcfchan#8.
15:32:28 INFO  : 'targets -set -filter {jtag_cable_name =~ "Digilent Basys3 210183B82211A" && level==0} -index 0' command is executed.
15:32:28 INFO  : 'fpga -state' command is executed.
15:32:28 INFO  : Connected to target on host '127.0.0.1' and port '3121'.
15:32:28 INFO  : Jtag cable 'Digilent Basys3 210183B82211A' is selected.
15:32:28 INFO  : 'jtag frequency' command is executed.
15:32:28 INFO  : 'configparams mdm-detect-bscan-mask 2' command is executed.
15:32:28 INFO  : Context for processor 'microblaze_0' is selected.
15:32:28 INFO  : Processor reset is completed for 'microblaze_0'.
15:32:28 INFO  : Context for processor 'microblaze_0' is selected.
15:32:29 INFO  : The application 'C:/Users/Nathan/Desktop/cs152b/cs152b/final_project/final_project.sdk/final_project/Debug/final_project.elf' is downloaded to processor 'microblaze_0'.
15:32:29 INFO  : ----------------XSDB Script----------------
connect -url tcp:127.0.0.1:3121
configparams mdm-detect-bscan-mask 2
targets -set -nocase -filter {name =~ "microblaze*#0" && bscan=="USER2"  && jtag_cable_name =~ "Digilent Basys3 210183B82211A"} -index 0
rst -processor
targets -set -nocase -filter {name =~ "microblaze*#0" && bscan=="USER2"  && jtag_cable_name =~ "Digilent Basys3 210183B82211A"} -index 0
dow C:/Users/Nathan/Desktop/cs152b/cs152b/final_project/final_project.sdk/final_project/Debug/final_project.elf
----------------End of Script----------------

15:32:29 INFO  : Memory regions updated for context MicroBlaze #0
15:32:29 INFO  : Memory regions updated for context MicroBlaze #0
15:32:29 INFO  : Context for processor 'microblaze_0' is selected.
15:32:29 INFO  : 'con' command is executed.
15:32:29 INFO  : ----------------XSDB Script (After Launch)----------------
targets -set -nocase -filter {name =~ "microblaze*#0" && bscan=="USER2"  && jtag_cable_name =~ "Digilent Basys3 210183B82211A"} -index 0
con
----------------End of Script----------------

15:32:29 INFO  : Launch script is exported to file 'C:\Users\Nathan\Desktop\cs152b\cs152b\final_project\final_project.sdk\.sdk\launch_scripts\xilinx_c-c++_application_(system_debugger)\system_debugger_using_debug_final_project.elf_on_local_(1).tcl'
15:36:23 INFO  : SDK has detected change in the last modified timestamps for source hardware specification file Source:1780007756791,  Project:1780007505173
15:36:23 INFO  : Project top_level_hw_platform_0's source hardware specification located at C:/Users/Nathan/Desktop/cs152b/cs152b/final_project/final_project.sdk/top_level.hdf is now different from the local copy.
		 The local copy will be replaced with the source specification and your workspace will be updated.
15:36:24 INFO  : Copied contents of C:/Users/Nathan/Desktop/cs152b/cs152b/final_project/final_project.sdk/top_level.hdf into \top_level_hw_platform_0\system.hdf.
15:36:24 INFO  : Synchronizing projects in the workspace with the hardware platform specification changes.
15:36:25 INFO  : 
15:36:26 INFO  : Updating hardware inferred compiler options for final_project.
15:36:26 INFO  : Clearing existing target manager status.
15:36:26 INFO  : Workspace synchronized with the new hardware specification file. Cleaning dependent projects...
15:36:27 WARN  : Linker script will not be updated automatically. Users need to update it manually.
15:36:36 INFO  : Disconnected from the channel tcfchan#9.
15:36:37 INFO  : 'targets -set -filter {jtag_cable_name =~ "Digilent Basys3 210183B82211A" && level==0} -index 0' command is executed.
15:36:37 INFO  : 'fpga -state' command is executed.
15:36:37 INFO  : Connected to target on host '127.0.0.1' and port '3121'.
15:36:37 INFO  : Jtag cable 'Digilent Basys3 210183B82211A' is selected.
15:36:37 INFO  : 'jtag frequency' command is executed.
15:36:37 INFO  : 'configparams mdm-detect-bscan-mask 2' command is executed.
15:36:37 INFO  : Context for processor 'microblaze_0' is selected.
15:36:37 INFO  : Processor reset is completed for 'microblaze_0'.
15:36:37 INFO  : Context for processor 'microblaze_0' is selected.
15:36:37 INFO  : The application 'C:/Users/Nathan/Desktop/cs152b/cs152b/final_project/final_project.sdk/final_project/Debug/final_project.elf' is downloaded to processor 'microblaze_0'.
15:36:37 INFO  : ----------------XSDB Script----------------
connect -url tcp:127.0.0.1:3121
configparams mdm-detect-bscan-mask 2
targets -set -nocase -filter {name =~ "microblaze*#0" && bscan=="USER2"  && jtag_cable_name =~ "Digilent Basys3 210183B82211A"} -index 0
rst -processor
targets -set -nocase -filter {name =~ "microblaze*#0" && bscan=="USER2"  && jtag_cable_name =~ "Digilent Basys3 210183B82211A"} -index 0
dow C:/Users/Nathan/Desktop/cs152b/cs152b/final_project/final_project.sdk/final_project/Debug/final_project.elf
----------------End of Script----------------

15:36:37 INFO  : Memory regions updated for context MicroBlaze #0
15:36:37 INFO  : Memory regions updated for context MicroBlaze #0
15:36:38 INFO  : Context for processor 'microblaze_0' is selected.
15:36:38 INFO  : 'con' command is executed.
15:36:38 INFO  : ----------------XSDB Script (After Launch)----------------
targets -set -nocase -filter {name =~ "microblaze*#0" && bscan=="USER2"  && jtag_cable_name =~ "Digilent Basys3 210183B82211A"} -index 0
con
----------------End of Script----------------

15:36:38 INFO  : Launch script is exported to file 'C:\Users\Nathan\Desktop\cs152b\cs152b\final_project\final_project.sdk\.sdk\launch_scripts\xilinx_c-c++_application_(system_debugger)\system_debugger_using_debug_final_project.elf_on_local_(1).tcl'
15:40:15 INFO  : Disconnected from the channel tcfchan#10.
16:28:48 INFO  : Registering command handlers for SDK TCF services
16:28:48 INFO  : Launching XSCT server: xsct.bat -interactive C:\Users\Nathan\Desktop\cs152b\cs152b\final_project\final_project.sdk\temp_xsdb_launch_script.tcl
16:28:50 INFO  : XSCT server has started successfully.
16:28:50 INFO  : Successfully done setting XSCT server connection channel  
16:28:50 INFO  : Successfully done setting SDK workspace  
16:28:50 INFO  : Processing command line option -hwspec C:/Users/Nathan/Desktop/cs152b/cs152b/final_project/final_project.sdk/top_level.hdf.
16:28:50 INFO  : Checking for hwspec changes in the project top_level_hw_platform_0.
16:28:51 INFO  : SDK has detected change in the last modified timestamps for source hardware specification file Source:1780010885213,  Project:1780007756791
16:28:51 INFO  : The hardware specification for project 'top_level_hw_platform_0' is different from C:/Users/Nathan/Desktop/cs152b/cs152b/final_project/final_project.sdk/top_level.hdf.
16:28:51 INFO  : Copied contents of C:/Users/Nathan/Desktop/cs152b/cs152b/final_project/final_project.sdk/top_level.hdf into \top_level_hw_platform_0\system.hdf.
16:28:51 INFO  : Synchronizing projects in the workspace with the hardware platform specification changes.
16:28:53 INFO  : 
16:28:54 INFO  : Updating hardware inferred compiler options for final_project.
16:28:54 INFO  : Clearing existing target manager status.
16:28:54 INFO  : Workspace synchronized with the new hardware specification file. Cleaning dependent projects...
16:28:55 WARN  : Linker script will not be updated automatically. Users need to update it manually.
16:29:03 INFO  : 'targets -set -filter {jtag_cable_name =~ "Digilent Basys3 210183B82211A" && level==0} -index 0' command is executed.
16:29:03 INFO  : 'fpga -state' command is executed.
16:29:03 INFO  : Connected to target on host '127.0.0.1' and port '3121'.
16:29:03 INFO  : Jtag cable 'Digilent Basys3 210183B82211A' is selected.
16:29:03 INFO  : 'jtag frequency' command is executed.
16:29:03 INFO  : 'configparams mdm-detect-bscan-mask 2' command is executed.
16:29:03 INFO  : Context for processor 'microblaze_0' is selected.
16:29:03 INFO  : Processor reset is completed for 'microblaze_0'.
16:29:03 INFO  : Context for processor 'microblaze_0' is selected.
16:29:03 INFO  : The application 'C:/Users/Nathan/Desktop/cs152b/cs152b/final_project/final_project.sdk/final_project/Debug/final_project.elf' is downloaded to processor 'microblaze_0'.
16:29:03 INFO  : ----------------XSDB Script----------------
connect -url tcp:127.0.0.1:3121
configparams mdm-detect-bscan-mask 2
targets -set -nocase -filter {name =~ "microblaze*#0" && bscan=="USER2"  && jtag_cable_name =~ "Digilent Basys3 210183B82211A"} -index 0
rst -processor
targets -set -nocase -filter {name =~ "microblaze*#0" && bscan=="USER2"  && jtag_cable_name =~ "Digilent Basys3 210183B82211A"} -index 0
dow C:/Users/Nathan/Desktop/cs152b/cs152b/final_project/final_project.sdk/final_project/Debug/final_project.elf
----------------End of Script----------------

16:29:03 INFO  : Memory regions updated for context MicroBlaze #0
16:29:03 INFO  : Memory regions updated for context MicroBlaze #0
16:29:03 INFO  : Context for processor 'microblaze_0' is selected.
16:29:03 INFO  : 'con' command is executed.
16:29:03 INFO  : ----------------XSDB Script (After Launch)----------------
targets -set -nocase -filter {name =~ "microblaze*#0" && bscan=="USER2"  && jtag_cable_name =~ "Digilent Basys3 210183B82211A"} -index 0
con
----------------End of Script----------------

16:29:03 INFO  : Launch script is exported to file 'C:\Users\Nathan\Desktop\cs152b\cs152b\final_project\final_project.sdk\.sdk\launch_scripts\xilinx_c-c++_application_(system_debugger)\system_debugger_using_debug_final_project.elf_on_local_(1).tcl'
16:39:36 INFO  : Disconnected from the channel tcfchan#1.
16:39:37 INFO  : 'targets -set -filter {jtag_cable_name =~ "Digilent Basys3 210183B82211A" && level==0} -index 0' command is executed.
16:39:37 INFO  : 'fpga -state' command is executed.
16:39:37 INFO  : Connected to target on host '127.0.0.1' and port '3121'.
16:39:37 INFO  : Jtag cable 'Digilent Basys3 210183B82211A' is selected.
16:39:37 INFO  : 'jtag frequency' command is executed.
16:39:37 INFO  : 'configparams mdm-detect-bscan-mask 2' command is executed.
16:39:37 INFO  : Context for processor 'microblaze_0' is selected.
16:39:37 INFO  : Processor reset is completed for 'microblaze_0'.
16:39:37 INFO  : Context for processor 'microblaze_0' is selected.
16:39:37 INFO  : The application 'C:/Users/Nathan/Desktop/cs152b/cs152b/final_project/final_project.sdk/final_project/Debug/final_project.elf' is downloaded to processor 'microblaze_0'.
16:39:37 INFO  : ----------------XSDB Script----------------
connect -url tcp:127.0.0.1:3121
configparams mdm-detect-bscan-mask 2
targets -set -nocase -filter {name =~ "microblaze*#0" && bscan=="USER2"  && jtag_cable_name =~ "Digilent Basys3 210183B82211A"} -index 0
rst -processor
targets -set -nocase -filter {name =~ "microblaze*#0" && bscan=="USER2"  && jtag_cable_name =~ "Digilent Basys3 210183B82211A"} -index 0
dow C:/Users/Nathan/Desktop/cs152b/cs152b/final_project/final_project.sdk/final_project/Debug/final_project.elf
----------------End of Script----------------

16:39:37 INFO  : Memory regions updated for context MicroBlaze #0
16:39:37 INFO  : Memory regions updated for context MicroBlaze #0
16:39:37 INFO  : Context for processor 'microblaze_0' is selected.
16:39:37 INFO  : 'con' command is executed.
16:39:37 INFO  : ----------------XSDB Script (After Launch)----------------
targets -set -nocase -filter {name =~ "microblaze*#0" && bscan=="USER2"  && jtag_cable_name =~ "Digilent Basys3 210183B82211A"} -index 0
con
----------------End of Script----------------

16:39:37 INFO  : Launch script is exported to file 'C:\Users\Nathan\Desktop\cs152b\cs152b\final_project\final_project.sdk\.sdk\launch_scripts\xilinx_c-c++_application_(system_debugger)\system_debugger_using_debug_final_project.elf_on_local_(1).tcl'
16:40:25 INFO  : Disconnected from the channel tcfchan#2.
12:09:59 INFO  : Registering command handlers for SDK TCF services
12:10:00 INFO  : Launching XSCT server: xsct.bat -interactive C:\Users\Nathan\Desktop\cs152b\cs152b\final_project\final_project.sdk\temp_xsdb_launch_script.tcl
12:10:06 INFO  : XSCT server has started successfully.
12:10:18 INFO  : Successfully done setting XSCT server connection channel  
12:10:18 INFO  : Processing command line option -hwspec C:/Users/Nathan/Desktop/cs152b/cs152b/final_project/final_project.sdk/top_level.hdf.
12:10:18 INFO  : Successfully done setting SDK workspace  
12:10:18 INFO  : Checking for hwspec changes in the project top_level_hw_platform_0.
12:10:43 INFO  : 'targets -set -filter {jtag_cable_name =~ "Digilent Basys3 210183B82211A" && level==0} -index 0' command is executed.
12:10:43 INFO  : 'fpga -state' command is executed.
12:10:43 INFO  : Connected to target on host '127.0.0.1' and port '3121'.
12:10:44 INFO  : Jtag cable 'Digilent Basys3 210183B82211A' is selected.
12:10:44 INFO  : 'jtag frequency' command is executed.
12:10:44 INFO  : 'configparams mdm-detect-bscan-mask 2' command is executed.
12:10:44 INFO  : Context for processor 'microblaze_0' is selected.
12:10:44 INFO  : Processor reset is completed for 'microblaze_0'.
12:10:44 INFO  : Context for processor 'microblaze_0' is selected.
12:10:44 INFO  : The application 'C:/Users/Nathan/Desktop/cs152b/cs152b/final_project/final_project.sdk/final_project/Debug/final_project.elf' is downloaded to processor 'microblaze_0'.
12:10:44 INFO  : ----------------XSDB Script----------------
connect -url tcp:127.0.0.1:3121
configparams mdm-detect-bscan-mask 2
targets -set -nocase -filter {name =~ "microblaze*#0" && bscan=="USER2"  && jtag_cable_name =~ "Digilent Basys3 210183B82211A"} -index 0
rst -processor
targets -set -nocase -filter {name =~ "microblaze*#0" && bscan=="USER2"  && jtag_cable_name =~ "Digilent Basys3 210183B82211A"} -index 0
dow C:/Users/Nathan/Desktop/cs152b/cs152b/final_project/final_project.sdk/final_project/Debug/final_project.elf
----------------End of Script----------------

12:10:44 INFO  : Memory regions updated for context MicroBlaze #0
12:10:44 INFO  : Memory regions updated for context MicroBlaze #0
12:10:44 INFO  : Context for processor 'microblaze_0' is selected.
12:10:45 INFO  : 'con' command is executed.
12:10:45 INFO  : ----------------XSDB Script (After Launch)----------------
targets -set -nocase -filter {name =~ "microblaze*#0" && bscan=="USER2"  && jtag_cable_name =~ "Digilent Basys3 210183B82211A"} -index 0
con
----------------End of Script----------------

12:10:45 INFO  : Launch script is exported to file 'C:\Users\Nathan\Desktop\cs152b\cs152b\final_project\final_project.sdk\.sdk\launch_scripts\xilinx_c-c++_application_(system_debugger)\system_debugger_using_debug_final_project.elf_on_local_(1).tcl'
12:23:31 INFO  : SDK has detected change in the last modified timestamps for source hardware specification file Source:1780082562111,  Project:1780010885213
12:23:31 INFO  : Project top_level_hw_platform_0's source hardware specification located at C:/Users/Nathan/Desktop/cs152b/cs152b/final_project/final_project.sdk/top_level.hdf is now different from the local copy.
		 The local copy will be replaced with the source specification and your workspace will be updated.
12:23:33 INFO  : Copied contents of C:/Users/Nathan/Desktop/cs152b/cs152b/final_project/final_project.sdk/top_level.hdf into \top_level_hw_platform_0\system.hdf.
12:23:33 INFO  : Synchronizing projects in the workspace with the hardware platform specification changes.
12:23:39 INFO  : 
12:23:40 INFO  : Updating hardware inferred compiler options for final_project.
12:23:40 INFO  : Clearing existing target manager status.
12:23:40 INFO  : Workspace synchronized with the new hardware specification file. Cleaning dependent projects...
12:23:42 WARN  : Linker script will not be updated automatically. Users need to update it manually.
12:24:04 INFO  : Disconnected from the channel tcfchan#1.
12:24:05 INFO  : 'targets -set -filter {jtag_cable_name =~ "Digilent Basys3 210183B82211A" && level==0} -index 0' command is executed.
12:24:05 INFO  : 'fpga -state' command is executed.
12:24:05 INFO  : Connected to target on host '127.0.0.1' and port '3121'.
12:24:05 INFO  : Jtag cable 'Digilent Basys3 210183B82211A' is selected.
12:24:05 INFO  : 'jtag frequency' command is executed.
12:24:05 INFO  : 'configparams mdm-detect-bscan-mask 2' command is executed.
12:24:05 INFO  : Context for processor 'microblaze_0' is selected.
12:24:05 INFO  : Processor reset is completed for 'microblaze_0'.
12:24:05 INFO  : Context for processor 'microblaze_0' is selected.
12:24:05 INFO  : The application 'C:/Users/Nathan/Desktop/cs152b/cs152b/final_project/final_project.sdk/final_project/Debug/final_project.elf' is downloaded to processor 'microblaze_0'.
12:24:05 INFO  : ----------------XSDB Script----------------
connect -url tcp:127.0.0.1:3121
configparams mdm-detect-bscan-mask 2
targets -set -nocase -filter {name =~ "microblaze*#0" && bscan=="USER2"  && jtag_cable_name =~ "Digilent Basys3 210183B82211A"} -index 0
rst -processor
targets -set -nocase -filter {name =~ "microblaze*#0" && bscan=="USER2"  && jtag_cable_name =~ "Digilent Basys3 210183B82211A"} -index 0
dow C:/Users/Nathan/Desktop/cs152b/cs152b/final_project/final_project.sdk/final_project/Debug/final_project.elf
----------------End of Script----------------

12:24:05 INFO  : Memory regions updated for context MicroBlaze #0
12:24:05 INFO  : Memory regions updated for context MicroBlaze #0
12:24:05 INFO  : Context for processor 'microblaze_0' is selected.
12:24:05 INFO  : 'con' command is executed.
12:24:05 INFO  : ----------------XSDB Script (After Launch)----------------
targets -set -nocase -filter {name =~ "microblaze*#0" && bscan=="USER2"  && jtag_cable_name =~ "Digilent Basys3 210183B82211A"} -index 0
con
----------------End of Script----------------

12:24:05 INFO  : Launch script is exported to file 'C:\Users\Nathan\Desktop\cs152b\cs152b\final_project\final_project.sdk\.sdk\launch_scripts\xilinx_c-c++_application_(system_debugger)\system_debugger_using_debug_final_project.elf_on_local_(1).tcl'
12:25:16 INFO  : Disconnected from the channel tcfchan#2.
12:25:17 INFO  : 'targets -set -filter {jtag_cable_name =~ "Digilent Basys3 210183B82211A" && level==0} -index 0' command is executed.
12:25:17 INFO  : 'fpga -state' command is executed.
12:25:17 INFO  : Connected to target on host '127.0.0.1' and port '3121'.
12:25:17 INFO  : Jtag cable 'Digilent Basys3 210183B82211A' is selected.
12:25:17 INFO  : 'jtag frequency' command is executed.
12:25:17 INFO  : 'configparams mdm-detect-bscan-mask 2' command is executed.
12:25:17 INFO  : Context for processor 'microblaze_0' is selected.
12:25:17 INFO  : Processor reset is completed for 'microblaze_0'.
12:25:17 INFO  : Context for processor 'microblaze_0' is selected.
12:25:18 INFO  : The application 'C:/Users/Nathan/Desktop/cs152b/cs152b/final_project/final_project.sdk/final_project/Debug/final_project.elf' is downloaded to processor 'microblaze_0'.
12:25:18 INFO  : ----------------XSDB Script----------------
connect -url tcp:127.0.0.1:3121
configparams mdm-detect-bscan-mask 2
targets -set -nocase -filter {name =~ "microblaze*#0" && bscan=="USER2"  && jtag_cable_name =~ "Digilent Basys3 210183B82211A"} -index 0
rst -processor
targets -set -nocase -filter {name =~ "microblaze*#0" && bscan=="USER2"  && jtag_cable_name =~ "Digilent Basys3 210183B82211A"} -index 0
dow C:/Users/Nathan/Desktop/cs152b/cs152b/final_project/final_project.sdk/final_project/Debug/final_project.elf
----------------End of Script----------------

12:25:18 INFO  : Memory regions updated for context MicroBlaze #0
12:25:18 INFO  : Memory regions updated for context MicroBlaze #0
12:25:18 INFO  : Context for processor 'microblaze_0' is selected.
12:25:18 INFO  : 'con' command is executed.
12:25:18 INFO  : ----------------XSDB Script (After Launch)----------------
targets -set -nocase -filter {name =~ "microblaze*#0" && bscan=="USER2"  && jtag_cable_name =~ "Digilent Basys3 210183B82211A"} -index 0
con
----------------End of Script----------------

12:25:18 INFO  : Launch script is exported to file 'C:\Users\Nathan\Desktop\cs152b\cs152b\final_project\final_project.sdk\.sdk\launch_scripts\xilinx_c-c++_application_(system_debugger)\system_debugger_using_debug_final_project.elf_on_local_(1).tcl'
12:25:45 INFO  : Disconnected from the channel tcfchan#3.
12:25:47 INFO  : 'targets -set -filter {jtag_cable_name =~ "Digilent Basys3 210183B82211A" && level==0} -index 0' command is executed.
12:25:47 INFO  : 'fpga -state' command is executed.
12:25:47 INFO  : Connected to target on host '127.0.0.1' and port '3121'.
12:25:47 INFO  : Jtag cable 'Digilent Basys3 210183B82211A' is selected.
12:25:47 INFO  : 'jtag frequency' command is executed.
12:25:47 INFO  : 'configparams mdm-detect-bscan-mask 2' command is executed.
12:25:47 INFO  : Context for processor 'microblaze_0' is selected.
12:25:47 INFO  : Processor reset is completed for 'microblaze_0'.
12:25:47 INFO  : Context for processor 'microblaze_0' is selected.
12:25:47 INFO  : The application 'C:/Users/Nathan/Desktop/cs152b/cs152b/final_project/final_project.sdk/final_project/Debug/final_project.elf' is downloaded to processor 'microblaze_0'.
12:25:47 INFO  : ----------------XSDB Script----------------
connect -url tcp:127.0.0.1:3121
configparams mdm-detect-bscan-mask 2
targets -set -nocase -filter {name =~ "microblaze*#0" && bscan=="USER2"  && jtag_cable_name =~ "Digilent Basys3 210183B82211A"} -index 0
rst -processor
targets -set -nocase -filter {name =~ "microblaze*#0" && bscan=="USER2"  && jtag_cable_name =~ "Digilent Basys3 210183B82211A"} -index 0
dow C:/Users/Nathan/Desktop/cs152b/cs152b/final_project/final_project.sdk/final_project/Debug/final_project.elf
----------------End of Script----------------

12:25:47 INFO  : Memory regions updated for context MicroBlaze #0
12:25:47 INFO  : Memory regions updated for context MicroBlaze #0
12:25:47 INFO  : Context for processor 'microblaze_0' is selected.
12:25:47 INFO  : 'con' command is executed.
12:25:47 INFO  : ----------------XSDB Script (After Launch)----------------
targets -set -nocase -filter {name =~ "microblaze*#0" && bscan=="USER2"  && jtag_cable_name =~ "Digilent Basys3 210183B82211A"} -index 0
con
----------------End of Script----------------

12:25:47 INFO  : Launch script is exported to file 'C:\Users\Nathan\Desktop\cs152b\cs152b\final_project\final_project.sdk\.sdk\launch_scripts\xilinx_c-c++_application_(system_debugger)\system_debugger_using_debug_final_project.elf_on_local_(1).tcl'
12:31:31 INFO  : Disconnected from the channel tcfchan#4.
12:31:32 INFO  : 'targets -set -filter {jtag_cable_name =~ "Digilent Basys3 210183B82211A" && level==0} -index 0' command is executed.
12:31:32 INFO  : 'fpga -state' command is executed.
12:31:32 INFO  : Connected to target on host '127.0.0.1' and port '3121'.
12:31:32 INFO  : Jtag cable 'Digilent Basys3 210183B82211A' is selected.
12:31:32 INFO  : 'jtag frequency' command is executed.
12:31:32 INFO  : 'configparams mdm-detect-bscan-mask 2' command is executed.
12:31:32 INFO  : Context for processor 'microblaze_0' is selected.
12:31:32 INFO  : Processor reset is completed for 'microblaze_0'.
12:31:32 INFO  : Context for processor 'microblaze_0' is selected.
12:31:32 INFO  : The application 'C:/Users/Nathan/Desktop/cs152b/cs152b/final_project/final_project.sdk/final_project/Debug/final_project.elf' is downloaded to processor 'microblaze_0'.
12:31:32 INFO  : ----------------XSDB Script----------------
connect -url tcp:127.0.0.1:3121
configparams mdm-detect-bscan-mask 2
targets -set -nocase -filter {name =~ "microblaze*#0" && bscan=="USER2"  && jtag_cable_name =~ "Digilent Basys3 210183B82211A"} -index 0
rst -processor
targets -set -nocase -filter {name =~ "microblaze*#0" && bscan=="USER2"  && jtag_cable_name =~ "Digilent Basys3 210183B82211A"} -index 0
dow C:/Users/Nathan/Desktop/cs152b/cs152b/final_project/final_project.sdk/final_project/Debug/final_project.elf
----------------End of Script----------------

12:31:33 INFO  : Memory regions updated for context MicroBlaze #0
12:31:33 INFO  : Memory regions updated for context MicroBlaze #0
12:31:33 INFO  : Context for processor 'microblaze_0' is selected.
12:31:33 INFO  : 'con' command is executed.
12:31:33 INFO  : ----------------XSDB Script (After Launch)----------------
targets -set -nocase -filter {name =~ "microblaze*#0" && bscan=="USER2"  && jtag_cable_name =~ "Digilent Basys3 210183B82211A"} -index 0
con
----------------End of Script----------------

12:31:33 INFO  : Launch script is exported to file 'C:\Users\Nathan\Desktop\cs152b\cs152b\final_project\final_project.sdk\.sdk\launch_scripts\xilinx_c-c++_application_(system_debugger)\system_debugger_using_debug_final_project.elf_on_local_(1).tcl'
12:33:08 INFO  : Disconnected from the channel tcfchan#5.
12:33:09 INFO  : 'targets -set -filter {jtag_cable_name =~ "Digilent Basys3 210183B82211A" && level==0} -index 0' command is executed.
12:33:09 INFO  : 'fpga -state' command is executed.
12:33:09 INFO  : Connected to target on host '127.0.0.1' and port '3121'.
12:33:09 INFO  : Jtag cable 'Digilent Basys3 210183B82211A' is selected.
12:33:09 INFO  : 'jtag frequency' command is executed.
12:33:09 INFO  : 'configparams mdm-detect-bscan-mask 2' command is executed.
12:33:09 INFO  : Context for processor 'microblaze_0' is selected.
12:33:09 INFO  : Processor reset is completed for 'microblaze_0'.
12:33:09 INFO  : Context for processor 'microblaze_0' is selected.
12:33:10 INFO  : The application 'C:/Users/Nathan/Desktop/cs152b/cs152b/final_project/final_project.sdk/final_project/Debug/final_project.elf' is downloaded to processor 'microblaze_0'.
12:33:10 INFO  : ----------------XSDB Script----------------
connect -url tcp:127.0.0.1:3121
configparams mdm-detect-bscan-mask 2
targets -set -nocase -filter {name =~ "microblaze*#0" && bscan=="USER2"  && jtag_cable_name =~ "Digilent Basys3 210183B82211A"} -index 0
rst -processor
targets -set -nocase -filter {name =~ "microblaze*#0" && bscan=="USER2"  && jtag_cable_name =~ "Digilent Basys3 210183B82211A"} -index 0
dow C:/Users/Nathan/Desktop/cs152b/cs152b/final_project/final_project.sdk/final_project/Debug/final_project.elf
----------------End of Script----------------

12:33:10 INFO  : Memory regions updated for context MicroBlaze #0
12:33:10 INFO  : Memory regions updated for context MicroBlaze #0
12:33:10 INFO  : Context for processor 'microblaze_0' is selected.
12:33:10 INFO  : 'con' command is executed.
12:33:10 INFO  : ----------------XSDB Script (After Launch)----------------
targets -set -nocase -filter {name =~ "microblaze*#0" && bscan=="USER2"  && jtag_cable_name =~ "Digilent Basys3 210183B82211A"} -index 0
con
----------------End of Script----------------

12:33:10 INFO  : Launch script is exported to file 'C:\Users\Nathan\Desktop\cs152b\cs152b\final_project\final_project.sdk\.sdk\launch_scripts\xilinx_c-c++_application_(system_debugger)\system_debugger_using_debug_final_project.elf_on_local_(1).tcl'
12:33:38 INFO  : Disconnected from the channel tcfchan#6.
12:33:39 INFO  : 'targets -set -filter {jtag_cable_name =~ "Digilent Basys3 210183B82211A" && level==0} -index 0' command is executed.
12:33:39 INFO  : 'fpga -state' command is executed.
12:33:39 INFO  : Connected to target on host '127.0.0.1' and port '3121'.
12:33:39 INFO  : Jtag cable 'Digilent Basys3 210183B82211A' is selected.
12:33:39 INFO  : 'jtag frequency' command is executed.
12:33:39 INFO  : 'configparams mdm-detect-bscan-mask 2' command is executed.
12:33:39 INFO  : Context for processor 'microblaze_0' is selected.
12:33:39 INFO  : Processor reset is completed for 'microblaze_0'.
12:33:39 INFO  : Context for processor 'microblaze_0' is selected.
12:33:39 INFO  : The application 'C:/Users/Nathan/Desktop/cs152b/cs152b/final_project/final_project.sdk/final_project/Debug/final_project.elf' is downloaded to processor 'microblaze_0'.
12:33:39 INFO  : ----------------XSDB Script----------------
connect -url tcp:127.0.0.1:3121
configparams mdm-detect-bscan-mask 2
targets -set -nocase -filter {name =~ "microblaze*#0" && bscan=="USER2"  && jtag_cable_name =~ "Digilent Basys3 210183B82211A"} -index 0
rst -processor
targets -set -nocase -filter {name =~ "microblaze*#0" && bscan=="USER2"  && jtag_cable_name =~ "Digilent Basys3 210183B82211A"} -index 0
dow C:/Users/Nathan/Desktop/cs152b/cs152b/final_project/final_project.sdk/final_project/Debug/final_project.elf
----------------End of Script----------------

12:33:39 INFO  : Memory regions updated for context MicroBlaze #0
12:33:39 INFO  : Memory regions updated for context MicroBlaze #0
12:33:39 INFO  : Context for processor 'microblaze_0' is selected.
12:33:39 INFO  : 'con' command is executed.
12:33:39 INFO  : ----------------XSDB Script (After Launch)----------------
targets -set -nocase -filter {name =~ "microblaze*#0" && bscan=="USER2"  && jtag_cable_name =~ "Digilent Basys3 210183B82211A"} -index 0
con
----------------End of Script----------------

12:33:39 INFO  : Launch script is exported to file 'C:\Users\Nathan\Desktop\cs152b\cs152b\final_project\final_project.sdk\.sdk\launch_scripts\xilinx_c-c++_application_(system_debugger)\system_debugger_using_debug_final_project.elf_on_local_(1).tcl'
12:34:10 INFO  : Disconnected from the channel tcfchan#7.
12:34:11 INFO  : 'targets -set -filter {jtag_cable_name =~ "Digilent Basys3 210183B82211A" && level==0} -index 0' command is executed.
12:34:11 INFO  : 'fpga -state' command is executed.
12:34:11 INFO  : Connected to target on host '127.0.0.1' and port '3121'.
12:34:11 INFO  : Jtag cable 'Digilent Basys3 210183B82211A' is selected.
12:34:11 INFO  : 'jtag frequency' command is executed.
12:34:11 INFO  : 'configparams mdm-detect-bscan-mask 2' command is executed.
12:34:11 INFO  : Context for processor 'microblaze_0' is selected.
12:34:11 INFO  : Processor reset is completed for 'microblaze_0'.
12:34:11 INFO  : Context for processor 'microblaze_0' is selected.
12:34:11 INFO  : The application 'C:/Users/Nathan/Desktop/cs152b/cs152b/final_project/final_project.sdk/final_project/Debug/final_project.elf' is downloaded to processor 'microblaze_0'.
12:34:11 INFO  : ----------------XSDB Script----------------
connect -url tcp:127.0.0.1:3121
configparams mdm-detect-bscan-mask 2
targets -set -nocase -filter {name =~ "microblaze*#0" && bscan=="USER2"  && jtag_cable_name =~ "Digilent Basys3 210183B82211A"} -index 0
rst -processor
targets -set -nocase -filter {name =~ "microblaze*#0" && bscan=="USER2"  && jtag_cable_name =~ "Digilent Basys3 210183B82211A"} -index 0
dow C:/Users/Nathan/Desktop/cs152b/cs152b/final_project/final_project.sdk/final_project/Debug/final_project.elf
----------------End of Script----------------

12:34:11 INFO  : Memory regions updated for context MicroBlaze #0
12:34:11 INFO  : Memory regions updated for context MicroBlaze #0
12:34:11 INFO  : Context for processor 'microblaze_0' is selected.
12:34:11 INFO  : 'con' command is executed.
12:34:11 INFO  : ----------------XSDB Script (After Launch)----------------
targets -set -nocase -filter {name =~ "microblaze*#0" && bscan=="USER2"  && jtag_cable_name =~ "Digilent Basys3 210183B82211A"} -index 0
con
----------------End of Script----------------

12:34:11 INFO  : Launch script is exported to file 'C:\Users\Nathan\Desktop\cs152b\cs152b\final_project\final_project.sdk\.sdk\launch_scripts\xilinx_c-c++_application_(system_debugger)\system_debugger_using_debug_final_project.elf_on_local_(1).tcl'
12:38:51 INFO  : Disconnected from the channel tcfchan#8.
12:38:52 INFO  : 'targets -set -filter {jtag_cable_name =~ "Digilent Basys3 210183B82211A" && level==0} -index 0' command is executed.
12:38:52 INFO  : 'fpga -state' command is executed.
12:38:52 INFO  : Connected to target on host '127.0.0.1' and port '3121'.
12:38:52 INFO  : Jtag cable 'Digilent Basys3 210183B82211A' is selected.
12:38:52 INFO  : 'jtag frequency' command is executed.
12:38:52 INFO  : 'configparams mdm-detect-bscan-mask 2' command is executed.
12:38:52 INFO  : Context for processor 'microblaze_0' is selected.
12:38:52 INFO  : Processor reset is completed for 'microblaze_0'.
12:38:52 INFO  : Context for processor 'microblaze_0' is selected.
12:38:52 INFO  : The application 'C:/Users/Nathan/Desktop/cs152b/cs152b/final_project/final_project.sdk/final_project/Debug/final_project.elf' is downloaded to processor 'microblaze_0'.
12:38:52 INFO  : ----------------XSDB Script----------------
connect -url tcp:127.0.0.1:3121
configparams mdm-detect-bscan-mask 2
targets -set -nocase -filter {name =~ "microblaze*#0" && bscan=="USER2"  && jtag_cable_name =~ "Digilent Basys3 210183B82211A"} -index 0
rst -processor
targets -set -nocase -filter {name =~ "microblaze*#0" && bscan=="USER2"  && jtag_cable_name =~ "Digilent Basys3 210183B82211A"} -index 0
dow C:/Users/Nathan/Desktop/cs152b/cs152b/final_project/final_project.sdk/final_project/Debug/final_project.elf
----------------End of Script----------------

12:38:52 INFO  : Memory regions updated for context MicroBlaze #0
12:38:52 INFO  : Memory regions updated for context MicroBlaze #0
12:38:52 INFO  : Context for processor 'microblaze_0' is selected.
12:38:52 INFO  : 'con' command is executed.
12:38:52 INFO  : ----------------XSDB Script (After Launch)----------------
targets -set -nocase -filter {name =~ "microblaze*#0" && bscan=="USER2"  && jtag_cable_name =~ "Digilent Basys3 210183B82211A"} -index 0
con
----------------End of Script----------------

12:38:52 INFO  : Launch script is exported to file 'C:\Users\Nathan\Desktop\cs152b\cs152b\final_project\final_project.sdk\.sdk\launch_scripts\xilinx_c-c++_application_(system_debugger)\system_debugger_using_debug_final_project.elf_on_local_(1).tcl'
12:39:53 INFO  : Disconnected from the channel tcfchan#9.
12:39:54 INFO  : 'targets -set -filter {jtag_cable_name =~ "Digilent Basys3 210183B82211A" && level==0} -index 0' command is executed.
12:39:54 INFO  : 'fpga -state' command is executed.
12:39:54 INFO  : Connected to target on host '127.0.0.1' and port '3121'.
12:39:54 INFO  : Jtag cable 'Digilent Basys3 210183B82211A' is selected.
12:39:54 INFO  : 'jtag frequency' command is executed.
12:39:54 INFO  : 'configparams mdm-detect-bscan-mask 2' command is executed.
12:39:54 INFO  : Context for processor 'microblaze_0' is selected.
12:39:54 INFO  : Processor reset is completed for 'microblaze_0'.
12:39:54 INFO  : Context for processor 'microblaze_0' is selected.
12:39:54 INFO  : The application 'C:/Users/Nathan/Desktop/cs152b/cs152b/final_project/final_project.sdk/final_project/Debug/final_project.elf' is downloaded to processor 'microblaze_0'.
12:39:54 INFO  : ----------------XSDB Script----------------
connect -url tcp:127.0.0.1:3121
configparams mdm-detect-bscan-mask 2
targets -set -nocase -filter {name =~ "microblaze*#0" && bscan=="USER2"  && jtag_cable_name =~ "Digilent Basys3 210183B82211A"} -index 0
rst -processor
targets -set -nocase -filter {name =~ "microblaze*#0" && bscan=="USER2"  && jtag_cable_name =~ "Digilent Basys3 210183B82211A"} -index 0
dow C:/Users/Nathan/Desktop/cs152b/cs152b/final_project/final_project.sdk/final_project/Debug/final_project.elf
----------------End of Script----------------

12:39:54 INFO  : Memory regions updated for context MicroBlaze #0
12:39:54 INFO  : Memory regions updated for context MicroBlaze #0
12:39:54 INFO  : Context for processor 'microblaze_0' is selected.
12:39:54 INFO  : 'con' command is executed.
12:39:54 INFO  : ----------------XSDB Script (After Launch)----------------
targets -set -nocase -filter {name =~ "microblaze*#0" && bscan=="USER2"  && jtag_cable_name =~ "Digilent Basys3 210183B82211A"} -index 0
con
----------------End of Script----------------

12:39:54 INFO  : Launch script is exported to file 'C:\Users\Nathan\Desktop\cs152b\cs152b\final_project\final_project.sdk\.sdk\launch_scripts\xilinx_c-c++_application_(system_debugger)\system_debugger_using_debug_final_project.elf_on_local_(1).tcl'
12:41:01 INFO  : Disconnected from the channel tcfchan#10.
12:41:02 INFO  : 'targets -set -filter {jtag_cable_name =~ "Digilent Basys3 210183B82211A" && level==0} -index 0' command is executed.
12:41:02 INFO  : 'fpga -state' command is executed.
12:41:03 INFO  : Connected to target on host '127.0.0.1' and port '3121'.
12:41:03 INFO  : Jtag cable 'Digilent Basys3 210183B82211A' is selected.
12:41:03 INFO  : 'jtag frequency' command is executed.
12:41:03 INFO  : 'configparams mdm-detect-bscan-mask 2' command is executed.
12:41:03 INFO  : Context for processor 'microblaze_0' is selected.
12:41:03 INFO  : Processor reset is completed for 'microblaze_0'.
12:41:03 INFO  : Context for processor 'microblaze_0' is selected.
12:41:03 INFO  : The application 'C:/Users/Nathan/Desktop/cs152b/cs152b/final_project/final_project.sdk/final_project/Debug/final_project.elf' is downloaded to processor 'microblaze_0'.
12:41:03 INFO  : ----------------XSDB Script----------------
connect -url tcp:127.0.0.1:3121
configparams mdm-detect-bscan-mask 2
targets -set -nocase -filter {name =~ "microblaze*#0" && bscan=="USER2"  && jtag_cable_name =~ "Digilent Basys3 210183B82211A"} -index 0
rst -processor
targets -set -nocase -filter {name =~ "microblaze*#0" && bscan=="USER2"  && jtag_cable_name =~ "Digilent Basys3 210183B82211A"} -index 0
dow C:/Users/Nathan/Desktop/cs152b/cs152b/final_project/final_project.sdk/final_project/Debug/final_project.elf
----------------End of Script----------------

12:41:03 INFO  : Memory regions updated for context MicroBlaze #0
12:41:03 INFO  : Memory regions updated for context MicroBlaze #0
12:41:03 INFO  : Context for processor 'microblaze_0' is selected.
12:41:03 INFO  : 'con' command is executed.
12:41:03 INFO  : ----------------XSDB Script (After Launch)----------------
targets -set -nocase -filter {name =~ "microblaze*#0" && bscan=="USER2"  && jtag_cable_name =~ "Digilent Basys3 210183B82211A"} -index 0
con
----------------End of Script----------------

12:41:03 INFO  : Launch script is exported to file 'C:\Users\Nathan\Desktop\cs152b\cs152b\final_project\final_project.sdk\.sdk\launch_scripts\xilinx_c-c++_application_(system_debugger)\system_debugger_using_debug_final_project.elf_on_local_(1).tcl'
12:50:42 INFO  : SDK has detected change in the last modified timestamps for source hardware specification file Source:1780084211239,  Project:1780082562111
12:50:42 INFO  : Project top_level_hw_platform_0's source hardware specification located at C:/Users/Nathan/Desktop/cs152b/cs152b/final_project/final_project.sdk/top_level.hdf is now different from the local copy.
		 The local copy will be replaced with the source specification and your workspace will be updated.
12:51:11 INFO  : Copied contents of C:/Users/Nathan/Desktop/cs152b/cs152b/final_project/final_project.sdk/top_level.hdf into \top_level_hw_platform_0\system.hdf.
12:51:11 INFO  : Synchronizing projects in the workspace with the hardware platform specification changes.
12:51:13 INFO  : 
12:51:14 INFO  : Updating hardware inferred compiler options for final_project.
12:51:14 INFO  : Clearing existing target manager status.
12:51:14 INFO  : Workspace synchronized with the new hardware specification file. Cleaning dependent projects...
12:51:15 WARN  : Linker script will not be updated automatically. Users need to update it manually.
12:51:36 INFO  : Disconnected from the channel tcfchan#11.
12:51:37 INFO  : 'targets -set -filter {jtag_cable_name =~ "Digilent Basys3 210183B82211A" && level==0} -index 0' command is executed.
12:51:37 INFO  : 'fpga -state' command is executed.
12:51:37 INFO  : Connected to target on host '127.0.0.1' and port '3121'.
12:51:37 INFO  : Jtag cable 'Digilent Basys3 210183B82211A' is selected.
12:51:37 INFO  : 'jtag frequency' command is executed.
12:51:37 INFO  : 'configparams mdm-detect-bscan-mask 2' command is executed.
12:51:37 INFO  : Context for processor 'microblaze_0' is selected.
12:51:37 INFO  : Processor reset is completed for 'microblaze_0'.
12:51:37 INFO  : Context for processor 'microblaze_0' is selected.
12:51:37 INFO  : The application 'C:/Users/Nathan/Desktop/cs152b/cs152b/final_project/final_project.sdk/final_project/Debug/final_project.elf' is downloaded to processor 'microblaze_0'.
12:51:37 INFO  : ----------------XSDB Script----------------
connect -url tcp:127.0.0.1:3121
configparams mdm-detect-bscan-mask 2
targets -set -nocase -filter {name =~ "microblaze*#0" && bscan=="USER2"  && jtag_cable_name =~ "Digilent Basys3 210183B82211A"} -index 0
rst -processor
targets -set -nocase -filter {name =~ "microblaze*#0" && bscan=="USER2"  && jtag_cable_name =~ "Digilent Basys3 210183B82211A"} -index 0
dow C:/Users/Nathan/Desktop/cs152b/cs152b/final_project/final_project.sdk/final_project/Debug/final_project.elf
----------------End of Script----------------

12:51:37 INFO  : Memory regions updated for context MicroBlaze #0
12:51:37 INFO  : Memory regions updated for context MicroBlaze #0
12:51:37 INFO  : Context for processor 'microblaze_0' is selected.
12:51:37 INFO  : 'con' command is executed.
12:51:37 INFO  : ----------------XSDB Script (After Launch)----------------
targets -set -nocase -filter {name =~ "microblaze*#0" && bscan=="USER2"  && jtag_cable_name =~ "Digilent Basys3 210183B82211A"} -index 0
con
----------------End of Script----------------

12:51:37 INFO  : Launch script is exported to file 'C:\Users\Nathan\Desktop\cs152b\cs152b\final_project\final_project.sdk\.sdk\launch_scripts\xilinx_c-c++_application_(system_debugger)\system_debugger_using_debug_final_project.elf_on_local_(1).tcl'
12:51:49 INFO  : Disconnected from the channel tcfchan#12.
12:51:50 INFO  : 'targets -set -filter {jtag_cable_name =~ "Digilent Basys3 210183B82211A" && level==0} -index 0' command is executed.
12:51:50 INFO  : 'fpga -state' command is executed.
12:51:50 INFO  : Connected to target on host '127.0.0.1' and port '3121'.
12:51:50 INFO  : Jtag cable 'Digilent Basys3 210183B82211A' is selected.
12:51:50 INFO  : 'jtag frequency' command is executed.
12:51:50 INFO  : 'configparams mdm-detect-bscan-mask 2' command is executed.
12:51:50 INFO  : Context for processor 'microblaze_0' is selected.
12:51:50 INFO  : Processor reset is completed for 'microblaze_0'.
12:51:50 INFO  : Context for processor 'microblaze_0' is selected.
12:51:50 INFO  : The application 'C:/Users/Nathan/Desktop/cs152b/cs152b/final_project/final_project.sdk/final_project/Debug/final_project.elf' is downloaded to processor 'microblaze_0'.
12:51:50 INFO  : ----------------XSDB Script----------------
connect -url tcp:127.0.0.1:3121
configparams mdm-detect-bscan-mask 2
targets -set -nocase -filter {name =~ "microblaze*#0" && bscan=="USER2"  && jtag_cable_name =~ "Digilent Basys3 210183B82211A"} -index 0
rst -processor
targets -set -nocase -filter {name =~ "microblaze*#0" && bscan=="USER2"  && jtag_cable_name =~ "Digilent Basys3 210183B82211A"} -index 0
dow C:/Users/Nathan/Desktop/cs152b/cs152b/final_project/final_project.sdk/final_project/Debug/final_project.elf
----------------End of Script----------------

12:51:51 INFO  : Memory regions updated for context MicroBlaze #0
12:51:51 INFO  : Memory regions updated for context MicroBlaze #0
12:51:51 INFO  : Context for processor 'microblaze_0' is selected.
12:51:51 INFO  : 'con' command is executed.
12:51:51 INFO  : ----------------XSDB Script (After Launch)----------------
targets -set -nocase -filter {name =~ "microblaze*#0" && bscan=="USER2"  && jtag_cable_name =~ "Digilent Basys3 210183B82211A"} -index 0
con
----------------End of Script----------------

12:51:51 INFO  : Launch script is exported to file 'C:\Users\Nathan\Desktop\cs152b\cs152b\final_project\final_project.sdk\.sdk\launch_scripts\xilinx_c-c++_application_(system_debugger)\system_debugger_using_debug_final_project.elf_on_local_(1).tcl'
12:52:40 INFO  : Disconnected from the channel tcfchan#13.
12:52:41 INFO  : 'targets -set -filter {jtag_cable_name =~ "Digilent Basys3 210183B82211A" && level==0} -index 0' command is executed.
12:52:41 INFO  : 'fpga -state' command is executed.
12:52:41 INFO  : Connected to target on host '127.0.0.1' and port '3121'.
12:52:41 INFO  : Jtag cable 'Digilent Basys3 210183B82211A' is selected.
12:52:41 INFO  : 'jtag frequency' command is executed.
12:52:41 INFO  : 'configparams mdm-detect-bscan-mask 2' command is executed.
12:52:41 INFO  : Context for processor 'microblaze_0' is selected.
12:52:42 INFO  : Processor reset is completed for 'microblaze_0'.
12:52:42 INFO  : Context for processor 'microblaze_0' is selected.
12:52:42 INFO  : The application 'C:/Users/Nathan/Desktop/cs152b/cs152b/final_project/final_project.sdk/final_project/Debug/final_project.elf' is downloaded to processor 'microblaze_0'.
12:52:42 INFO  : ----------------XSDB Script----------------
connect -url tcp:127.0.0.1:3121
configparams mdm-detect-bscan-mask 2
targets -set -nocase -filter {name =~ "microblaze*#0" && bscan=="USER2"  && jtag_cable_name =~ "Digilent Basys3 210183B82211A"} -index 0
rst -processor
targets -set -nocase -filter {name =~ "microblaze*#0" && bscan=="USER2"  && jtag_cable_name =~ "Digilent Basys3 210183B82211A"} -index 0
dow C:/Users/Nathan/Desktop/cs152b/cs152b/final_project/final_project.sdk/final_project/Debug/final_project.elf
----------------End of Script----------------

12:52:42 INFO  : Memory regions updated for context MicroBlaze #0
12:52:42 INFO  : Memory regions updated for context MicroBlaze #0
12:52:42 INFO  : Context for processor 'microblaze_0' is selected.
12:52:42 INFO  : 'con' command is executed.
12:52:42 INFO  : ----------------XSDB Script (After Launch)----------------
targets -set -nocase -filter {name =~ "microblaze*#0" && bscan=="USER2"  && jtag_cable_name =~ "Digilent Basys3 210183B82211A"} -index 0
con
----------------End of Script----------------

12:52:42 INFO  : Launch script is exported to file 'C:\Users\Nathan\Desktop\cs152b\cs152b\final_project\final_project.sdk\.sdk\launch_scripts\xilinx_c-c++_application_(system_debugger)\system_debugger_using_debug_final_project.elf_on_local_(1).tcl'
12:53:05 INFO  : Disconnected from the channel tcfchan#14.
12:53:06 INFO  : 'targets -set -filter {jtag_cable_name =~ "Digilent Basys3 210183B82211A" && level==0} -index 0' command is executed.
12:53:06 INFO  : 'fpga -state' command is executed.
12:53:06 INFO  : Connected to target on host '127.0.0.1' and port '3121'.
12:53:06 INFO  : Jtag cable 'Digilent Basys3 210183B82211A' is selected.
12:53:06 INFO  : 'jtag frequency' command is executed.
12:53:06 INFO  : 'configparams mdm-detect-bscan-mask 2' command is executed.
12:53:06 INFO  : Context for processor 'microblaze_0' is selected.
12:53:06 INFO  : Processor reset is completed for 'microblaze_0'.
12:53:06 INFO  : Context for processor 'microblaze_0' is selected.
12:53:06 INFO  : The application 'C:/Users/Nathan/Desktop/cs152b/cs152b/final_project/final_project.sdk/final_project/Debug/final_project.elf' is downloaded to processor 'microblaze_0'.
12:53:06 INFO  : ----------------XSDB Script----------------
connect -url tcp:127.0.0.1:3121
configparams mdm-detect-bscan-mask 2
targets -set -nocase -filter {name =~ "microblaze*#0" && bscan=="USER2"  && jtag_cable_name =~ "Digilent Basys3 210183B82211A"} -index 0
rst -processor
targets -set -nocase -filter {name =~ "microblaze*#0" && bscan=="USER2"  && jtag_cable_name =~ "Digilent Basys3 210183B82211A"} -index 0
dow C:/Users/Nathan/Desktop/cs152b/cs152b/final_project/final_project.sdk/final_project/Debug/final_project.elf
----------------End of Script----------------

12:53:06 INFO  : Memory regions updated for context MicroBlaze #0
12:53:06 INFO  : Memory regions updated for context MicroBlaze #0
12:53:07 INFO  : Context for processor 'microblaze_0' is selected.
12:53:07 INFO  : 'con' command is executed.
12:53:07 INFO  : ----------------XSDB Script (After Launch)----------------
targets -set -nocase -filter {name =~ "microblaze*#0" && bscan=="USER2"  && jtag_cable_name =~ "Digilent Basys3 210183B82211A"} -index 0
con
----------------End of Script----------------

12:53:07 INFO  : Launch script is exported to file 'C:\Users\Nathan\Desktop\cs152b\cs152b\final_project\final_project.sdk\.sdk\launch_scripts\xilinx_c-c++_application_(system_debugger)\system_debugger_using_debug_final_project.elf_on_local_(1).tcl'
12:56:45 INFO  : SDK has detected change in the last modified timestamps for source hardware specification file Source:1780084592058,  Project:1780084211239
12:56:45 INFO  : Project top_level_hw_platform_0's source hardware specification located at C:/Users/Nathan/Desktop/cs152b/cs152b/final_project/final_project.sdk/top_level.hdf is now different from the local copy.
		 The local copy will be replaced with the source specification and your workspace will be updated.
12:56:46 INFO  : Copied contents of C:/Users/Nathan/Desktop/cs152b/cs152b/final_project/final_project.sdk/top_level.hdf into \top_level_hw_platform_0\system.hdf.
12:56:47 INFO  : Synchronizing projects in the workspace with the hardware platform specification changes.
12:56:48 INFO  : 
12:56:49 INFO  : Updating hardware inferred compiler options for final_project.
12:56:49 INFO  : Clearing existing target manager status.
12:56:49 INFO  : Workspace synchronized with the new hardware specification file. Cleaning dependent projects...
12:56:50 WARN  : Linker script will not be updated automatically. Users need to update it manually.
12:57:04 INFO  : Disconnected from the channel tcfchan#15.
12:57:05 INFO  : 'targets -set -filter {jtag_cable_name =~ "Digilent Basys3 210183B82211A" && level==0} -index 0' command is executed.
12:57:05 INFO  : 'fpga -state' command is executed.
12:57:05 INFO  : Connected to target on host '127.0.0.1' and port '3121'.
12:57:05 INFO  : Jtag cable 'Digilent Basys3 210183B82211A' is selected.
12:57:05 INFO  : 'jtag frequency' command is executed.
12:57:05 INFO  : 'configparams mdm-detect-bscan-mask 2' command is executed.
12:57:05 INFO  : Context for processor 'microblaze_0' is selected.
12:57:05 INFO  : Processor reset is completed for 'microblaze_0'.
12:57:05 INFO  : Context for processor 'microblaze_0' is selected.
12:57:05 INFO  : The application 'C:/Users/Nathan/Desktop/cs152b/cs152b/final_project/final_project.sdk/final_project/Debug/final_project.elf' is downloaded to processor 'microblaze_0'.
12:57:05 INFO  : ----------------XSDB Script----------------
connect -url tcp:127.0.0.1:3121
configparams mdm-detect-bscan-mask 2
targets -set -nocase -filter {name =~ "microblaze*#0" && bscan=="USER2"  && jtag_cable_name =~ "Digilent Basys3 210183B82211A"} -index 0
rst -processor
targets -set -nocase -filter {name =~ "microblaze*#0" && bscan=="USER2"  && jtag_cable_name =~ "Digilent Basys3 210183B82211A"} -index 0
dow C:/Users/Nathan/Desktop/cs152b/cs152b/final_project/final_project.sdk/final_project/Debug/final_project.elf
----------------End of Script----------------

12:57:05 INFO  : Memory regions updated for context MicroBlaze #0
12:57:05 INFO  : Memory regions updated for context MicroBlaze #0
12:57:05 INFO  : Context for processor 'microblaze_0' is selected.
12:57:05 INFO  : 'con' command is executed.
12:57:05 INFO  : ----------------XSDB Script (After Launch)----------------
targets -set -nocase -filter {name =~ "microblaze*#0" && bscan=="USER2"  && jtag_cable_name =~ "Digilent Basys3 210183B82211A"} -index 0
con
----------------End of Script----------------

12:57:05 INFO  : Launch script is exported to file 'C:\Users\Nathan\Desktop\cs152b\cs152b\final_project\final_project.sdk\.sdk\launch_scripts\xilinx_c-c++_application_(system_debugger)\system_debugger_using_debug_final_project.elf_on_local_(1).tcl'
13:05:26 INFO  : SDK has detected change in the last modified timestamps for source hardware specification file Source:1780085046616,  Project:1780084592058
13:05:26 INFO  : Project top_level_hw_platform_0's source hardware specification located at C:/Users/Nathan/Desktop/cs152b/cs152b/final_project/final_project.sdk/top_level.hdf is now different from the local copy.
		 The local copy will be replaced with the source specification and your workspace will be updated.
13:05:28 INFO  : Copied contents of C:/Users/Nathan/Desktop/cs152b/cs152b/final_project/final_project.sdk/top_level.hdf into \top_level_hw_platform_0\system.hdf.
13:05:28 INFO  : Synchronizing projects in the workspace with the hardware platform specification changes.
13:05:30 INFO  : 
13:05:31 INFO  : Updating hardware inferred compiler options for final_project.
13:05:31 INFO  : Clearing existing target manager status.
13:05:31 INFO  : Workspace synchronized with the new hardware specification file. Cleaning dependent projects...
13:05:32 WARN  : Linker script will not be updated automatically. Users need to update it manually.
13:05:44 INFO  : Disconnected from the channel tcfchan#16.
13:05:45 INFO  : 'targets -set -filter {jtag_cable_name =~ "Digilent Basys3 210183B82211A" && level==0} -index 0' command is executed.
13:05:45 INFO  : 'fpga -state' command is executed.
13:05:45 INFO  : Connected to target on host '127.0.0.1' and port '3121'.
13:05:45 INFO  : Jtag cable 'Digilent Basys3 210183B82211A' is selected.
13:05:45 INFO  : 'jtag frequency' command is executed.
13:05:45 INFO  : 'configparams mdm-detect-bscan-mask 2' command is executed.
13:05:46 INFO  : Context for processor 'microblaze_0' is selected.
13:05:46 INFO  : Processor reset is completed for 'microblaze_0'.
13:05:46 INFO  : Context for processor 'microblaze_0' is selected.
13:05:46 INFO  : The application 'C:/Users/Nathan/Desktop/cs152b/cs152b/final_project/final_project.sdk/final_project/Debug/final_project.elf' is downloaded to processor 'microblaze_0'.
13:05:46 INFO  : ----------------XSDB Script----------------
connect -url tcp:127.0.0.1:3121
configparams mdm-detect-bscan-mask 2
targets -set -nocase -filter {name =~ "microblaze*#0" && bscan=="USER2"  && jtag_cable_name =~ "Digilent Basys3 210183B82211A"} -index 0
rst -processor
targets -set -nocase -filter {name =~ "microblaze*#0" && bscan=="USER2"  && jtag_cable_name =~ "Digilent Basys3 210183B82211A"} -index 0
dow C:/Users/Nathan/Desktop/cs152b/cs152b/final_project/final_project.sdk/final_project/Debug/final_project.elf
----------------End of Script----------------

13:05:46 INFO  : Memory regions updated for context MicroBlaze #0
13:05:46 INFO  : Memory regions updated for context MicroBlaze #0
13:05:46 INFO  : Context for processor 'microblaze_0' is selected.
13:05:46 INFO  : 'con' command is executed.
13:05:46 INFO  : ----------------XSDB Script (After Launch)----------------
targets -set -nocase -filter {name =~ "microblaze*#0" && bscan=="USER2"  && jtag_cable_name =~ "Digilent Basys3 210183B82211A"} -index 0
con
----------------End of Script----------------

13:05:46 INFO  : Launch script is exported to file 'C:\Users\Nathan\Desktop\cs152b\cs152b\final_project\final_project.sdk\.sdk\launch_scripts\xilinx_c-c++_application_(system_debugger)\system_debugger_using_debug_final_project.elf_on_local_(1).tcl'
13:10:52 INFO  : SDK has detected change in the last modified timestamps for source hardware specification file Source:1780085434592,  Project:1780085046616
13:10:52 INFO  : Project top_level_hw_platform_0's source hardware specification located at C:/Users/Nathan/Desktop/cs152b/cs152b/final_project/final_project.sdk/top_level.hdf is now different from the local copy.
		 The local copy will be replaced with the source specification and your workspace will be updated.
13:10:57 INFO  : Copied contents of C:/Users/Nathan/Desktop/cs152b/cs152b/final_project/final_project.sdk/top_level.hdf into \top_level_hw_platform_0\system.hdf.
13:10:57 INFO  : Synchronizing projects in the workspace with the hardware platform specification changes.
13:10:59 INFO  : 
13:11:00 INFO  : Updating hardware inferred compiler options for final_project.
13:11:00 INFO  : Clearing existing target manager status.
13:11:00 INFO  : Workspace synchronized with the new hardware specification file. Cleaning dependent projects...
13:11:01 WARN  : Linker script will not be updated automatically. Users need to update it manually.
13:11:19 INFO  : Disconnected from the channel tcfchan#17.
13:11:20 INFO  : 'targets -set -filter {jtag_cable_name =~ "Digilent Basys3 210183B82211A" && level==0} -index 0' command is executed.
13:11:20 INFO  : 'fpga -state' command is executed.
13:11:20 INFO  : Connected to target on host '127.0.0.1' and port '3121'.
13:11:21 INFO  : Jtag cable 'Digilent Basys3 210183B82211A' is selected.
13:11:21 INFO  : 'jtag frequency' command is executed.
13:11:21 INFO  : 'configparams mdm-detect-bscan-mask 2' command is executed.
13:11:21 INFO  : Context for processor 'microblaze_0' is selected.
13:11:21 INFO  : Processor reset is completed for 'microblaze_0'.
13:11:21 INFO  : Context for processor 'microblaze_0' is selected.
13:11:21 INFO  : The application 'C:/Users/Nathan/Desktop/cs152b/cs152b/final_project/final_project.sdk/final_project/Debug/final_project.elf' is downloaded to processor 'microblaze_0'.
13:11:21 INFO  : ----------------XSDB Script----------------
connect -url tcp:127.0.0.1:3121
configparams mdm-detect-bscan-mask 2
targets -set -nocase -filter {name =~ "microblaze*#0" && bscan=="USER2"  && jtag_cable_name =~ "Digilent Basys3 210183B82211A"} -index 0
rst -processor
targets -set -nocase -filter {name =~ "microblaze*#0" && bscan=="USER2"  && jtag_cable_name =~ "Digilent Basys3 210183B82211A"} -index 0
dow C:/Users/Nathan/Desktop/cs152b/cs152b/final_project/final_project.sdk/final_project/Debug/final_project.elf
----------------End of Script----------------

13:11:21 INFO  : Memory regions updated for context MicroBlaze #0
13:11:21 INFO  : Memory regions updated for context MicroBlaze #0
13:11:21 INFO  : Context for processor 'microblaze_0' is selected.
13:11:21 INFO  : 'con' command is executed.
13:11:21 INFO  : ----------------XSDB Script (After Launch)----------------
targets -set -nocase -filter {name =~ "microblaze*#0" && bscan=="USER2"  && jtag_cable_name =~ "Digilent Basys3 210183B82211A"} -index 0
con
----------------End of Script----------------

13:11:21 INFO  : Launch script is exported to file 'C:\Users\Nathan\Desktop\cs152b\cs152b\final_project\final_project.sdk\.sdk\launch_scripts\xilinx_c-c++_application_(system_debugger)\system_debugger_using_debug_final_project.elf_on_local_(1).tcl'
13:12:04 INFO  : Disconnected from the channel tcfchan#18.
13:12:05 INFO  : 'targets -set -filter {jtag_cable_name =~ "Digilent Basys3 210183B82211A" && level==0} -index 0' command is executed.
13:12:05 INFO  : 'fpga -state' command is executed.
13:12:05 INFO  : Connected to target on host '127.0.0.1' and port '3121'.
13:12:06 INFO  : Jtag cable 'Digilent Basys3 210183B82211A' is selected.
13:12:06 INFO  : 'jtag frequency' command is executed.
13:12:06 INFO  : 'configparams mdm-detect-bscan-mask 2' command is executed.
13:12:06 INFO  : Context for processor 'microblaze_0' is selected.
13:12:06 INFO  : Processor reset is completed for 'microblaze_0'.
13:12:06 INFO  : Context for processor 'microblaze_0' is selected.
13:12:06 INFO  : The application 'C:/Users/Nathan/Desktop/cs152b/cs152b/final_project/final_project.sdk/final_project/Debug/final_project.elf' is downloaded to processor 'microblaze_0'.
13:12:06 INFO  : ----------------XSDB Script----------------
connect -url tcp:127.0.0.1:3121
configparams mdm-detect-bscan-mask 2
targets -set -nocase -filter {name =~ "microblaze*#0" && bscan=="USER2"  && jtag_cable_name =~ "Digilent Basys3 210183B82211A"} -index 0
rst -processor
targets -set -nocase -filter {name =~ "microblaze*#0" && bscan=="USER2"  && jtag_cable_name =~ "Digilent Basys3 210183B82211A"} -index 0
dow C:/Users/Nathan/Desktop/cs152b/cs152b/final_project/final_project.sdk/final_project/Debug/final_project.elf
----------------End of Script----------------

13:12:06 INFO  : Memory regions updated for context MicroBlaze #0
13:12:06 INFO  : Memory regions updated for context MicroBlaze #0
13:12:06 INFO  : Context for processor 'microblaze_0' is selected.
13:12:06 INFO  : 'con' command is executed.
13:12:06 INFO  : ----------------XSDB Script (After Launch)----------------
targets -set -nocase -filter {name =~ "microblaze*#0" && bscan=="USER2"  && jtag_cable_name =~ "Digilent Basys3 210183B82211A"} -index 0
con
----------------End of Script----------------

13:12:06 INFO  : Launch script is exported to file 'C:\Users\Nathan\Desktop\cs152b\cs152b\final_project\final_project.sdk\.sdk\launch_scripts\xilinx_c-c++_application_(system_debugger)\system_debugger_using_debug_final_project.elf_on_local_(1).tcl'
13:22:42 INFO  : SDK has detected change in the last modified timestamps for source hardware specification file Source:1780086146214,  Project:1780085434592
13:22:42 INFO  : Project top_level_hw_platform_0's source hardware specification located at C:/Users/Nathan/Desktop/cs152b/cs152b/final_project/final_project.sdk/top_level.hdf is now different from the local copy.
		 The local copy will be replaced with the source specification and your workspace will be updated.
13:22:44 INFO  : Copied contents of C:/Users/Nathan/Desktop/cs152b/cs152b/final_project/final_project.sdk/top_level.hdf into \top_level_hw_platform_0\system.hdf.
13:22:44 INFO  : Synchronizing projects in the workspace with the hardware platform specification changes.
13:22:46 INFO  : 
13:22:47 INFO  : Updating hardware inferred compiler options for final_project.
13:22:47 INFO  : Clearing existing target manager status.
13:22:47 INFO  : Workspace synchronized with the new hardware specification file. Cleaning dependent projects...
13:22:48 WARN  : Linker script will not be updated automatically. Users need to update it manually.
13:23:04 INFO  : Disconnected from the channel tcfchan#19.
13:23:05 INFO  : 'targets -set -filter {jtag_cable_name =~ "Digilent Basys3 210183B82211A" && level==0} -index 0' command is executed.
13:23:05 INFO  : 'fpga -state' command is executed.
13:23:05 INFO  : Connected to target on host '127.0.0.1' and port '3121'.
13:23:05 INFO  : Jtag cable 'Digilent Basys3 210183B82211A' is selected.
13:23:05 INFO  : 'jtag frequency' command is executed.
13:23:05 INFO  : 'configparams mdm-detect-bscan-mask 2' command is executed.
13:23:05 INFO  : Context for processor 'microblaze_0' is selected.
13:23:05 INFO  : Processor reset is completed for 'microblaze_0'.
13:23:05 INFO  : Context for processor 'microblaze_0' is selected.
13:23:05 INFO  : The application 'C:/Users/Nathan/Desktop/cs152b/cs152b/final_project/final_project.sdk/final_project/Debug/final_project.elf' is downloaded to processor 'microblaze_0'.
13:23:05 INFO  : ----------------XSDB Script----------------
connect -url tcp:127.0.0.1:3121
configparams mdm-detect-bscan-mask 2
targets -set -nocase -filter {name =~ "microblaze*#0" && bscan=="USER2"  && jtag_cable_name =~ "Digilent Basys3 210183B82211A"} -index 0
rst -processor
targets -set -nocase -filter {name =~ "microblaze*#0" && bscan=="USER2"  && jtag_cable_name =~ "Digilent Basys3 210183B82211A"} -index 0
dow C:/Users/Nathan/Desktop/cs152b/cs152b/final_project/final_project.sdk/final_project/Debug/final_project.elf
----------------End of Script----------------

13:23:05 INFO  : Memory regions updated for context MicroBlaze #0
13:23:05 INFO  : Memory regions updated for context MicroBlaze #0
13:23:05 INFO  : Context for processor 'microblaze_0' is selected.
13:23:05 INFO  : 'con' command is executed.
13:23:05 INFO  : ----------------XSDB Script (After Launch)----------------
targets -set -nocase -filter {name =~ "microblaze*#0" && bscan=="USER2"  && jtag_cable_name =~ "Digilent Basys3 210183B82211A"} -index 0
con
----------------End of Script----------------

13:23:05 INFO  : Launch script is exported to file 'C:\Users\Nathan\Desktop\cs152b\cs152b\final_project\final_project.sdk\.sdk\launch_scripts\xilinx_c-c++_application_(system_debugger)\system_debugger_using_debug_final_project.elf_on_local_(1).tcl'
13:23:26 INFO  : Disconnected from the channel tcfchan#20.
13:23:27 INFO  : 'targets -set -filter {jtag_cable_name =~ "Digilent Basys3 210183B82211A" && level==0} -index 0' command is executed.
13:23:27 INFO  : 'fpga -state' command is executed.
13:23:27 INFO  : Connected to target on host '127.0.0.1' and port '3121'.
13:23:27 INFO  : Jtag cable 'Digilent Basys3 210183B82211A' is selected.
13:23:27 INFO  : 'jtag frequency' command is executed.
13:23:27 INFO  : 'configparams mdm-detect-bscan-mask 2' command is executed.
13:23:27 INFO  : Context for processor 'microblaze_0' is selected.
13:23:27 INFO  : Processor reset is completed for 'microblaze_0'.
13:23:27 INFO  : Context for processor 'microblaze_0' is selected.
13:23:28 INFO  : The application 'C:/Users/Nathan/Desktop/cs152b/cs152b/final_project/final_project.sdk/final_project/Debug/final_project.elf' is downloaded to processor 'microblaze_0'.
13:23:28 INFO  : ----------------XSDB Script----------------
connect -url tcp:127.0.0.1:3121
configparams mdm-detect-bscan-mask 2
targets -set -nocase -filter {name =~ "microblaze*#0" && bscan=="USER2"  && jtag_cable_name =~ "Digilent Basys3 210183B82211A"} -index 0
rst -processor
targets -set -nocase -filter {name =~ "microblaze*#0" && bscan=="USER2"  && jtag_cable_name =~ "Digilent Basys3 210183B82211A"} -index 0
dow C:/Users/Nathan/Desktop/cs152b/cs152b/final_project/final_project.sdk/final_project/Debug/final_project.elf
----------------End of Script----------------

13:23:28 INFO  : Memory regions updated for context MicroBlaze #0
13:23:28 INFO  : Memory regions updated for context MicroBlaze #0
13:23:28 INFO  : Context for processor 'microblaze_0' is selected.
13:23:28 INFO  : 'con' command is executed.
13:23:28 INFO  : ----------------XSDB Script (After Launch)----------------
targets -set -nocase -filter {name =~ "microblaze*#0" && bscan=="USER2"  && jtag_cable_name =~ "Digilent Basys3 210183B82211A"} -index 0
con
----------------End of Script----------------

13:23:28 INFO  : Launch script is exported to file 'C:\Users\Nathan\Desktop\cs152b\cs152b\final_project\final_project.sdk\.sdk\launch_scripts\xilinx_c-c++_application_(system_debugger)\system_debugger_using_debug_final_project.elf_on_local_(1).tcl'
13:27:05 INFO  : Disconnected from the channel tcfchan#21.
13:27:06 INFO  : 'targets -set -filter {jtag_cable_name =~ "Digilent Basys3 210183B82211A" && level==0} -index 0' command is executed.
13:27:06 INFO  : 'fpga -state' command is executed.
13:27:06 INFO  : Connected to target on host '127.0.0.1' and port '3121'.
13:27:06 INFO  : Jtag cable 'Digilent Basys3 210183B82211A' is selected.
13:27:06 INFO  : 'jtag frequency' command is executed.
13:27:06 INFO  : 'configparams mdm-detect-bscan-mask 2' command is executed.
13:27:06 INFO  : Context for processor 'microblaze_0' is selected.
13:27:06 INFO  : Processor reset is completed for 'microblaze_0'.
13:27:06 INFO  : Context for processor 'microblaze_0' is selected.
13:27:06 INFO  : The application 'C:/Users/Nathan/Desktop/cs152b/cs152b/final_project/final_project.sdk/final_project/Debug/final_project.elf' is downloaded to processor 'microblaze_0'.
13:27:06 INFO  : ----------------XSDB Script----------------
connect -url tcp:127.0.0.1:3121
configparams mdm-detect-bscan-mask 2
targets -set -nocase -filter {name =~ "microblaze*#0" && bscan=="USER2"  && jtag_cable_name =~ "Digilent Basys3 210183B82211A"} -index 0
rst -processor
targets -set -nocase -filter {name =~ "microblaze*#0" && bscan=="USER2"  && jtag_cable_name =~ "Digilent Basys3 210183B82211A"} -index 0
dow C:/Users/Nathan/Desktop/cs152b/cs152b/final_project/final_project.sdk/final_project/Debug/final_project.elf
----------------End of Script----------------

13:27:06 INFO  : Memory regions updated for context MicroBlaze #0
13:27:06 INFO  : Memory regions updated for context MicroBlaze #0
13:27:06 INFO  : Context for processor 'microblaze_0' is selected.
13:27:06 INFO  : 'con' command is executed.
13:27:06 INFO  : ----------------XSDB Script (After Launch)----------------
targets -set -nocase -filter {name =~ "microblaze*#0" && bscan=="USER2"  && jtag_cable_name =~ "Digilent Basys3 210183B82211A"} -index 0
con
----------------End of Script----------------

13:27:06 INFO  : Launch script is exported to file 'C:\Users\Nathan\Desktop\cs152b\cs152b\final_project\final_project.sdk\.sdk\launch_scripts\xilinx_c-c++_application_(system_debugger)\system_debugger_using_debug_final_project.elf_on_local_(1).tcl'
13:27:18 INFO  : Disconnected from the channel tcfchan#22.
13:27:19 INFO  : 'targets -set -filter {jtag_cable_name =~ "Digilent Basys3 210183B82211A" && level==0} -index 0' command is executed.
13:27:19 INFO  : 'fpga -state' command is executed.
13:27:19 INFO  : Connected to target on host '127.0.0.1' and port '3121'.
13:27:19 INFO  : Jtag cable 'Digilent Basys3 210183B82211A' is selected.
13:27:19 INFO  : 'jtag frequency' command is executed.
13:27:19 INFO  : 'configparams mdm-detect-bscan-mask 2' command is executed.
13:27:19 INFO  : Context for processor 'microblaze_0' is selected.
13:27:19 INFO  : Processor reset is completed for 'microblaze_0'.
13:27:19 INFO  : Context for processor 'microblaze_0' is selected.
13:27:19 INFO  : The application 'C:/Users/Nathan/Desktop/cs152b/cs152b/final_project/final_project.sdk/final_project/Debug/final_project.elf' is downloaded to processor 'microblaze_0'.
13:27:19 INFO  : ----------------XSDB Script----------------
connect -url tcp:127.0.0.1:3121
configparams mdm-detect-bscan-mask 2
targets -set -nocase -filter {name =~ "microblaze*#0" && bscan=="USER2"  && jtag_cable_name =~ "Digilent Basys3 210183B82211A"} -index 0
rst -processor
targets -set -nocase -filter {name =~ "microblaze*#0" && bscan=="USER2"  && jtag_cable_name =~ "Digilent Basys3 210183B82211A"} -index 0
dow C:/Users/Nathan/Desktop/cs152b/cs152b/final_project/final_project.sdk/final_project/Debug/final_project.elf
----------------End of Script----------------

13:27:19 INFO  : Memory regions updated for context MicroBlaze #0
13:27:19 INFO  : Memory regions updated for context MicroBlaze #0
13:27:19 INFO  : Context for processor 'microblaze_0' is selected.
13:27:19 INFO  : 'con' command is executed.
13:27:19 INFO  : ----------------XSDB Script (After Launch)----------------
targets -set -nocase -filter {name =~ "microblaze*#0" && bscan=="USER2"  && jtag_cable_name =~ "Digilent Basys3 210183B82211A"} -index 0
con
----------------End of Script----------------

13:27:19 INFO  : Launch script is exported to file 'C:\Users\Nathan\Desktop\cs152b\cs152b\final_project\final_project.sdk\.sdk\launch_scripts\xilinx_c-c++_application_(system_debugger)\system_debugger_using_debug_final_project.elf_on_local_(1).tcl'
13:28:00 INFO  : Disconnected from the channel tcfchan#23.
13:28:01 INFO  : 'targets -set -filter {jtag_cable_name =~ "Digilent Basys3 210183B82211A" && level==0} -index 0' command is executed.
13:28:01 INFO  : 'fpga -state' command is executed.
13:28:01 INFO  : Connected to target on host '127.0.0.1' and port '3121'.
13:28:01 INFO  : Jtag cable 'Digilent Basys3 210183B82211A' is selected.
13:28:01 INFO  : 'jtag frequency' command is executed.
13:28:01 INFO  : 'configparams mdm-detect-bscan-mask 2' command is executed.
13:28:01 INFO  : Context for processor 'microblaze_0' is selected.
13:28:01 INFO  : Processor reset is completed for 'microblaze_0'.
13:28:01 INFO  : Context for processor 'microblaze_0' is selected.
13:28:01 INFO  : The application 'C:/Users/Nathan/Desktop/cs152b/cs152b/final_project/final_project.sdk/final_project/Debug/final_project.elf' is downloaded to processor 'microblaze_0'.
13:28:01 INFO  : ----------------XSDB Script----------------
connect -url tcp:127.0.0.1:3121
configparams mdm-detect-bscan-mask 2
targets -set -nocase -filter {name =~ "microblaze*#0" && bscan=="USER2"  && jtag_cable_name =~ "Digilent Basys3 210183B82211A"} -index 0
rst -processor
targets -set -nocase -filter {name =~ "microblaze*#0" && bscan=="USER2"  && jtag_cable_name =~ "Digilent Basys3 210183B82211A"} -index 0
dow C:/Users/Nathan/Desktop/cs152b/cs152b/final_project/final_project.sdk/final_project/Debug/final_project.elf
----------------End of Script----------------

13:28:01 INFO  : Memory regions updated for context MicroBlaze #0
13:28:01 INFO  : Memory regions updated for context MicroBlaze #0
13:28:02 INFO  : Context for processor 'microblaze_0' is selected.
13:28:02 INFO  : 'con' command is executed.
13:28:02 INFO  : ----------------XSDB Script (After Launch)----------------
targets -set -nocase -filter {name =~ "microblaze*#0" && bscan=="USER2"  && jtag_cable_name =~ "Digilent Basys3 210183B82211A"} -index 0
con
----------------End of Script----------------

13:28:02 INFO  : Launch script is exported to file 'C:\Users\Nathan\Desktop\cs152b\cs152b\final_project\final_project.sdk\.sdk\launch_scripts\xilinx_c-c++_application_(system_debugger)\system_debugger_using_debug_final_project.elf_on_local_(1).tcl'
13:28:22 INFO  : Disconnected from the channel tcfchan#24.
13:28:23 INFO  : 'targets -set -filter {jtag_cable_name =~ "Digilent Basys3 210183B82211A" && level==0} -index 0' command is executed.
13:28:23 INFO  : 'fpga -state' command is executed.
13:28:23 INFO  : Connected to target on host '127.0.0.1' and port '3121'.
13:28:23 INFO  : Jtag cable 'Digilent Basys3 210183B82211A' is selected.
13:28:23 INFO  : 'jtag frequency' command is executed.
13:28:23 INFO  : 'configparams mdm-detect-bscan-mask 2' command is executed.
13:28:23 INFO  : Context for processor 'microblaze_0' is selected.
13:28:23 INFO  : Processor reset is completed for 'microblaze_0'.
13:28:23 INFO  : Context for processor 'microblaze_0' is selected.
13:28:23 INFO  : The application 'C:/Users/Nathan/Desktop/cs152b/cs152b/final_project/final_project.sdk/final_project/Debug/final_project.elf' is downloaded to processor 'microblaze_0'.
13:28:23 INFO  : ----------------XSDB Script----------------
connect -url tcp:127.0.0.1:3121
configparams mdm-detect-bscan-mask 2
targets -set -nocase -filter {name =~ "microblaze*#0" && bscan=="USER2"  && jtag_cable_name =~ "Digilent Basys3 210183B82211A"} -index 0
rst -processor
targets -set -nocase -filter {name =~ "microblaze*#0" && bscan=="USER2"  && jtag_cable_name =~ "Digilent Basys3 210183B82211A"} -index 0
dow C:/Users/Nathan/Desktop/cs152b/cs152b/final_project/final_project.sdk/final_project/Debug/final_project.elf
----------------End of Script----------------

13:28:24 INFO  : Memory regions updated for context MicroBlaze #0
13:28:24 INFO  : Memory regions updated for context MicroBlaze #0
13:28:24 INFO  : Context for processor 'microblaze_0' is selected.
13:28:24 INFO  : 'con' command is executed.
13:28:24 INFO  : ----------------XSDB Script (After Launch)----------------
targets -set -nocase -filter {name =~ "microblaze*#0" && bscan=="USER2"  && jtag_cable_name =~ "Digilent Basys3 210183B82211A"} -index 0
con
----------------End of Script----------------

13:28:24 INFO  : Launch script is exported to file 'C:\Users\Nathan\Desktop\cs152b\cs152b\final_project\final_project.sdk\.sdk\launch_scripts\xilinx_c-c++_application_(system_debugger)\system_debugger_using_debug_final_project.elf_on_local_(1).tcl'
13:32:07 INFO  : Disconnected from the channel tcfchan#25.
13:32:08 INFO  : 'targets -set -filter {jtag_cable_name =~ "Digilent Basys3 210183B82211A" && level==0} -index 0' command is executed.
13:32:08 INFO  : 'fpga -state' command is executed.
13:32:08 INFO  : Connected to target on host '127.0.0.1' and port '3121'.
13:32:08 INFO  : Jtag cable 'Digilent Basys3 210183B82211A' is selected.
13:32:08 INFO  : 'jtag frequency' command is executed.
13:32:08 INFO  : 'configparams mdm-detect-bscan-mask 2' command is executed.
13:32:08 INFO  : Context for processor 'microblaze_0' is selected.
13:32:08 INFO  : Processor reset is completed for 'microblaze_0'.
13:32:08 INFO  : Context for processor 'microblaze_0' is selected.
13:32:08 INFO  : The application 'C:/Users/Nathan/Desktop/cs152b/cs152b/final_project/final_project.sdk/final_project/Debug/final_project.elf' is downloaded to processor 'microblaze_0'.
13:32:08 INFO  : ----------------XSDB Script----------------
connect -url tcp:127.0.0.1:3121
configparams mdm-detect-bscan-mask 2
targets -set -nocase -filter {name =~ "microblaze*#0" && bscan=="USER2"  && jtag_cable_name =~ "Digilent Basys3 210183B82211A"} -index 0
rst -processor
targets -set -nocase -filter {name =~ "microblaze*#0" && bscan=="USER2"  && jtag_cable_name =~ "Digilent Basys3 210183B82211A"} -index 0
dow C:/Users/Nathan/Desktop/cs152b/cs152b/final_project/final_project.sdk/final_project/Debug/final_project.elf
----------------End of Script----------------

13:32:08 INFO  : Memory regions updated for context MicroBlaze #0
13:32:08 INFO  : Memory regions updated for context MicroBlaze #0
13:32:08 INFO  : Context for processor 'microblaze_0' is selected.
13:32:08 INFO  : 'con' command is executed.
13:32:08 INFO  : ----------------XSDB Script (After Launch)----------------
targets -set -nocase -filter {name =~ "microblaze*#0" && bscan=="USER2"  && jtag_cable_name =~ "Digilent Basys3 210183B82211A"} -index 0
con
----------------End of Script----------------

13:32:08 INFO  : Launch script is exported to file 'C:\Users\Nathan\Desktop\cs152b\cs152b\final_project\final_project.sdk\.sdk\launch_scripts\xilinx_c-c++_application_(system_debugger)\system_debugger_using_debug_final_project.elf_on_local_(1).tcl'
13:37:35 INFO  : SDK has detected change in the last modified timestamps for source hardware specification file Source:1780087029191,  Project:1780086146214
13:37:35 INFO  : Project top_level_hw_platform_0's source hardware specification located at C:/Users/Nathan/Desktop/cs152b/cs152b/final_project/final_project.sdk/top_level.hdf is now different from the local copy.
		 The local copy will be replaced with the source specification and your workspace will be updated.
13:37:36 INFO  : Copied contents of C:/Users/Nathan/Desktop/cs152b/cs152b/final_project/final_project.sdk/top_level.hdf into \top_level_hw_platform_0\system.hdf.
13:37:37 INFO  : Synchronizing projects in the workspace with the hardware platform specification changes.
13:37:38 INFO  : 
13:37:39 INFO  : Updating hardware inferred compiler options for final_project.
13:37:39 INFO  : Clearing existing target manager status.
13:37:39 INFO  : Workspace synchronized with the new hardware specification file. Cleaning dependent projects...
13:37:40 WARN  : Linker script will not be updated automatically. Users need to update it manually.
13:37:52 INFO  : Disconnected from the channel tcfchan#26.
13:37:53 INFO  : 'targets -set -filter {jtag_cable_name =~ "Digilent Basys3 210183B82211A" && level==0} -index 0' command is executed.
13:37:53 INFO  : 'fpga -state' command is executed.
13:37:53 INFO  : Connected to target on host '127.0.0.1' and port '3121'.
13:37:53 INFO  : Jtag cable 'Digilent Basys3 210183B82211A' is selected.
13:37:53 INFO  : 'jtag frequency' command is executed.
13:37:53 INFO  : 'configparams mdm-detect-bscan-mask 2' command is executed.
13:37:53 INFO  : Context for processor 'microblaze_0' is selected.
13:37:53 INFO  : Processor reset is completed for 'microblaze_0'.
13:37:53 INFO  : Context for processor 'microblaze_0' is selected.
13:37:53 INFO  : The application 'C:/Users/Nathan/Desktop/cs152b/cs152b/final_project/final_project.sdk/final_project/Debug/final_project.elf' is downloaded to processor 'microblaze_0'.
13:37:53 INFO  : ----------------XSDB Script----------------
connect -url tcp:127.0.0.1:3121
configparams mdm-detect-bscan-mask 2
targets -set -nocase -filter {name =~ "microblaze*#0" && bscan=="USER2"  && jtag_cable_name =~ "Digilent Basys3 210183B82211A"} -index 0
rst -processor
targets -set -nocase -filter {name =~ "microblaze*#0" && bscan=="USER2"  && jtag_cable_name =~ "Digilent Basys3 210183B82211A"} -index 0
dow C:/Users/Nathan/Desktop/cs152b/cs152b/final_project/final_project.sdk/final_project/Debug/final_project.elf
----------------End of Script----------------

13:37:53 INFO  : Memory regions updated for context MicroBlaze #0
13:37:53 INFO  : Memory regions updated for context MicroBlaze #0
13:37:53 INFO  : Context for processor 'microblaze_0' is selected.
13:37:53 INFO  : 'con' command is executed.
13:37:53 INFO  : ----------------XSDB Script (After Launch)----------------
targets -set -nocase -filter {name =~ "microblaze*#0" && bscan=="USER2"  && jtag_cable_name =~ "Digilent Basys3 210183B82211A"} -index 0
con
----------------End of Script----------------

13:37:53 INFO  : Launch script is exported to file 'C:\Users\Nathan\Desktop\cs152b\cs152b\final_project\final_project.sdk\.sdk\launch_scripts\xilinx_c-c++_application_(system_debugger)\system_debugger_using_debug_final_project.elf_on_local_(1).tcl'
13:38:16 INFO  : Disconnected from the channel tcfchan#27.
13:38:17 INFO  : 'targets -set -filter {jtag_cable_name =~ "Digilent Basys3 210183B82211A" && level==0} -index 0' command is executed.
13:38:17 INFO  : 'fpga -state' command is executed.
13:38:17 INFO  : Connected to target on host '127.0.0.1' and port '3121'.
13:38:17 INFO  : Jtag cable 'Digilent Basys3 210183B82211A' is selected.
13:38:17 INFO  : 'jtag frequency' command is executed.
13:38:17 INFO  : 'configparams mdm-detect-bscan-mask 2' command is executed.
13:38:17 INFO  : Context for processor 'microblaze_0' is selected.
13:38:17 INFO  : Processor reset is completed for 'microblaze_0'.
13:38:17 INFO  : Context for processor 'microblaze_0' is selected.
13:38:17 INFO  : The application 'C:/Users/Nathan/Desktop/cs152b/cs152b/final_project/final_project.sdk/final_project/Debug/final_project.elf' is downloaded to processor 'microblaze_0'.
13:38:17 INFO  : ----------------XSDB Script----------------
connect -url tcp:127.0.0.1:3121
configparams mdm-detect-bscan-mask 2
targets -set -nocase -filter {name =~ "microblaze*#0" && bscan=="USER2"  && jtag_cable_name =~ "Digilent Basys3 210183B82211A"} -index 0
rst -processor
targets -set -nocase -filter {name =~ "microblaze*#0" && bscan=="USER2"  && jtag_cable_name =~ "Digilent Basys3 210183B82211A"} -index 0
dow C:/Users/Nathan/Desktop/cs152b/cs152b/final_project/final_project.sdk/final_project/Debug/final_project.elf
----------------End of Script----------------

13:38:17 INFO  : Memory regions updated for context MicroBlaze #0
13:38:17 INFO  : Memory regions updated for context MicroBlaze #0
13:38:17 INFO  : Context for processor 'microblaze_0' is selected.
13:38:17 INFO  : 'con' command is executed.
13:38:17 INFO  : ----------------XSDB Script (After Launch)----------------
targets -set -nocase -filter {name =~ "microblaze*#0" && bscan=="USER2"  && jtag_cable_name =~ "Digilent Basys3 210183B82211A"} -index 0
con
----------------End of Script----------------

13:38:17 INFO  : Launch script is exported to file 'C:\Users\Nathan\Desktop\cs152b\cs152b\final_project\final_project.sdk\.sdk\launch_scripts\xilinx_c-c++_application_(system_debugger)\system_debugger_using_debug_final_project.elf_on_local_(1).tcl'
13:38:52 INFO  : Disconnected from the channel tcfchan#28.
13:38:54 INFO  : 'targets -set -filter {jtag_cable_name =~ "Digilent Basys3 210183B82211A" && level==0} -index 0' command is executed.
13:38:54 INFO  : 'fpga -state' command is executed.
13:38:54 INFO  : Connected to target on host '127.0.0.1' and port '3121'.
13:38:54 INFO  : Jtag cable 'Digilent Basys3 210183B82211A' is selected.
13:38:54 INFO  : 'jtag frequency' command is executed.
13:38:54 INFO  : 'configparams mdm-detect-bscan-mask 2' command is executed.
13:38:54 INFO  : Context for processor 'microblaze_0' is selected.
13:38:54 INFO  : Processor reset is completed for 'microblaze_0'.
13:38:54 INFO  : Context for processor 'microblaze_0' is selected.
13:38:54 INFO  : The application 'C:/Users/Nathan/Desktop/cs152b/cs152b/final_project/final_project.sdk/final_project/Debug/final_project.elf' is downloaded to processor 'microblaze_0'.
13:38:54 INFO  : ----------------XSDB Script----------------
connect -url tcp:127.0.0.1:3121
configparams mdm-detect-bscan-mask 2
targets -set -nocase -filter {name =~ "microblaze*#0" && bscan=="USER2"  && jtag_cable_name =~ "Digilent Basys3 210183B82211A"} -index 0
rst -processor
targets -set -nocase -filter {name =~ "microblaze*#0" && bscan=="USER2"  && jtag_cable_name =~ "Digilent Basys3 210183B82211A"} -index 0
dow C:/Users/Nathan/Desktop/cs152b/cs152b/final_project/final_project.sdk/final_project/Debug/final_project.elf
----------------End of Script----------------

13:38:54 INFO  : Memory regions updated for context MicroBlaze #0
13:38:54 INFO  : Memory regions updated for context MicroBlaze #0
13:38:54 INFO  : Context for processor 'microblaze_0' is selected.
13:38:54 INFO  : 'con' command is executed.
13:38:54 INFO  : ----------------XSDB Script (After Launch)----------------
targets -set -nocase -filter {name =~ "microblaze*#0" && bscan=="USER2"  && jtag_cable_name =~ "Digilent Basys3 210183B82211A"} -index 0
con
----------------End of Script----------------

13:38:54 INFO  : Launch script is exported to file 'C:\Users\Nathan\Desktop\cs152b\cs152b\final_project\final_project.sdk\.sdk\launch_scripts\xilinx_c-c++_application_(system_debugger)\system_debugger_using_debug_final_project.elf_on_local_(1).tcl'
13:40:33 INFO  : Disconnected from the channel tcfchan#29.
13:40:34 INFO  : 'targets -set -filter {jtag_cable_name =~ "Digilent Basys3 210183B82211A" && level==0} -index 0' command is executed.
13:40:34 INFO  : 'fpga -state' command is executed.
13:40:34 INFO  : Connected to target on host '127.0.0.1' and port '3121'.
13:40:34 INFO  : Jtag cable 'Digilent Basys3 210183B82211A' is selected.
13:40:34 INFO  : 'jtag frequency' command is executed.
13:40:34 INFO  : 'configparams mdm-detect-bscan-mask 2' command is executed.
13:40:34 INFO  : Context for processor 'microblaze_0' is selected.
13:40:34 INFO  : Processor reset is completed for 'microblaze_0'.
13:40:34 INFO  : Context for processor 'microblaze_0' is selected.
13:40:34 INFO  : The application 'C:/Users/Nathan/Desktop/cs152b/cs152b/final_project/final_project.sdk/final_project/Debug/final_project.elf' is downloaded to processor 'microblaze_0'.
13:40:34 INFO  : ----------------XSDB Script----------------
connect -url tcp:127.0.0.1:3121
configparams mdm-detect-bscan-mask 2
targets -set -nocase -filter {name =~ "microblaze*#0" && bscan=="USER2"  && jtag_cable_name =~ "Digilent Basys3 210183B82211A"} -index 0
rst -processor
targets -set -nocase -filter {name =~ "microblaze*#0" && bscan=="USER2"  && jtag_cable_name =~ "Digilent Basys3 210183B82211A"} -index 0
dow C:/Users/Nathan/Desktop/cs152b/cs152b/final_project/final_project.sdk/final_project/Debug/final_project.elf
----------------End of Script----------------

13:40:34 INFO  : Memory regions updated for context MicroBlaze #0
13:40:34 INFO  : Memory regions updated for context MicroBlaze #0
13:40:35 INFO  : Context for processor 'microblaze_0' is selected.
13:40:35 INFO  : 'con' command is executed.
13:40:35 INFO  : ----------------XSDB Script (After Launch)----------------
targets -set -nocase -filter {name =~ "microblaze*#0" && bscan=="USER2"  && jtag_cable_name =~ "Digilent Basys3 210183B82211A"} -index 0
con
----------------End of Script----------------

13:40:35 INFO  : Launch script is exported to file 'C:\Users\Nathan\Desktop\cs152b\cs152b\final_project\final_project.sdk\.sdk\launch_scripts\xilinx_c-c++_application_(system_debugger)\system_debugger_using_debug_final_project.elf_on_local_(1).tcl'
13:41:39 INFO  : Disconnected from the channel tcfchan#30.
13:41:40 INFO  : 'targets -set -filter {jtag_cable_name =~ "Digilent Basys3 210183B82211A" && level==0} -index 0' command is executed.
13:41:40 INFO  : 'fpga -state' command is executed.
13:41:40 INFO  : Connected to target on host '127.0.0.1' and port '3121'.
13:41:40 INFO  : Jtag cable 'Digilent Basys3 210183B82211A' is selected.
13:41:40 INFO  : 'jtag frequency' command is executed.
13:41:40 INFO  : 'configparams mdm-detect-bscan-mask 2' command is executed.
13:41:40 INFO  : Context for processor 'microblaze_0' is selected.
13:41:40 INFO  : Processor reset is completed for 'microblaze_0'.
13:41:40 INFO  : Context for processor 'microblaze_0' is selected.
13:41:40 INFO  : The application 'C:/Users/Nathan/Desktop/cs152b/cs152b/final_project/final_project.sdk/final_project/Debug/final_project.elf' is downloaded to processor 'microblaze_0'.
13:41:40 INFO  : ----------------XSDB Script----------------
connect -url tcp:127.0.0.1:3121
configparams mdm-detect-bscan-mask 2
targets -set -nocase -filter {name =~ "microblaze*#0" && bscan=="USER2"  && jtag_cable_name =~ "Digilent Basys3 210183B82211A"} -index 0
rst -processor
targets -set -nocase -filter {name =~ "microblaze*#0" && bscan=="USER2"  && jtag_cable_name =~ "Digilent Basys3 210183B82211A"} -index 0
dow C:/Users/Nathan/Desktop/cs152b/cs152b/final_project/final_project.sdk/final_project/Debug/final_project.elf
----------------End of Script----------------

13:41:40 INFO  : Memory regions updated for context MicroBlaze #0
13:41:40 INFO  : Memory regions updated for context MicroBlaze #0
13:41:40 INFO  : Context for processor 'microblaze_0' is selected.
13:41:40 INFO  : 'con' command is executed.
13:41:40 INFO  : ----------------XSDB Script (After Launch)----------------
targets -set -nocase -filter {name =~ "microblaze*#0" && bscan=="USER2"  && jtag_cable_name =~ "Digilent Basys3 210183B82211A"} -index 0
con
----------------End of Script----------------

13:41:40 INFO  : Launch script is exported to file 'C:\Users\Nathan\Desktop\cs152b\cs152b\final_project\final_project.sdk\.sdk\launch_scripts\xilinx_c-c++_application_(system_debugger)\system_debugger_using_debug_final_project.elf_on_local_(1).tcl'
13:41:50 INFO  : Disconnected from the channel tcfchan#31.
13:41:51 INFO  : 'targets -set -filter {jtag_cable_name =~ "Digilent Basys3 210183B82211A" && level==0} -index 0' command is executed.
13:41:51 INFO  : 'fpga -state' command is executed.
13:41:51 INFO  : Connected to target on host '127.0.0.1' and port '3121'.
13:41:52 INFO  : Jtag cable 'Digilent Basys3 210183B82211A' is selected.
13:41:52 INFO  : 'jtag frequency' command is executed.
13:41:52 INFO  : 'configparams mdm-detect-bscan-mask 2' command is executed.
13:41:52 INFO  : Context for processor 'microblaze_0' is selected.
13:41:52 INFO  : Processor reset is completed for 'microblaze_0'.
13:41:52 INFO  : Context for processor 'microblaze_0' is selected.
13:41:52 INFO  : The application 'C:/Users/Nathan/Desktop/cs152b/cs152b/final_project/final_project.sdk/final_project/Debug/final_project.elf' is downloaded to processor 'microblaze_0'.
13:41:52 INFO  : ----------------XSDB Script----------------
connect -url tcp:127.0.0.1:3121
configparams mdm-detect-bscan-mask 2
targets -set -nocase -filter {name =~ "microblaze*#0" && bscan=="USER2"  && jtag_cable_name =~ "Digilent Basys3 210183B82211A"} -index 0
rst -processor
targets -set -nocase -filter {name =~ "microblaze*#0" && bscan=="USER2"  && jtag_cable_name =~ "Digilent Basys3 210183B82211A"} -index 0
dow C:/Users/Nathan/Desktop/cs152b/cs152b/final_project/final_project.sdk/final_project/Debug/final_project.elf
----------------End of Script----------------

13:41:52 INFO  : Memory regions updated for context MicroBlaze #0
13:41:52 INFO  : Memory regions updated for context MicroBlaze #0
13:41:52 INFO  : Context for processor 'microblaze_0' is selected.
13:41:52 INFO  : 'con' command is executed.
13:41:52 INFO  : ----------------XSDB Script (After Launch)----------------
targets -set -nocase -filter {name =~ "microblaze*#0" && bscan=="USER2"  && jtag_cable_name =~ "Digilent Basys3 210183B82211A"} -index 0
con
----------------End of Script----------------

13:41:52 INFO  : Launch script is exported to file 'C:\Users\Nathan\Desktop\cs152b\cs152b\final_project\final_project.sdk\.sdk\launch_scripts\xilinx_c-c++_application_(system_debugger)\system_debugger_using_debug_final_project.elf_on_local_(1).tcl'
13:42:47 INFO  : Disconnected from the channel tcfchan#32.
13:42:48 INFO  : 'targets -set -filter {jtag_cable_name =~ "Digilent Basys3 210183B82211A" && level==0} -index 0' command is executed.
13:42:48 INFO  : 'fpga -state' command is executed.
13:42:48 INFO  : Connected to target on host '127.0.0.1' and port '3121'.
13:42:48 INFO  : Jtag cable 'Digilent Basys3 210183B82211A' is selected.
13:42:48 INFO  : 'jtag frequency' command is executed.
13:42:48 INFO  : 'configparams mdm-detect-bscan-mask 2' command is executed.
13:42:48 INFO  : Context for processor 'microblaze_0' is selected.
13:42:48 INFO  : Processor reset is completed for 'microblaze_0'.
13:42:48 INFO  : Context for processor 'microblaze_0' is selected.
13:42:48 INFO  : The application 'C:/Users/Nathan/Desktop/cs152b/cs152b/final_project/final_project.sdk/final_project/Debug/final_project.elf' is downloaded to processor 'microblaze_0'.
13:42:48 INFO  : ----------------XSDB Script----------------
connect -url tcp:127.0.0.1:3121
configparams mdm-detect-bscan-mask 2
targets -set -nocase -filter {name =~ "microblaze*#0" && bscan=="USER2"  && jtag_cable_name =~ "Digilent Basys3 210183B82211A"} -index 0
rst -processor
targets -set -nocase -filter {name =~ "microblaze*#0" && bscan=="USER2"  && jtag_cable_name =~ "Digilent Basys3 210183B82211A"} -index 0
dow C:/Users/Nathan/Desktop/cs152b/cs152b/final_project/final_project.sdk/final_project/Debug/final_project.elf
----------------End of Script----------------

13:42:48 INFO  : Memory regions updated for context MicroBlaze #0
13:42:48 INFO  : Memory regions updated for context MicroBlaze #0
13:42:48 INFO  : Context for processor 'microblaze_0' is selected.
13:42:48 INFO  : 'con' command is executed.
13:42:48 INFO  : ----------------XSDB Script (After Launch)----------------
targets -set -nocase -filter {name =~ "microblaze*#0" && bscan=="USER2"  && jtag_cable_name =~ "Digilent Basys3 210183B82211A"} -index 0
con
----------------End of Script----------------

13:42:48 INFO  : Launch script is exported to file 'C:\Users\Nathan\Desktop\cs152b\cs152b\final_project\final_project.sdk\.sdk\launch_scripts\xilinx_c-c++_application_(system_debugger)\system_debugger_using_debug_final_project.elf_on_local_(1).tcl'
13:49:41 INFO  : SDK has detected change in the last modified timestamps for source hardware specification file Source:1780087760539,  Project:1780087029191
13:49:41 INFO  : Project top_level_hw_platform_0's source hardware specification located at C:/Users/Nathan/Desktop/cs152b/cs152b/final_project/final_project.sdk/top_level.hdf is now different from the local copy.
		 The local copy will be replaced with the source specification and your workspace will be updated.
13:49:46 INFO  : Copied contents of C:/Users/Nathan/Desktop/cs152b/cs152b/final_project/final_project.sdk/top_level.hdf into \top_level_hw_platform_0\system.hdf.
13:49:46 INFO  : Synchronizing projects in the workspace with the hardware platform specification changes.
13:49:49 INFO  : 
13:49:49 INFO  : Updating hardware inferred compiler options for final_project.
13:49:50 INFO  : Clearing existing target manager status.
13:49:50 INFO  : Workspace synchronized with the new hardware specification file. Cleaning dependent projects...
13:49:50 WARN  : Linker script will not be updated automatically. Users need to update it manually.
13:50:03 INFO  : Disconnected from the channel tcfchan#33.
13:50:04 INFO  : 'targets -set -filter {jtag_cable_name =~ "Digilent Basys3 210183B82211A" && level==0} -index 0' command is executed.
13:50:04 INFO  : 'fpga -state' command is executed.
13:50:04 INFO  : Connected to target on host '127.0.0.1' and port '3121'.
13:50:04 INFO  : Jtag cable 'Digilent Basys3 210183B82211A' is selected.
13:50:04 INFO  : 'jtag frequency' command is executed.
13:50:04 INFO  : 'configparams mdm-detect-bscan-mask 2' command is executed.
13:50:04 INFO  : Context for processor 'microblaze_0' is selected.
13:50:04 INFO  : Processor reset is completed for 'microblaze_0'.
13:50:04 INFO  : Context for processor 'microblaze_0' is selected.
13:50:04 INFO  : The application 'C:/Users/Nathan/Desktop/cs152b/cs152b/final_project/final_project.sdk/final_project/Debug/final_project.elf' is downloaded to processor 'microblaze_0'.
13:50:04 INFO  : ----------------XSDB Script----------------
connect -url tcp:127.0.0.1:3121
configparams mdm-detect-bscan-mask 2
targets -set -nocase -filter {name =~ "microblaze*#0" && bscan=="USER2"  && jtag_cable_name =~ "Digilent Basys3 210183B82211A"} -index 0
rst -processor
targets -set -nocase -filter {name =~ "microblaze*#0" && bscan=="USER2"  && jtag_cable_name =~ "Digilent Basys3 210183B82211A"} -index 0
dow C:/Users/Nathan/Desktop/cs152b/cs152b/final_project/final_project.sdk/final_project/Debug/final_project.elf
----------------End of Script----------------

13:50:04 INFO  : Memory regions updated for context MicroBlaze #0
13:50:04 INFO  : Memory regions updated for context MicroBlaze #0
13:50:04 INFO  : Context for processor 'microblaze_0' is selected.
13:50:04 INFO  : 'con' command is executed.
13:50:04 INFO  : ----------------XSDB Script (After Launch)----------------
targets -set -nocase -filter {name =~ "microblaze*#0" && bscan=="USER2"  && jtag_cable_name =~ "Digilent Basys3 210183B82211A"} -index 0
con
----------------End of Script----------------

13:50:04 INFO  : Launch script is exported to file 'C:\Users\Nathan\Desktop\cs152b\cs152b\final_project\final_project.sdk\.sdk\launch_scripts\xilinx_c-c++_application_(system_debugger)\system_debugger_using_debug_final_project.elf_on_local_(1).tcl'
13:50:19 INFO  : Disconnected from the channel tcfchan#34.
13:50:20 INFO  : 'targets -set -filter {jtag_cable_name =~ "Digilent Basys3 210183B82211A" && level==0} -index 0' command is executed.
13:50:20 INFO  : 'fpga -state' command is executed.
13:50:20 INFO  : Connected to target on host '127.0.0.1' and port '3121'.
13:50:20 INFO  : Jtag cable 'Digilent Basys3 210183B82211A' is selected.
13:50:20 INFO  : 'jtag frequency' command is executed.
13:50:20 INFO  : 'configparams mdm-detect-bscan-mask 2' command is executed.
13:50:20 INFO  : Context for processor 'microblaze_0' is selected.
13:50:20 INFO  : Processor reset is completed for 'microblaze_0'.
13:50:20 INFO  : Context for processor 'microblaze_0' is selected.
13:50:20 INFO  : The application 'C:/Users/Nathan/Desktop/cs152b/cs152b/final_project/final_project.sdk/final_project/Debug/final_project.elf' is downloaded to processor 'microblaze_0'.
13:50:20 INFO  : ----------------XSDB Script----------------
connect -url tcp:127.0.0.1:3121
configparams mdm-detect-bscan-mask 2
targets -set -nocase -filter {name =~ "microblaze*#0" && bscan=="USER2"  && jtag_cable_name =~ "Digilent Basys3 210183B82211A"} -index 0
rst -processor
targets -set -nocase -filter {name =~ "microblaze*#0" && bscan=="USER2"  && jtag_cable_name =~ "Digilent Basys3 210183B82211A"} -index 0
dow C:/Users/Nathan/Desktop/cs152b/cs152b/final_project/final_project.sdk/final_project/Debug/final_project.elf
----------------End of Script----------------

13:50:20 INFO  : Memory regions updated for context MicroBlaze #0
13:50:20 INFO  : Memory regions updated for context MicroBlaze #0
13:50:20 INFO  : Context for processor 'microblaze_0' is selected.
13:50:20 INFO  : 'con' command is executed.
13:50:20 INFO  : ----------------XSDB Script (After Launch)----------------
targets -set -nocase -filter {name =~ "microblaze*#0" && bscan=="USER2"  && jtag_cable_name =~ "Digilent Basys3 210183B82211A"} -index 0
con
----------------End of Script----------------

13:50:20 INFO  : Launch script is exported to file 'C:\Users\Nathan\Desktop\cs152b\cs152b\final_project\final_project.sdk\.sdk\launch_scripts\xilinx_c-c++_application_(system_debugger)\system_debugger_using_debug_final_project.elf_on_local_(1).tcl'
13:51:13 INFO  : Disconnected from the channel tcfchan#35.
13:51:14 INFO  : 'targets -set -filter {jtag_cable_name =~ "Digilent Basys3 210183B82211A" && level==0} -index 0' command is executed.
13:51:14 INFO  : 'fpga -state' command is executed.
13:51:14 INFO  : Connected to target on host '127.0.0.1' and port '3121'.
13:51:15 INFO  : Jtag cable 'Digilent Basys3 210183B82211A' is selected.
13:51:15 INFO  : 'jtag frequency' command is executed.
13:51:15 INFO  : 'configparams mdm-detect-bscan-mask 2' command is executed.
13:51:15 INFO  : Context for processor 'microblaze_0' is selected.
13:51:15 INFO  : Processor reset is completed for 'microblaze_0'.
13:51:15 INFO  : Context for processor 'microblaze_0' is selected.
13:51:15 INFO  : The application 'C:/Users/Nathan/Desktop/cs152b/cs152b/final_project/final_project.sdk/final_project/Debug/final_project.elf' is downloaded to processor 'microblaze_0'.
13:51:15 INFO  : ----------------XSDB Script----------------
connect -url tcp:127.0.0.1:3121
configparams mdm-detect-bscan-mask 2
targets -set -nocase -filter {name =~ "microblaze*#0" && bscan=="USER2"  && jtag_cable_name =~ "Digilent Basys3 210183B82211A"} -index 0
rst -processor
targets -set -nocase -filter {name =~ "microblaze*#0" && bscan=="USER2"  && jtag_cable_name =~ "Digilent Basys3 210183B82211A"} -index 0
dow C:/Users/Nathan/Desktop/cs152b/cs152b/final_project/final_project.sdk/final_project/Debug/final_project.elf
----------------End of Script----------------

13:51:15 INFO  : Memory regions updated for context MicroBlaze #0
13:51:15 INFO  : Memory regions updated for context MicroBlaze #0
13:51:15 INFO  : Context for processor 'microblaze_0' is selected.
13:51:15 INFO  : 'con' command is executed.
13:51:15 INFO  : ----------------XSDB Script (After Launch)----------------
targets -set -nocase -filter {name =~ "microblaze*#0" && bscan=="USER2"  && jtag_cable_name =~ "Digilent Basys3 210183B82211A"} -index 0
con
----------------End of Script----------------

13:51:15 INFO  : Launch script is exported to file 'C:\Users\Nathan\Desktop\cs152b\cs152b\final_project\final_project.sdk\.sdk\launch_scripts\xilinx_c-c++_application_(system_debugger)\system_debugger_using_debug_final_project.elf_on_local_(1).tcl'
13:53:15 INFO  : Disconnected from the channel tcfchan#36.
13:53:16 INFO  : 'targets -set -filter {jtag_cable_name =~ "Digilent Basys3 210183B82211A" && level==0} -index 0' command is executed.
13:53:16 INFO  : 'fpga -state' command is executed.
13:53:16 INFO  : Connected to target on host '127.0.0.1' and port '3121'.
13:53:16 INFO  : Jtag cable 'Digilent Basys3 210183B82211A' is selected.
13:53:16 INFO  : 'jtag frequency' command is executed.
13:53:16 INFO  : 'configparams mdm-detect-bscan-mask 2' command is executed.
13:53:16 INFO  : Context for processor 'microblaze_0' is selected.
13:53:16 INFO  : Processor reset is completed for 'microblaze_0'.
13:53:16 INFO  : Context for processor 'microblaze_0' is selected.
13:53:16 INFO  : The application 'C:/Users/Nathan/Desktop/cs152b/cs152b/final_project/final_project.sdk/final_project/Debug/final_project.elf' is downloaded to processor 'microblaze_0'.
13:53:16 INFO  : ----------------XSDB Script----------------
connect -url tcp:127.0.0.1:3121
configparams mdm-detect-bscan-mask 2
targets -set -nocase -filter {name =~ "microblaze*#0" && bscan=="USER2"  && jtag_cable_name =~ "Digilent Basys3 210183B82211A"} -index 0
rst -processor
targets -set -nocase -filter {name =~ "microblaze*#0" && bscan=="USER2"  && jtag_cable_name =~ "Digilent Basys3 210183B82211A"} -index 0
dow C:/Users/Nathan/Desktop/cs152b/cs152b/final_project/final_project.sdk/final_project/Debug/final_project.elf
----------------End of Script----------------

13:53:16 INFO  : Memory regions updated for context MicroBlaze #0
13:53:16 INFO  : Memory regions updated for context MicroBlaze #0
13:53:16 INFO  : Context for processor 'microblaze_0' is selected.
13:53:16 INFO  : 'con' command is executed.
13:53:16 INFO  : ----------------XSDB Script (After Launch)----------------
targets -set -nocase -filter {name =~ "microblaze*#0" && bscan=="USER2"  && jtag_cable_name =~ "Digilent Basys3 210183B82211A"} -index 0
con
----------------End of Script----------------

13:53:16 INFO  : Launch script is exported to file 'C:\Users\Nathan\Desktop\cs152b\cs152b\final_project\final_project.sdk\.sdk\launch_scripts\xilinx_c-c++_application_(system_debugger)\system_debugger_using_debug_final_project.elf_on_local_(1).tcl'
13:53:21 INFO  : Disconnected from the channel tcfchan#37.
13:53:22 INFO  : 'targets -set -filter {jtag_cable_name =~ "Digilent Basys3 210183B82211A" && level==0} -index 0' command is executed.
13:53:22 INFO  : 'fpga -state' command is executed.
13:53:22 INFO  : Connected to target on host '127.0.0.1' and port '3121'.
13:53:23 INFO  : Jtag cable 'Digilent Basys3 210183B82211A' is selected.
13:53:23 INFO  : 'jtag frequency' command is executed.
13:53:23 INFO  : 'configparams mdm-detect-bscan-mask 2' command is executed.
13:53:23 INFO  : Context for processor 'microblaze_0' is selected.
13:53:23 INFO  : Processor reset is completed for 'microblaze_0'.
13:53:23 INFO  : Context for processor 'microblaze_0' is selected.
13:53:23 INFO  : The application 'C:/Users/Nathan/Desktop/cs152b/cs152b/final_project/final_project.sdk/final_project/Debug/final_project.elf' is downloaded to processor 'microblaze_0'.
13:53:23 INFO  : ----------------XSDB Script----------------
connect -url tcp:127.0.0.1:3121
configparams mdm-detect-bscan-mask 2
targets -set -nocase -filter {name =~ "microblaze*#0" && bscan=="USER2"  && jtag_cable_name =~ "Digilent Basys3 210183B82211A"} -index 0
rst -processor
targets -set -nocase -filter {name =~ "microblaze*#0" && bscan=="USER2"  && jtag_cable_name =~ "Digilent Basys3 210183B82211A"} -index 0
dow C:/Users/Nathan/Desktop/cs152b/cs152b/final_project/final_project.sdk/final_project/Debug/final_project.elf
----------------End of Script----------------

13:53:23 INFO  : Memory regions updated for context MicroBlaze #0
13:53:23 INFO  : Memory regions updated for context MicroBlaze #0
13:53:23 INFO  : Context for processor 'microblaze_0' is selected.
13:53:23 INFO  : 'con' command is executed.
13:53:23 INFO  : ----------------XSDB Script (After Launch)----------------
targets -set -nocase -filter {name =~ "microblaze*#0" && bscan=="USER2"  && jtag_cable_name =~ "Digilent Basys3 210183B82211A"} -index 0
con
----------------End of Script----------------

13:53:23 INFO  : Launch script is exported to file 'C:\Users\Nathan\Desktop\cs152b\cs152b\final_project\final_project.sdk\.sdk\launch_scripts\xilinx_c-c++_application_(system_debugger)\system_debugger_using_debug_final_project.elf_on_local_(1).tcl'
13:54:35 INFO  : Disconnected from the channel tcfchan#38.
13:54:36 INFO  : 'targets -set -filter {jtag_cable_name =~ "Digilent Basys3 210183B82211A" && level==0} -index 0' command is executed.
13:54:37 INFO  : 'fpga -state' command is executed.
13:54:37 INFO  : Connected to target on host '127.0.0.1' and port '3121'.
13:54:37 INFO  : Jtag cable 'Digilent Basys3 210183B82211A' is selected.
13:54:37 INFO  : 'jtag frequency' command is executed.
13:54:37 INFO  : 'configparams mdm-detect-bscan-mask 2' command is executed.
13:54:37 INFO  : Context for processor 'microblaze_0' is selected.
13:54:37 INFO  : Processor reset is completed for 'microblaze_0'.
13:54:37 INFO  : Context for processor 'microblaze_0' is selected.
13:54:37 INFO  : The application 'C:/Users/Nathan/Desktop/cs152b/cs152b/final_project/final_project.sdk/final_project/Debug/final_project.elf' is downloaded to processor 'microblaze_0'.
13:54:37 INFO  : ----------------XSDB Script----------------
connect -url tcp:127.0.0.1:3121
configparams mdm-detect-bscan-mask 2
targets -set -nocase -filter {name =~ "microblaze*#0" && bscan=="USER2"  && jtag_cable_name =~ "Digilent Basys3 210183B82211A"} -index 0
rst -processor
targets -set -nocase -filter {name =~ "microblaze*#0" && bscan=="USER2"  && jtag_cable_name =~ "Digilent Basys3 210183B82211A"} -index 0
dow C:/Users/Nathan/Desktop/cs152b/cs152b/final_project/final_project.sdk/final_project/Debug/final_project.elf
----------------End of Script----------------

13:54:37 INFO  : Memory regions updated for context MicroBlaze #0
13:54:37 INFO  : Memory regions updated for context MicroBlaze #0
13:54:37 INFO  : Context for processor 'microblaze_0' is selected.
13:54:37 INFO  : 'con' command is executed.
13:54:37 INFO  : ----------------XSDB Script (After Launch)----------------
targets -set -nocase -filter {name =~ "microblaze*#0" && bscan=="USER2"  && jtag_cable_name =~ "Digilent Basys3 210183B82211A"} -index 0
con
----------------End of Script----------------

13:54:37 INFO  : Launch script is exported to file 'C:\Users\Nathan\Desktop\cs152b\cs152b\final_project\final_project.sdk\.sdk\launch_scripts\xilinx_c-c++_application_(system_debugger)\system_debugger_using_debug_final_project.elf_on_local_(1).tcl'
14:00:26 INFO  : Disconnected from the channel tcfchan#39.
14:00:27 INFO  : 'targets -set -filter {jtag_cable_name =~ "Digilent Basys3 210183B82211A" && level==0} -index 0' command is executed.
14:00:27 INFO  : 'fpga -state' command is executed.
14:00:27 INFO  : Connected to target on host '127.0.0.1' and port '3121'.
14:00:28 INFO  : Jtag cable 'Digilent Basys3 210183B82211A' is selected.
14:00:28 INFO  : 'jtag frequency' command is executed.
14:00:28 INFO  : 'configparams mdm-detect-bscan-mask 2' command is executed.
14:00:28 INFO  : Context for processor 'microblaze_0' is selected.
14:00:28 INFO  : Processor reset is completed for 'microblaze_0'.
14:00:28 INFO  : Context for processor 'microblaze_0' is selected.
14:00:28 INFO  : The application 'C:/Users/Nathan/Desktop/cs152b/cs152b/final_project/final_project.sdk/final_project/Debug/final_project.elf' is downloaded to processor 'microblaze_0'.
14:00:28 INFO  : ----------------XSDB Script----------------
connect -url tcp:127.0.0.1:3121
configparams mdm-detect-bscan-mask 2
targets -set -nocase -filter {name =~ "microblaze*#0" && bscan=="USER2"  && jtag_cable_name =~ "Digilent Basys3 210183B82211A"} -index 0
rst -processor
targets -set -nocase -filter {name =~ "microblaze*#0" && bscan=="USER2"  && jtag_cable_name =~ "Digilent Basys3 210183B82211A"} -index 0
dow C:/Users/Nathan/Desktop/cs152b/cs152b/final_project/final_project.sdk/final_project/Debug/final_project.elf
----------------End of Script----------------

14:00:28 INFO  : Memory regions updated for context MicroBlaze #0
14:00:28 INFO  : Memory regions updated for context MicroBlaze #0
14:00:28 INFO  : Context for processor 'microblaze_0' is selected.
14:00:28 INFO  : 'con' command is executed.
14:00:28 INFO  : ----------------XSDB Script (After Launch)----------------
targets -set -nocase -filter {name =~ "microblaze*#0" && bscan=="USER2"  && jtag_cable_name =~ "Digilent Basys3 210183B82211A"} -index 0
con
----------------End of Script----------------

14:00:28 INFO  : Launch script is exported to file 'C:\Users\Nathan\Desktop\cs152b\cs152b\final_project\final_project.sdk\.sdk\launch_scripts\xilinx_c-c++_application_(system_debugger)\system_debugger_using_debug_final_project.elf_on_local_(1).tcl'
14:05:19 INFO  : Disconnected from the channel tcfchan#40.
14:05:20 INFO  : 'targets -set -filter {jtag_cable_name =~ "Digilent Basys3 210183B82211A" && level==0} -index 0' command is executed.
14:05:20 INFO  : 'fpga -state' command is executed.
14:05:20 INFO  : Connected to target on host '127.0.0.1' and port '3121'.
14:05:20 INFO  : Jtag cable 'Digilent Basys3 210183B82211A' is selected.
14:05:20 INFO  : 'jtag frequency' command is executed.
14:05:20 INFO  : 'configparams mdm-detect-bscan-mask 2' command is executed.
14:05:20 INFO  : Context for processor 'microblaze_0' is selected.
14:05:20 INFO  : Processor reset is completed for 'microblaze_0'.
14:05:20 INFO  : Context for processor 'microblaze_0' is selected.
14:05:21 INFO  : The application 'C:/Users/Nathan/Desktop/cs152b/cs152b/final_project/final_project.sdk/final_project/Debug/final_project.elf' is downloaded to processor 'microblaze_0'.
14:05:21 INFO  : ----------------XSDB Script----------------
connect -url tcp:127.0.0.1:3121
configparams mdm-detect-bscan-mask 2
targets -set -nocase -filter {name =~ "microblaze*#0" && bscan=="USER2"  && jtag_cable_name =~ "Digilent Basys3 210183B82211A"} -index 0
rst -processor
targets -set -nocase -filter {name =~ "microblaze*#0" && bscan=="USER2"  && jtag_cable_name =~ "Digilent Basys3 210183B82211A"} -index 0
dow C:/Users/Nathan/Desktop/cs152b/cs152b/final_project/final_project.sdk/final_project/Debug/final_project.elf
----------------End of Script----------------

14:05:21 INFO  : Memory regions updated for context MicroBlaze #0
14:05:21 INFO  : Memory regions updated for context MicroBlaze #0
14:05:21 INFO  : Context for processor 'microblaze_0' is selected.
14:05:21 INFO  : 'con' command is executed.
14:05:21 INFO  : ----------------XSDB Script (After Launch)----------------
targets -set -nocase -filter {name =~ "microblaze*#0" && bscan=="USER2"  && jtag_cable_name =~ "Digilent Basys3 210183B82211A"} -index 0
con
----------------End of Script----------------

14:05:21 INFO  : Launch script is exported to file 'C:\Users\Nathan\Desktop\cs152b\cs152b\final_project\final_project.sdk\.sdk\launch_scripts\xilinx_c-c++_application_(system_debugger)\system_debugger_using_debug_final_project.elf_on_local_(1).tcl'
14:08:08 INFO  : Disconnected from the channel tcfchan#41.
14:08:09 INFO  : 'targets -set -filter {jtag_cable_name =~ "Digilent Basys3 210183B82211A" && level==0} -index 0' command is executed.
14:08:09 INFO  : 'fpga -state' command is executed.
14:08:09 INFO  : Connected to target on host '127.0.0.1' and port '3121'.
14:08:09 INFO  : Jtag cable 'Digilent Basys3 210183B82211A' is selected.
14:08:09 INFO  : 'jtag frequency' command is executed.
14:08:09 INFO  : 'configparams mdm-detect-bscan-mask 2' command is executed.
14:08:09 INFO  : Context for processor 'microblaze_0' is selected.
14:08:09 INFO  : Processor reset is completed for 'microblaze_0'.
14:08:09 INFO  : Context for processor 'microblaze_0' is selected.
14:08:09 INFO  : The application 'C:/Users/Nathan/Desktop/cs152b/cs152b/final_project/final_project.sdk/final_project/Debug/final_project.elf' is downloaded to processor 'microblaze_0'.
14:08:09 INFO  : ----------------XSDB Script----------------
connect -url tcp:127.0.0.1:3121
configparams mdm-detect-bscan-mask 2
targets -set -nocase -filter {name =~ "microblaze*#0" && bscan=="USER2"  && jtag_cable_name =~ "Digilent Basys3 210183B82211A"} -index 0
rst -processor
targets -set -nocase -filter {name =~ "microblaze*#0" && bscan=="USER2"  && jtag_cable_name =~ "Digilent Basys3 210183B82211A"} -index 0
dow C:/Users/Nathan/Desktop/cs152b/cs152b/final_project/final_project.sdk/final_project/Debug/final_project.elf
----------------End of Script----------------

14:08:09 INFO  : Memory regions updated for context MicroBlaze #0
14:08:09 INFO  : Memory regions updated for context MicroBlaze #0
14:08:09 INFO  : Context for processor 'microblaze_0' is selected.
14:08:09 INFO  : 'con' command is executed.
14:08:09 INFO  : ----------------XSDB Script (After Launch)----------------
targets -set -nocase -filter {name =~ "microblaze*#0" && bscan=="USER2"  && jtag_cable_name =~ "Digilent Basys3 210183B82211A"} -index 0
con
----------------End of Script----------------

14:08:09 INFO  : Launch script is exported to file 'C:\Users\Nathan\Desktop\cs152b\cs152b\final_project\final_project.sdk\.sdk\launch_scripts\xilinx_c-c++_application_(system_debugger)\system_debugger_using_debug_final_project.elf_on_local_(1).tcl'
14:09:59 INFO  : Disconnected from the channel tcfchan#42.
14:10:00 INFO  : 'targets -set -filter {jtag_cable_name =~ "Digilent Basys3 210183B82211A" && level==0} -index 0' command is executed.
14:10:00 INFO  : 'fpga -state' command is executed.
14:10:00 INFO  : Connected to target on host '127.0.0.1' and port '3121'.
14:10:00 INFO  : Jtag cable 'Digilent Basys3 210183B82211A' is selected.
14:10:00 INFO  : 'jtag frequency' command is executed.
14:10:00 INFO  : 'configparams mdm-detect-bscan-mask 2' command is executed.
14:10:00 INFO  : Context for processor 'microblaze_0' is selected.
14:10:00 INFO  : Processor reset is completed for 'microblaze_0'.
14:10:01 INFO  : Context for processor 'microblaze_0' is selected.
14:10:01 INFO  : The application 'C:/Users/Nathan/Desktop/cs152b/cs152b/final_project/final_project.sdk/final_project/Debug/final_project.elf' is downloaded to processor 'microblaze_0'.
14:10:01 INFO  : ----------------XSDB Script----------------
connect -url tcp:127.0.0.1:3121
configparams mdm-detect-bscan-mask 2
targets -set -nocase -filter {name =~ "microblaze*#0" && bscan=="USER2"  && jtag_cable_name =~ "Digilent Basys3 210183B82211A"} -index 0
rst -processor
targets -set -nocase -filter {name =~ "microblaze*#0" && bscan=="USER2"  && jtag_cable_name =~ "Digilent Basys3 210183B82211A"} -index 0
dow C:/Users/Nathan/Desktop/cs152b/cs152b/final_project/final_project.sdk/final_project/Debug/final_project.elf
----------------End of Script----------------

14:10:01 INFO  : Memory regions updated for context MicroBlaze #0
14:10:01 INFO  : Memory regions updated for context MicroBlaze #0
14:10:01 INFO  : Context for processor 'microblaze_0' is selected.
14:10:01 INFO  : 'con' command is executed.
14:10:01 INFO  : ----------------XSDB Script (After Launch)----------------
targets -set -nocase -filter {name =~ "microblaze*#0" && bscan=="USER2"  && jtag_cable_name =~ "Digilent Basys3 210183B82211A"} -index 0
con
----------------End of Script----------------

14:10:01 INFO  : Launch script is exported to file 'C:\Users\Nathan\Desktop\cs152b\cs152b\final_project\final_project.sdk\.sdk\launch_scripts\xilinx_c-c++_application_(system_debugger)\system_debugger_using_debug_final_project.elf_on_local_(1).tcl'
14:12:15 INFO  : Disconnected from the channel tcfchan#43.
14:12:17 INFO  : 'targets -set -filter {jtag_cable_name =~ "Digilent Basys3 210183B82211A" && level==0} -index 0' command is executed.
14:12:17 INFO  : 'fpga -state' command is executed.
14:12:17 INFO  : Connected to target on host '127.0.0.1' and port '3121'.
14:12:17 INFO  : Jtag cable 'Digilent Basys3 210183B82211A' is selected.
14:12:17 INFO  : 'jtag frequency' command is executed.
14:12:17 INFO  : 'configparams mdm-detect-bscan-mask 2' command is executed.
14:12:17 INFO  : Context for processor 'microblaze_0' is selected.
14:12:17 INFO  : Processor reset is completed for 'microblaze_0'.
14:12:17 INFO  : Context for processor 'microblaze_0' is selected.
14:12:17 INFO  : The application 'C:/Users/Nathan/Desktop/cs152b/cs152b/final_project/final_project.sdk/final_project/Debug/final_project.elf' is downloaded to processor 'microblaze_0'.
14:12:17 INFO  : ----------------XSDB Script----------------
connect -url tcp:127.0.0.1:3121
configparams mdm-detect-bscan-mask 2
targets -set -nocase -filter {name =~ "microblaze*#0" && bscan=="USER2"  && jtag_cable_name =~ "Digilent Basys3 210183B82211A"} -index 0
rst -processor
targets -set -nocase -filter {name =~ "microblaze*#0" && bscan=="USER2"  && jtag_cable_name =~ "Digilent Basys3 210183B82211A"} -index 0
dow C:/Users/Nathan/Desktop/cs152b/cs152b/final_project/final_project.sdk/final_project/Debug/final_project.elf
----------------End of Script----------------

14:12:17 INFO  : Memory regions updated for context MicroBlaze #0
14:12:17 INFO  : Memory regions updated for context MicroBlaze #0
14:12:17 INFO  : Context for processor 'microblaze_0' is selected.
14:12:17 INFO  : 'con' command is executed.
14:12:17 INFO  : ----------------XSDB Script (After Launch)----------------
targets -set -nocase -filter {name =~ "microblaze*#0" && bscan=="USER2"  && jtag_cable_name =~ "Digilent Basys3 210183B82211A"} -index 0
con
----------------End of Script----------------

14:12:17 INFO  : Launch script is exported to file 'C:\Users\Nathan\Desktop\cs152b\cs152b\final_project\final_project.sdk\.sdk\launch_scripts\xilinx_c-c++_application_(system_debugger)\system_debugger_using_debug_final_project.elf_on_local_(1).tcl'
14:14:29 INFO  : Disconnected from the channel tcfchan#44.
14:14:30 INFO  : 'targets -set -filter {jtag_cable_name =~ "Digilent Basys3 210183B82211A" && level==0} -index 0' command is executed.
14:14:30 INFO  : 'fpga -state' command is executed.
14:14:30 INFO  : Connected to target on host '127.0.0.1' and port '3121'.
14:14:31 INFO  : Jtag cable 'Digilent Basys3 210183B82211A' is selected.
14:14:31 INFO  : 'jtag frequency' command is executed.
14:14:31 INFO  : 'configparams mdm-detect-bscan-mask 2' command is executed.
14:14:31 INFO  : Context for processor 'microblaze_0' is selected.
14:14:31 INFO  : Processor reset is completed for 'microblaze_0'.
14:14:31 INFO  : Context for processor 'microblaze_0' is selected.
14:14:31 INFO  : The application 'C:/Users/Nathan/Desktop/cs152b/cs152b/final_project/final_project.sdk/final_project/Debug/final_project.elf' is downloaded to processor 'microblaze_0'.
14:14:31 INFO  : ----------------XSDB Script----------------
connect -url tcp:127.0.0.1:3121
configparams mdm-detect-bscan-mask 2
targets -set -nocase -filter {name =~ "microblaze*#0" && bscan=="USER2"  && jtag_cable_name =~ "Digilent Basys3 210183B82211A"} -index 0
rst -processor
targets -set -nocase -filter {name =~ "microblaze*#0" && bscan=="USER2"  && jtag_cable_name =~ "Digilent Basys3 210183B82211A"} -index 0
dow C:/Users/Nathan/Desktop/cs152b/cs152b/final_project/final_project.sdk/final_project/Debug/final_project.elf
----------------End of Script----------------

14:14:31 INFO  : Memory regions updated for context MicroBlaze #0
14:14:31 INFO  : Memory regions updated for context MicroBlaze #0
14:14:31 INFO  : Context for processor 'microblaze_0' is selected.
14:14:31 INFO  : 'con' command is executed.
14:14:31 INFO  : ----------------XSDB Script (After Launch)----------------
targets -set -nocase -filter {name =~ "microblaze*#0" && bscan=="USER2"  && jtag_cable_name =~ "Digilent Basys3 210183B82211A"} -index 0
con
----------------End of Script----------------

14:14:31 INFO  : Launch script is exported to file 'C:\Users\Nathan\Desktop\cs152b\cs152b\final_project\final_project.sdk\.sdk\launch_scripts\xilinx_c-c++_application_(system_debugger)\system_debugger_using_debug_final_project.elf_on_local_(1).tcl'
14:24:16 INFO  : Disconnected from the channel tcfchan#45.
15:52:44 INFO  : Registering command handlers for SDK TCF services
15:52:44 INFO  : Launching XSCT server: xsct.bat -interactive C:\Users\Nathan\Desktop\cs152b\cs152b\final_project\final_project.sdk\temp_xsdb_launch_script.tcl
15:52:46 INFO  : XSCT server has started successfully.
15:52:49 INFO  : Successfully done setting XSCT server connection channel  
15:52:49 INFO  : Successfully done setting SDK workspace  
15:52:49 INFO  : Processing command line option -hwspec C:/Users/Nathan/Desktop/cs152b/cs152b/final_project/final_project.sdk/main_wrapper.hdf.
15:53:08 INFO  : 'targets -set -filter {jtag_cable_name =~ "Digilent Basys3 210183B82211A" && level==0} -index 0' command is executed.
15:53:08 INFO  : 'fpga -state' command is executed.
15:53:08 INFO  : Connected to target on host '127.0.0.1' and port '3121'.
15:53:08 INFO  : Jtag cable 'Digilent Basys3 210183B82211A' is selected.
15:53:08 INFO  : 'jtag frequency' command is executed.
15:53:08 INFO  : 'configparams mdm-detect-bscan-mask 2' command is executed.
15:53:08 INFO  : Context for processor 'microblaze_0' is selected.
15:53:08 INFO  : Processor reset is completed for 'microblaze_0'.
15:53:08 INFO  : Context for processor 'microblaze_0' is selected.
15:53:08 INFO  : The application 'C:/Users/Nathan/Desktop/cs152b/cs152b/final_project/final_project.sdk/final_project/Debug/final_project.elf' is downloaded to processor 'microblaze_0'.
15:53:08 INFO  : ----------------XSDB Script----------------
connect -url tcp:127.0.0.1:3121
configparams mdm-detect-bscan-mask 2
targets -set -nocase -filter {name =~ "microblaze*#0" && bscan=="USER2"  && jtag_cable_name =~ "Digilent Basys3 210183B82211A"} -index 0
rst -processor
targets -set -nocase -filter {name =~ "microblaze*#0" && bscan=="USER2"  && jtag_cable_name =~ "Digilent Basys3 210183B82211A"} -index 0
dow C:/Users/Nathan/Desktop/cs152b/cs152b/final_project/final_project.sdk/final_project/Debug/final_project.elf
----------------End of Script----------------

15:53:08 INFO  : Memory regions updated for context MicroBlaze #0
15:53:08 INFO  : Memory regions updated for context MicroBlaze #0
15:53:08 INFO  : Context for processor 'microblaze_0' is selected.
15:53:08 INFO  : 'con' command is executed.
15:53:08 INFO  : ----------------XSDB Script (After Launch)----------------
targets -set -nocase -filter {name =~ "microblaze*#0" && bscan=="USER2"  && jtag_cable_name =~ "Digilent Basys3 210183B82211A"} -index 0
con
----------------End of Script----------------

15:53:08 INFO  : Launch script is exported to file 'C:\Users\Nathan\Desktop\cs152b\cs152b\final_project\final_project.sdk\.sdk\launch_scripts\xilinx_c-c++_application_(system_debugger)\system_debugger_using_debug_final_project.elf_on_local_(1).tcl'
15:55:15 INFO  : Disconnected from the channel tcfchan#1.
15:55:16 INFO  : 'targets -set -filter {jtag_cable_name =~ "Digilent Basys3 210183B82211A" && level==0} -index 0' command is executed.
15:55:16 INFO  : 'fpga -state' command is executed.
15:55:16 INFO  : Connected to target on host '127.0.0.1' and port '3121'.
15:55:16 INFO  : Jtag cable 'Digilent Basys3 210183B82211A' is selected.
15:55:16 INFO  : 'jtag frequency' command is executed.
15:55:16 INFO  : 'configparams mdm-detect-bscan-mask 2' command is executed.
15:55:16 INFO  : Context for processor 'microblaze_0' is selected.
15:55:17 INFO  : Processor reset is completed for 'microblaze_0'.
15:55:17 INFO  : Context for processor 'microblaze_0' is selected.
15:55:17 INFO  : The application 'C:/Users/Nathan/Desktop/cs152b/cs152b/final_project/final_project.sdk/final_project/Debug/final_project.elf' is downloaded to processor 'microblaze_0'.
15:55:17 INFO  : ----------------XSDB Script----------------
connect -url tcp:127.0.0.1:3121
configparams mdm-detect-bscan-mask 2
targets -set -nocase -filter {name =~ "microblaze*#0" && bscan=="USER2"  && jtag_cable_name =~ "Digilent Basys3 210183B82211A"} -index 0
rst -processor
targets -set -nocase -filter {name =~ "microblaze*#0" && bscan=="USER2"  && jtag_cable_name =~ "Digilent Basys3 210183B82211A"} -index 0
dow C:/Users/Nathan/Desktop/cs152b/cs152b/final_project/final_project.sdk/final_project/Debug/final_project.elf
----------------End of Script----------------

15:55:17 INFO  : Memory regions updated for context MicroBlaze #0
15:55:17 INFO  : Memory regions updated for context MicroBlaze #0
15:55:17 INFO  : Context for processor 'microblaze_0' is selected.
15:55:17 INFO  : 'con' command is executed.
15:55:17 INFO  : ----------------XSDB Script (After Launch)----------------
targets -set -nocase -filter {name =~ "microblaze*#0" && bscan=="USER2"  && jtag_cable_name =~ "Digilent Basys3 210183B82211A"} -index 0
con
----------------End of Script----------------

15:55:17 INFO  : Launch script is exported to file 'C:\Users\Nathan\Desktop\cs152b\cs152b\final_project\final_project.sdk\.sdk\launch_scripts\xilinx_c-c++_application_(system_debugger)\system_debugger_using_debug_final_project.elf_on_local_(1).tcl'
15:56:36 INFO  : Disconnected from the channel tcfchan#2.
15:56:37 INFO  : 'targets -set -filter {jtag_cable_name =~ "Digilent Basys3 210183B82211A" && level==0} -index 0' command is executed.
15:56:37 INFO  : 'fpga -state' command is executed.
15:56:37 INFO  : Connected to target on host '127.0.0.1' and port '3121'.
15:56:38 INFO  : Jtag cable 'Digilent Basys3 210183B82211A' is selected.
15:56:38 INFO  : 'jtag frequency' command is executed.
15:56:38 INFO  : 'configparams mdm-detect-bscan-mask 2' command is executed.
15:56:38 INFO  : Context for processor 'microblaze_0' is selected.
15:56:38 INFO  : Processor reset is completed for 'microblaze_0'.
15:56:38 INFO  : Context for processor 'microblaze_0' is selected.
15:56:38 INFO  : The application 'C:/Users/Nathan/Desktop/cs152b/cs152b/final_project/final_project.sdk/final_project/Debug/final_project.elf' is downloaded to processor 'microblaze_0'.
15:56:38 INFO  : ----------------XSDB Script----------------
connect -url tcp:127.0.0.1:3121
configparams mdm-detect-bscan-mask 2
targets -set -nocase -filter {name =~ "microblaze*#0" && bscan=="USER2"  && jtag_cable_name =~ "Digilent Basys3 210183B82211A"} -index 0
rst -processor
targets -set -nocase -filter {name =~ "microblaze*#0" && bscan=="USER2"  && jtag_cable_name =~ "Digilent Basys3 210183B82211A"} -index 0
dow C:/Users/Nathan/Desktop/cs152b/cs152b/final_project/final_project.sdk/final_project/Debug/final_project.elf
----------------End of Script----------------

15:56:38 INFO  : Memory regions updated for context MicroBlaze #0
15:56:38 INFO  : Memory regions updated for context MicroBlaze #0
15:56:38 INFO  : Context for processor 'microblaze_0' is selected.
15:56:38 INFO  : 'con' command is executed.
15:56:38 INFO  : ----------------XSDB Script (After Launch)----------------
targets -set -nocase -filter {name =~ "microblaze*#0" && bscan=="USER2"  && jtag_cable_name =~ "Digilent Basys3 210183B82211A"} -index 0
con
----------------End of Script----------------

15:56:38 INFO  : Launch script is exported to file 'C:\Users\Nathan\Desktop\cs152b\cs152b\final_project\final_project.sdk\.sdk\launch_scripts\xilinx_c-c++_application_(system_debugger)\system_debugger_using_debug_final_project.elf_on_local_(1).tcl'
15:57:30 INFO  : Disconnected from the channel tcfchan#3.
15:57:31 INFO  : 'targets -set -filter {jtag_cable_name =~ "Digilent Basys3 210183B82211A" && level==0} -index 0' command is executed.
15:57:31 INFO  : 'fpga -state' command is executed.
15:57:31 INFO  : Connected to target on host '127.0.0.1' and port '3121'.
15:57:31 INFO  : Jtag cable 'Digilent Basys3 210183B82211A' is selected.
15:57:31 INFO  : 'jtag frequency' command is executed.
15:57:31 INFO  : 'configparams mdm-detect-bscan-mask 2' command is executed.
15:57:31 INFO  : Context for processor 'microblaze_0' is selected.
15:57:31 INFO  : Processor reset is completed for 'microblaze_0'.
15:57:31 INFO  : Context for processor 'microblaze_0' is selected.
15:57:31 INFO  : The application 'C:/Users/Nathan/Desktop/cs152b/cs152b/final_project/final_project.sdk/final_project/Debug/final_project.elf' is downloaded to processor 'microblaze_0'.
15:57:31 INFO  : ----------------XSDB Script----------------
connect -url tcp:127.0.0.1:3121
configparams mdm-detect-bscan-mask 2
targets -set -nocase -filter {name =~ "microblaze*#0" && bscan=="USER2"  && jtag_cable_name =~ "Digilent Basys3 210183B82211A"} -index 0
rst -processor
targets -set -nocase -filter {name =~ "microblaze*#0" && bscan=="USER2"  && jtag_cable_name =~ "Digilent Basys3 210183B82211A"} -index 0
dow C:/Users/Nathan/Desktop/cs152b/cs152b/final_project/final_project.sdk/final_project/Debug/final_project.elf
----------------End of Script----------------

15:57:31 INFO  : Memory regions updated for context MicroBlaze #0
15:57:31 INFO  : Memory regions updated for context MicroBlaze #0
15:57:31 INFO  : Context for processor 'microblaze_0' is selected.
15:57:31 INFO  : 'con' command is executed.
15:57:31 INFO  : ----------------XSDB Script (After Launch)----------------
targets -set -nocase -filter {name =~ "microblaze*#0" && bscan=="USER2"  && jtag_cable_name =~ "Digilent Basys3 210183B82211A"} -index 0
con
----------------End of Script----------------

15:57:31 INFO  : Launch script is exported to file 'C:\Users\Nathan\Desktop\cs152b\cs152b\final_project\final_project.sdk\.sdk\launch_scripts\xilinx_c-c++_application_(system_debugger)\system_debugger_using_debug_final_project.elf_on_local_(1).tcl'
15:58:09 INFO  : Disconnected from the channel tcfchan#4.
15:58:10 INFO  : 'targets -set -filter {jtag_cable_name =~ "Digilent Basys3 210183B82211A" && level==0} -index 0' command is executed.
15:58:10 INFO  : 'fpga -state' command is executed.
15:58:10 INFO  : Connected to target on host '127.0.0.1' and port '3121'.
15:58:10 INFO  : Jtag cable 'Digilent Basys3 210183B82211A' is selected.
15:58:10 INFO  : 'jtag frequency' command is executed.
15:58:10 INFO  : 'configparams mdm-detect-bscan-mask 2' command is executed.
15:58:10 INFO  : Context for processor 'microblaze_0' is selected.
15:58:10 INFO  : Processor reset is completed for 'microblaze_0'.
15:58:10 INFO  : Context for processor 'microblaze_0' is selected.
15:58:10 INFO  : The application 'C:/Users/Nathan/Desktop/cs152b/cs152b/final_project/final_project.sdk/final_project/Debug/final_project.elf' is downloaded to processor 'microblaze_0'.
15:58:10 INFO  : ----------------XSDB Script----------------
connect -url tcp:127.0.0.1:3121
configparams mdm-detect-bscan-mask 2
targets -set -nocase -filter {name =~ "microblaze*#0" && bscan=="USER2"  && jtag_cable_name =~ "Digilent Basys3 210183B82211A"} -index 0
rst -processor
targets -set -nocase -filter {name =~ "microblaze*#0" && bscan=="USER2"  && jtag_cable_name =~ "Digilent Basys3 210183B82211A"} -index 0
dow C:/Users/Nathan/Desktop/cs152b/cs152b/final_project/final_project.sdk/final_project/Debug/final_project.elf
----------------End of Script----------------

15:58:10 INFO  : Memory regions updated for context MicroBlaze #0
15:58:10 INFO  : Memory regions updated for context MicroBlaze #0
15:58:10 INFO  : Context for processor 'microblaze_0' is selected.
15:58:10 INFO  : 'con' command is executed.
15:58:10 INFO  : ----------------XSDB Script (After Launch)----------------
targets -set -nocase -filter {name =~ "microblaze*#0" && bscan=="USER2"  && jtag_cable_name =~ "Digilent Basys3 210183B82211A"} -index 0
con
----------------End of Script----------------

15:58:10 INFO  : Launch script is exported to file 'C:\Users\Nathan\Desktop\cs152b\cs152b\final_project\final_project.sdk\.sdk\launch_scripts\xilinx_c-c++_application_(system_debugger)\system_debugger_using_debug_final_project.elf_on_local_(1).tcl'
16:03:52 INFO  : Disconnected from the channel tcfchan#5.
16:03:54 INFO  : 'targets -set -filter {jtag_cable_name =~ "Digilent Basys3 210183B82211A" && level==0} -index 0' command is executed.
16:03:54 INFO  : 'fpga -state' command is executed.
16:03:54 INFO  : Connected to target on host '127.0.0.1' and port '3121'.
16:03:54 INFO  : Jtag cable 'Digilent Basys3 210183B82211A' is selected.
16:03:54 INFO  : 'jtag frequency' command is executed.
16:03:54 INFO  : 'configparams mdm-detect-bscan-mask 2' command is executed.
16:03:54 INFO  : Context for processor 'microblaze_0' is selected.
16:03:54 INFO  : Processor reset is completed for 'microblaze_0'.
16:03:54 INFO  : Context for processor 'microblaze_0' is selected.
16:03:54 INFO  : The application 'C:/Users/Nathan/Desktop/cs152b/cs152b/final_project/final_project.sdk/final_project/Debug/final_project.elf' is downloaded to processor 'microblaze_0'.
16:03:54 INFO  : ----------------XSDB Script----------------
connect -url tcp:127.0.0.1:3121
configparams mdm-detect-bscan-mask 2
targets -set -nocase -filter {name =~ "microblaze*#0" && bscan=="USER2"  && jtag_cable_name =~ "Digilent Basys3 210183B82211A"} -index 0
rst -processor
targets -set -nocase -filter {name =~ "microblaze*#0" && bscan=="USER2"  && jtag_cable_name =~ "Digilent Basys3 210183B82211A"} -index 0
dow C:/Users/Nathan/Desktop/cs152b/cs152b/final_project/final_project.sdk/final_project/Debug/final_project.elf
----------------End of Script----------------

16:03:54 INFO  : Memory regions updated for context MicroBlaze #0
16:03:54 INFO  : Memory regions updated for context MicroBlaze #0
16:03:54 INFO  : Context for processor 'microblaze_0' is selected.
16:03:54 INFO  : 'con' command is executed.
16:03:54 INFO  : ----------------XSDB Script (After Launch)----------------
targets -set -nocase -filter {name =~ "microblaze*#0" && bscan=="USER2"  && jtag_cable_name =~ "Digilent Basys3 210183B82211A"} -index 0
con
----------------End of Script----------------

16:03:54 INFO  : Launch script is exported to file 'C:\Users\Nathan\Desktop\cs152b\cs152b\final_project\final_project.sdk\.sdk\launch_scripts\xilinx_c-c++_application_(system_debugger)\system_debugger_using_debug_final_project.elf_on_local_(1).tcl'
16:04:11 INFO  : SDK has detected change in the last modified timestamps for source hardware specification file Source:1780095780787,  Project:1780095119465
16:04:11 INFO  : Project main_wrapper_hw_platform_0's source hardware specification located at C:/Users/Nathan/Desktop/cs152b/cs152b/final_project/final_project.sdk/main_wrapper.hdf is now different from the local copy.
		 The local copy will be replaced with the source specification and your workspace will be updated.
16:04:13 INFO  : Copied contents of C:/Users/Nathan/Desktop/cs152b/cs152b/final_project/final_project.sdk/main_wrapper.hdf into \main_wrapper_hw_platform_0\system.hdf.
16:04:13 INFO  : Synchronizing projects in the workspace with the hardware platform specification changes.
16:04:13 INFO  : Clearing existing target manager status.
16:04:13 INFO  : Workspace synchronized with the new hardware specification file. Cleaning dependent projects...
16:04:13 WARN  : Linker script will not be updated automatically. Users need to update it manually.
16:04:17 INFO  : Disconnected from the channel tcfchan#6.
16:04:18 INFO  : 'targets -set -filter {jtag_cable_name =~ "Digilent Basys3 210183B82211A" && level==0} -index 0' command is executed.
16:04:18 INFO  : 'fpga -state' command is executed.
16:04:18 INFO  : Connected to target on host '127.0.0.1' and port '3121'.
16:04:18 INFO  : Jtag cable 'Digilent Basys3 210183B82211A' is selected.
16:04:18 INFO  : 'jtag frequency' command is executed.
16:04:18 INFO  : 'configparams mdm-detect-bscan-mask 2' command is executed.
16:04:18 INFO  : Context for processor 'microblaze_0' is selected.
16:04:19 INFO  : Processor reset is completed for 'microblaze_0'.
16:04:19 INFO  : Context for processor 'microblaze_0' is selected.
16:04:19 INFO  : The application 'C:/Users/Nathan/Desktop/cs152b/cs152b/final_project/final_project.sdk/final_project/Debug/final_project.elf' is downloaded to processor 'microblaze_0'.
16:04:19 INFO  : ----------------XSDB Script----------------
connect -url tcp:127.0.0.1:3121
configparams mdm-detect-bscan-mask 2
targets -set -nocase -filter {name =~ "microblaze*#0" && bscan=="USER2"  && jtag_cable_name =~ "Digilent Basys3 210183B82211A"} -index 0
rst -processor
targets -set -nocase -filter {name =~ "microblaze*#0" && bscan=="USER2"  && jtag_cable_name =~ "Digilent Basys3 210183B82211A"} -index 0
dow C:/Users/Nathan/Desktop/cs152b/cs152b/final_project/final_project.sdk/final_project/Debug/final_project.elf
----------------End of Script----------------

16:04:19 INFO  : Memory regions updated for context MicroBlaze #0
16:04:19 INFO  : Memory regions updated for context MicroBlaze #0
16:04:19 INFO  : Context for processor 'microblaze_0' is selected.
16:04:19 INFO  : 'con' command is executed.
16:04:19 INFO  : ----------------XSDB Script (After Launch)----------------
targets -set -nocase -filter {name =~ "microblaze*#0" && bscan=="USER2"  && jtag_cable_name =~ "Digilent Basys3 210183B82211A"} -index 0
con
----------------End of Script----------------

16:04:19 INFO  : Launch script is exported to file 'C:\Users\Nathan\Desktop\cs152b\cs152b\final_project\final_project.sdk\.sdk\launch_scripts\xilinx_c-c++_application_(system_debugger)\system_debugger_using_debug_final_project.elf_on_local_(1).tcl'
16:05:31 INFO  : Disconnected from the channel tcfchan#7.
16:05:32 INFO  : 'targets -set -filter {jtag_cable_name =~ "Digilent Basys3 210183B82211A" && level==0} -index 0' command is executed.
16:05:32 INFO  : 'fpga -state' command is executed.
16:05:32 INFO  : Connected to target on host '127.0.0.1' and port '3121'.
16:05:32 INFO  : Jtag cable 'Digilent Basys3 210183B82211A' is selected.
16:05:32 INFO  : 'jtag frequency' command is executed.
16:05:32 INFO  : 'configparams mdm-detect-bscan-mask 2' command is executed.
16:05:32 INFO  : Context for processor 'microblaze_0' is selected.
16:05:32 INFO  : Processor reset is completed for 'microblaze_0'.
16:05:32 INFO  : Context for processor 'microblaze_0' is selected.
16:05:32 INFO  : The application 'C:/Users/Nathan/Desktop/cs152b/cs152b/final_project/final_project.sdk/final_project/Debug/final_project.elf' is downloaded to processor 'microblaze_0'.
16:05:32 INFO  : ----------------XSDB Script----------------
connect -url tcp:127.0.0.1:3121
configparams mdm-detect-bscan-mask 2
targets -set -nocase -filter {name =~ "microblaze*#0" && bscan=="USER2"  && jtag_cable_name =~ "Digilent Basys3 210183B82211A"} -index 0
rst -processor
targets -set -nocase -filter {name =~ "microblaze*#0" && bscan=="USER2"  && jtag_cable_name =~ "Digilent Basys3 210183B82211A"} -index 0
dow C:/Users/Nathan/Desktop/cs152b/cs152b/final_project/final_project.sdk/final_project/Debug/final_project.elf
----------------End of Script----------------

16:05:32 INFO  : Memory regions updated for context MicroBlaze #0
16:05:32 INFO  : Memory regions updated for context MicroBlaze #0
16:05:32 INFO  : Context for processor 'microblaze_0' is selected.
16:05:32 INFO  : 'con' command is executed.
16:05:32 INFO  : ----------------XSDB Script (After Launch)----------------
targets -set -nocase -filter {name =~ "microblaze*#0" && bscan=="USER2"  && jtag_cable_name =~ "Digilent Basys3 210183B82211A"} -index 0
con
----------------End of Script----------------

16:05:32 INFO  : Launch script is exported to file 'C:\Users\Nathan\Desktop\cs152b\cs152b\final_project\final_project.sdk\.sdk\launch_scripts\xilinx_c-c++_application_(system_debugger)\system_debugger_using_debug_final_project.elf_on_local_(1).tcl'
16:06:14 INFO  : Disconnected from the channel tcfchan#8.
16:06:15 INFO  : 'targets -set -filter {jtag_cable_name =~ "Digilent Basys3 210183B82211A" && level==0} -index 0' command is executed.
16:06:15 INFO  : 'fpga -state' command is executed.
16:06:15 INFO  : Connected to target on host '127.0.0.1' and port '3121'.
16:06:15 INFO  : Jtag cable 'Digilent Basys3 210183B82211A' is selected.
16:06:15 INFO  : 'jtag frequency' command is executed.
16:06:15 INFO  : 'configparams mdm-detect-bscan-mask 2' command is executed.
16:06:15 INFO  : Context for processor 'microblaze_0' is selected.
16:06:15 INFO  : Processor reset is completed for 'microblaze_0'.
16:06:15 INFO  : Context for processor 'microblaze_0' is selected.
16:06:15 INFO  : The application 'C:/Users/Nathan/Desktop/cs152b/cs152b/final_project/final_project.sdk/final_project/Debug/final_project.elf' is downloaded to processor 'microblaze_0'.
16:06:15 INFO  : ----------------XSDB Script----------------
connect -url tcp:127.0.0.1:3121
configparams mdm-detect-bscan-mask 2
targets -set -nocase -filter {name =~ "microblaze*#0" && bscan=="USER2"  && jtag_cable_name =~ "Digilent Basys3 210183B82211A"} -index 0
rst -processor
targets -set -nocase -filter {name =~ "microblaze*#0" && bscan=="USER2"  && jtag_cable_name =~ "Digilent Basys3 210183B82211A"} -index 0
dow C:/Users/Nathan/Desktop/cs152b/cs152b/final_project/final_project.sdk/final_project/Debug/final_project.elf
----------------End of Script----------------

16:06:15 INFO  : Memory regions updated for context MicroBlaze #0
16:06:15 INFO  : Memory regions updated for context MicroBlaze #0
16:06:15 INFO  : Context for processor 'microblaze_0' is selected.
16:06:15 INFO  : 'con' command is executed.
16:06:15 INFO  : ----------------XSDB Script (After Launch)----------------
targets -set -nocase -filter {name =~ "microblaze*#0" && bscan=="USER2"  && jtag_cable_name =~ "Digilent Basys3 210183B82211A"} -index 0
con
----------------End of Script----------------

16:06:15 INFO  : Launch script is exported to file 'C:\Users\Nathan\Desktop\cs152b\cs152b\final_project\final_project.sdk\.sdk\launch_scripts\xilinx_c-c++_application_(system_debugger)\system_debugger_using_debug_final_project.elf_on_local_(1).tcl'
16:07:51 INFO  : Disconnected from the channel tcfchan#9.
16:07:52 INFO  : 'targets -set -filter {jtag_cable_name =~ "Digilent Basys3 210183B82211A" && level==0} -index 0' command is executed.
16:07:52 INFO  : 'fpga -state' command is executed.
16:07:52 INFO  : Connected to target on host '127.0.0.1' and port '3121'.
16:07:52 INFO  : Jtag cable 'Digilent Basys3 210183B82211A' is selected.
16:07:52 INFO  : 'jtag frequency' command is executed.
16:07:52 INFO  : 'configparams mdm-detect-bscan-mask 2' command is executed.
16:07:52 INFO  : Context for processor 'microblaze_0' is selected.
16:07:52 INFO  : Processor reset is completed for 'microblaze_0'.
16:07:52 INFO  : Context for processor 'microblaze_0' is selected.
16:07:52 INFO  : The application 'C:/Users/Nathan/Desktop/cs152b/cs152b/final_project/final_project.sdk/final_project/Debug/final_project.elf' is downloaded to processor 'microblaze_0'.
16:07:52 INFO  : ----------------XSDB Script----------------
connect -url tcp:127.0.0.1:3121
configparams mdm-detect-bscan-mask 2
targets -set -nocase -filter {name =~ "microblaze*#0" && bscan=="USER2"  && jtag_cable_name =~ "Digilent Basys3 210183B82211A"} -index 0
rst -processor
targets -set -nocase -filter {name =~ "microblaze*#0" && bscan=="USER2"  && jtag_cable_name =~ "Digilent Basys3 210183B82211A"} -index 0
dow C:/Users/Nathan/Desktop/cs152b/cs152b/final_project/final_project.sdk/final_project/Debug/final_project.elf
----------------End of Script----------------

16:07:52 INFO  : Memory regions updated for context MicroBlaze #0
16:07:52 INFO  : Memory regions updated for context MicroBlaze #0
16:07:52 INFO  : Context for processor 'microblaze_0' is selected.
16:07:52 INFO  : 'con' command is executed.
16:07:52 INFO  : ----------------XSDB Script (After Launch)----------------
targets -set -nocase -filter {name =~ "microblaze*#0" && bscan=="USER2"  && jtag_cable_name =~ "Digilent Basys3 210183B82211A"} -index 0
con
----------------End of Script----------------

16:07:52 INFO  : Launch script is exported to file 'C:\Users\Nathan\Desktop\cs152b\cs152b\final_project\final_project.sdk\.sdk\launch_scripts\xilinx_c-c++_application_(system_debugger)\system_debugger_using_debug_final_project.elf_on_local_(1).tcl'
16:20:39 INFO  : Disconnected from the channel tcfchan#10.
16:20:40 INFO  : 'targets -set -filter {jtag_cable_name =~ "Digilent Basys3 210183B82211A" && level==0} -index 0' command is executed.
16:20:40 INFO  : 'fpga -state' command is executed.
16:20:40 INFO  : Connected to target on host '127.0.0.1' and port '3121'.
16:20:40 INFO  : Jtag cable 'Digilent Basys3 210183B82211A' is selected.
16:20:40 INFO  : 'jtag frequency' command is executed.
16:20:40 INFO  : 'configparams mdm-detect-bscan-mask 2' command is executed.
16:20:40 INFO  : Context for processor 'microblaze_0' is selected.
16:20:40 INFO  : Processor reset is completed for 'microblaze_0'.
16:20:40 INFO  : Context for processor 'microblaze_0' is selected.
16:20:40 INFO  : The application 'C:/Users/Nathan/Desktop/cs152b/cs152b/final_project/final_project.sdk/final_project/Debug/final_project.elf' is downloaded to processor 'microblaze_0'.
16:20:40 INFO  : ----------------XSDB Script----------------
connect -url tcp:127.0.0.1:3121
configparams mdm-detect-bscan-mask 2
targets -set -nocase -filter {name =~ "microblaze*#0" && bscan=="USER2"  && jtag_cable_name =~ "Digilent Basys3 210183B82211A"} -index 0
rst -processor
targets -set -nocase -filter {name =~ "microblaze*#0" && bscan=="USER2"  && jtag_cable_name =~ "Digilent Basys3 210183B82211A"} -index 0
dow C:/Users/Nathan/Desktop/cs152b/cs152b/final_project/final_project.sdk/final_project/Debug/final_project.elf
----------------End of Script----------------

16:20:40 INFO  : Memory regions updated for context MicroBlaze #0
16:20:40 INFO  : Memory regions updated for context MicroBlaze #0
16:20:40 INFO  : Context for processor 'microblaze_0' is selected.
16:20:40 INFO  : 'con' command is executed.
16:20:40 INFO  : ----------------XSDB Script (After Launch)----------------
targets -set -nocase -filter {name =~ "microblaze*#0" && bscan=="USER2"  && jtag_cable_name =~ "Digilent Basys3 210183B82211A"} -index 0
con
----------------End of Script----------------

16:20:40 INFO  : Launch script is exported to file 'C:\Users\Nathan\Desktop\cs152b\cs152b\final_project\final_project.sdk\.sdk\launch_scripts\xilinx_c-c++_application_(system_debugger)\system_debugger_using_debug_final_project.elf_on_local_(1).tcl'
16:25:24 INFO  : Disconnected from the channel tcfchan#11.
16:25:25 INFO  : 'targets -set -filter {jtag_cable_name =~ "Digilent Basys3 210183B82211A" && level==0} -index 0' command is executed.
16:25:25 INFO  : 'fpga -state' command is executed.
16:25:25 INFO  : Connected to target on host '127.0.0.1' and port '3121'.
16:25:25 INFO  : Jtag cable 'Digilent Basys3 210183B82211A' is selected.
16:25:25 INFO  : 'jtag frequency' command is executed.
16:25:25 INFO  : 'configparams mdm-detect-bscan-mask 2' command is executed.
16:25:25 INFO  : Context for processor 'microblaze_0' is selected.
16:25:25 INFO  : Processor reset is completed for 'microblaze_0'.
16:25:25 INFO  : Context for processor 'microblaze_0' is selected.
16:25:26 INFO  : The application 'C:/Users/Nathan/Desktop/cs152b/cs152b/final_project/final_project.sdk/final_project/Debug/final_project.elf' is downloaded to processor 'microblaze_0'.
16:25:26 INFO  : ----------------XSDB Script----------------
connect -url tcp:127.0.0.1:3121
configparams mdm-detect-bscan-mask 2
targets -set -nocase -filter {name =~ "microblaze*#0" && bscan=="USER2"  && jtag_cable_name =~ "Digilent Basys3 210183B82211A"} -index 0
rst -processor
targets -set -nocase -filter {name =~ "microblaze*#0" && bscan=="USER2"  && jtag_cable_name =~ "Digilent Basys3 210183B82211A"} -index 0
dow C:/Users/Nathan/Desktop/cs152b/cs152b/final_project/final_project.sdk/final_project/Debug/final_project.elf
----------------End of Script----------------

16:25:26 INFO  : Memory regions updated for context MicroBlaze #0
16:25:26 INFO  : Memory regions updated for context MicroBlaze #0
16:25:26 INFO  : Context for processor 'microblaze_0' is selected.
16:25:26 INFO  : 'con' command is executed.
16:25:26 INFO  : ----------------XSDB Script (After Launch)----------------
targets -set -nocase -filter {name =~ "microblaze*#0" && bscan=="USER2"  && jtag_cable_name =~ "Digilent Basys3 210183B82211A"} -index 0
con
----------------End of Script----------------

16:25:26 INFO  : Launch script is exported to file 'C:\Users\Nathan\Desktop\cs152b\cs152b\final_project\final_project.sdk\.sdk\launch_scripts\xilinx_c-c++_application_(system_debugger)\system_debugger_using_debug_final_project.elf_on_local_(1).tcl'
16:26:06 INFO  : Disconnected from the channel tcfchan#12.
16:26:07 INFO  : 'targets -set -filter {jtag_cable_name =~ "Digilent Basys3 210183B82211A" && level==0} -index 0' command is executed.
16:26:07 INFO  : 'fpga -state' command is executed.
16:26:07 INFO  : Connected to target on host '127.0.0.1' and port '3121'.
16:26:07 INFO  : Jtag cable 'Digilent Basys3 210183B82211A' is selected.
16:26:07 INFO  : 'jtag frequency' command is executed.
16:26:07 INFO  : 'configparams mdm-detect-bscan-mask 2' command is executed.
16:26:07 INFO  : Context for processor 'microblaze_0' is selected.
16:26:07 INFO  : Processor reset is completed for 'microblaze_0'.
16:26:07 INFO  : Context for processor 'microblaze_0' is selected.
16:26:07 INFO  : The application 'C:/Users/Nathan/Desktop/cs152b/cs152b/final_project/final_project.sdk/final_project/Debug/final_project.elf' is downloaded to processor 'microblaze_0'.
16:26:07 INFO  : ----------------XSDB Script----------------
connect -url tcp:127.0.0.1:3121
configparams mdm-detect-bscan-mask 2
targets -set -nocase -filter {name =~ "microblaze*#0" && bscan=="USER2"  && jtag_cable_name =~ "Digilent Basys3 210183B82211A"} -index 0
rst -processor
targets -set -nocase -filter {name =~ "microblaze*#0" && bscan=="USER2"  && jtag_cable_name =~ "Digilent Basys3 210183B82211A"} -index 0
dow C:/Users/Nathan/Desktop/cs152b/cs152b/final_project/final_project.sdk/final_project/Debug/final_project.elf
----------------End of Script----------------

16:26:07 INFO  : Memory regions updated for context MicroBlaze #0
16:26:07 INFO  : Memory regions updated for context MicroBlaze #0
16:26:07 INFO  : Context for processor 'microblaze_0' is selected.
16:26:07 INFO  : 'con' command is executed.
16:26:07 INFO  : ----------------XSDB Script (After Launch)----------------
targets -set -nocase -filter {name =~ "microblaze*#0" && bscan=="USER2"  && jtag_cable_name =~ "Digilent Basys3 210183B82211A"} -index 0
con
----------------End of Script----------------

16:26:07 INFO  : Launch script is exported to file 'C:\Users\Nathan\Desktop\cs152b\cs152b\final_project\final_project.sdk\.sdk\launch_scripts\xilinx_c-c++_application_(system_debugger)\system_debugger_using_debug_final_project.elf_on_local_(1).tcl'
16:29:59 INFO  : Disconnected from the channel tcfchan#13.
16:30:00 INFO  : 'targets -set -filter {jtag_cable_name =~ "Digilent Basys3 210183B82211A" && level==0} -index 0' command is executed.
16:30:00 INFO  : 'fpga -state' command is executed.
16:30:00 INFO  : Connected to target on host '127.0.0.1' and port '3121'.
16:30:00 INFO  : Jtag cable 'Digilent Basys3 210183B82211A' is selected.
16:30:00 INFO  : 'jtag frequency' command is executed.
16:30:00 INFO  : 'configparams mdm-detect-bscan-mask 2' command is executed.
16:30:00 INFO  : Context for processor 'microblaze_0' is selected.
16:30:00 INFO  : Processor reset is completed for 'microblaze_0'.
16:30:00 INFO  : Context for processor 'microblaze_0' is selected.
16:30:00 INFO  : The application 'C:/Users/Nathan/Desktop/cs152b/cs152b/final_project/final_project.sdk/final_project/Debug/final_project.elf' is downloaded to processor 'microblaze_0'.
16:30:00 INFO  : ----------------XSDB Script----------------
connect -url tcp:127.0.0.1:3121
configparams mdm-detect-bscan-mask 2
targets -set -nocase -filter {name =~ "microblaze*#0" && bscan=="USER2"  && jtag_cable_name =~ "Digilent Basys3 210183B82211A"} -index 0
rst -processor
targets -set -nocase -filter {name =~ "microblaze*#0" && bscan=="USER2"  && jtag_cable_name =~ "Digilent Basys3 210183B82211A"} -index 0
dow C:/Users/Nathan/Desktop/cs152b/cs152b/final_project/final_project.sdk/final_project/Debug/final_project.elf
----------------End of Script----------------

16:30:00 INFO  : Memory regions updated for context MicroBlaze #0
16:30:00 INFO  : Memory regions updated for context MicroBlaze #0
16:30:00 INFO  : Context for processor 'microblaze_0' is selected.
16:30:00 INFO  : 'con' command is executed.
16:30:00 INFO  : ----------------XSDB Script (After Launch)----------------
targets -set -nocase -filter {name =~ "microblaze*#0" && bscan=="USER2"  && jtag_cable_name =~ "Digilent Basys3 210183B82211A"} -index 0
con
----------------End of Script----------------

16:30:00 INFO  : Launch script is exported to file 'C:\Users\Nathan\Desktop\cs152b\cs152b\final_project\final_project.sdk\.sdk\launch_scripts\xilinx_c-c++_application_(system_debugger)\system_debugger_using_debug_final_project.elf_on_local_(1).tcl'
16:31:05 INFO  : Disconnected from the channel tcfchan#14.
16:31:06 INFO  : 'targets -set -filter {jtag_cable_name =~ "Digilent Basys3 210183B82211A" && level==0} -index 0' command is executed.
16:31:06 INFO  : 'fpga -state' command is executed.
16:31:06 INFO  : Connected to target on host '127.0.0.1' and port '3121'.
16:31:06 INFO  : Jtag cable 'Digilent Basys3 210183B82211A' is selected.
16:31:06 INFO  : 'jtag frequency' command is executed.
16:31:06 INFO  : 'configparams mdm-detect-bscan-mask 2' command is executed.
16:31:06 INFO  : Context for processor 'microblaze_0' is selected.
16:31:06 INFO  : Processor reset is completed for 'microblaze_0'.
16:31:06 INFO  : Context for processor 'microblaze_0' is selected.
16:31:06 INFO  : The application 'C:/Users/Nathan/Desktop/cs152b/cs152b/final_project/final_project.sdk/final_project/Debug/final_project.elf' is downloaded to processor 'microblaze_0'.
16:31:06 INFO  : ----------------XSDB Script----------------
connect -url tcp:127.0.0.1:3121
configparams mdm-detect-bscan-mask 2
targets -set -nocase -filter {name =~ "microblaze*#0" && bscan=="USER2"  && jtag_cable_name =~ "Digilent Basys3 210183B82211A"} -index 0
rst -processor
targets -set -nocase -filter {name =~ "microblaze*#0" && bscan=="USER2"  && jtag_cable_name =~ "Digilent Basys3 210183B82211A"} -index 0
dow C:/Users/Nathan/Desktop/cs152b/cs152b/final_project/final_project.sdk/final_project/Debug/final_project.elf
----------------End of Script----------------

16:31:07 INFO  : Memory regions updated for context MicroBlaze #0
16:31:07 INFO  : Memory regions updated for context MicroBlaze #0
16:31:07 INFO  : Context for processor 'microblaze_0' is selected.
16:31:07 INFO  : 'con' command is executed.
16:31:07 INFO  : ----------------XSDB Script (After Launch)----------------
targets -set -nocase -filter {name =~ "microblaze*#0" && bscan=="USER2"  && jtag_cable_name =~ "Digilent Basys3 210183B82211A"} -index 0
con
----------------End of Script----------------

16:31:07 INFO  : Launch script is exported to file 'C:\Users\Nathan\Desktop\cs152b\cs152b\final_project\final_project.sdk\.sdk\launch_scripts\xilinx_c-c++_application_(system_debugger)\system_debugger_using_debug_final_project.elf_on_local_(1).tcl'
16:31:22 INFO  : SDK has detected change in the last modified timestamps for source hardware specification file Source:1780097347259,  Project:1780095780787
16:31:22 INFO  : Project main_wrapper_hw_platform_0's source hardware specification located at C:/Users/Nathan/Desktop/cs152b/cs152b/final_project/final_project.sdk/main_wrapper.hdf is now different from the local copy.
		 The local copy will be replaced with the source specification and your workspace will be updated.
16:31:33 INFO  : Copied contents of C:/Users/Nathan/Desktop/cs152b/cs152b/final_project/final_project.sdk/main_wrapper.hdf into \main_wrapper_hw_platform_0\system.hdf.
16:31:33 INFO  : Synchronizing projects in the workspace with the hardware platform specification changes.
16:31:33 INFO  : Clearing existing target manager status.
16:31:33 INFO  : Workspace synchronized with the new hardware specification file. Cleaning dependent projects...
16:31:33 WARN  : Linker script will not be updated automatically. Users need to update it manually.
16:31:37 INFO  : Disconnected from the channel tcfchan#15.
16:31:38 INFO  : 'targets -set -filter {jtag_cable_name =~ "Digilent Basys3 210183B82211A" && level==0} -index 0' command is executed.
16:31:38 INFO  : 'fpga -state' command is executed.
16:31:38 INFO  : Connected to target on host '127.0.0.1' and port '3121'.
16:31:38 INFO  : Jtag cable 'Digilent Basys3 210183B82211A' is selected.
16:31:38 INFO  : 'jtag frequency' command is executed.
16:31:38 INFO  : 'configparams mdm-detect-bscan-mask 2' command is executed.
16:31:38 INFO  : Context for processor 'microblaze_0' is selected.
16:31:38 INFO  : Processor reset is completed for 'microblaze_0'.
16:31:38 INFO  : Context for processor 'microblaze_0' is selected.
16:31:39 INFO  : The application 'C:/Users/Nathan/Desktop/cs152b/cs152b/final_project/final_project.sdk/final_project/Debug/final_project.elf' is downloaded to processor 'microblaze_0'.
16:31:39 INFO  : ----------------XSDB Script----------------
connect -url tcp:127.0.0.1:3121
configparams mdm-detect-bscan-mask 2
targets -set -nocase -filter {name =~ "microblaze*#0" && bscan=="USER2"  && jtag_cable_name =~ "Digilent Basys3 210183B82211A"} -index 0
rst -processor
targets -set -nocase -filter {name =~ "microblaze*#0" && bscan=="USER2"  && jtag_cable_name =~ "Digilent Basys3 210183B82211A"} -index 0
dow C:/Users/Nathan/Desktop/cs152b/cs152b/final_project/final_project.sdk/final_project/Debug/final_project.elf
----------------End of Script----------------

16:31:39 INFO  : Memory regions updated for context MicroBlaze #0
16:31:39 INFO  : Memory regions updated for context MicroBlaze #0
16:31:39 INFO  : Context for processor 'microblaze_0' is selected.
16:31:39 INFO  : 'con' command is executed.
16:31:39 INFO  : ----------------XSDB Script (After Launch)----------------
targets -set -nocase -filter {name =~ "microblaze*#0" && bscan=="USER2"  && jtag_cable_name =~ "Digilent Basys3 210183B82211A"} -index 0
con
----------------End of Script----------------

16:31:39 INFO  : Launch script is exported to file 'C:\Users\Nathan\Desktop\cs152b\cs152b\final_project\final_project.sdk\.sdk\launch_scripts\xilinx_c-c++_application_(system_debugger)\system_debugger_using_debug_final_project.elf_on_local_(1).tcl'
16:34:44 INFO  : Disconnected from the channel tcfchan#16.
16:34:45 INFO  : 'targets -set -filter {jtag_cable_name =~ "Digilent Basys3 210183B82211A" && level==0} -index 0' command is executed.
16:34:45 INFO  : 'fpga -state' command is executed.
16:34:45 INFO  : Connected to target on host '127.0.0.1' and port '3121'.
16:34:46 INFO  : Jtag cable 'Digilent Basys3 210183B82211A' is selected.
16:34:46 INFO  : 'jtag frequency' command is executed.
16:34:46 INFO  : 'configparams mdm-detect-bscan-mask 2' command is executed.
16:34:46 INFO  : Context for processor 'microblaze_0' is selected.
16:34:46 INFO  : Processor reset is completed for 'microblaze_0'.
16:34:46 INFO  : Context for processor 'microblaze_0' is selected.
16:34:46 INFO  : The application 'C:/Users/Nathan/Desktop/cs152b/cs152b/final_project/final_project.sdk/final_project/Debug/final_project.elf' is downloaded to processor 'microblaze_0'.
16:34:46 INFO  : ----------------XSDB Script----------------
connect -url tcp:127.0.0.1:3121
configparams mdm-detect-bscan-mask 2
targets -set -nocase -filter {name =~ "microblaze*#0" && bscan=="USER2"  && jtag_cable_name =~ "Digilent Basys3 210183B82211A"} -index 0
rst -processor
targets -set -nocase -filter {name =~ "microblaze*#0" && bscan=="USER2"  && jtag_cable_name =~ "Digilent Basys3 210183B82211A"} -index 0
dow C:/Users/Nathan/Desktop/cs152b/cs152b/final_project/final_project.sdk/final_project/Debug/final_project.elf
----------------End of Script----------------

16:34:46 INFO  : Memory regions updated for context MicroBlaze #0
16:34:46 INFO  : Memory regions updated for context MicroBlaze #0
16:34:46 INFO  : Context for processor 'microblaze_0' is selected.
16:34:46 INFO  : 'con' command is executed.
16:34:46 INFO  : ----------------XSDB Script (After Launch)----------------
targets -set -nocase -filter {name =~ "microblaze*#0" && bscan=="USER2"  && jtag_cable_name =~ "Digilent Basys3 210183B82211A"} -index 0
con
----------------End of Script----------------

16:34:46 INFO  : Launch script is exported to file 'C:\Users\Nathan\Desktop\cs152b\cs152b\final_project\final_project.sdk\.sdk\launch_scripts\xilinx_c-c++_application_(system_debugger)\system_debugger_using_debug_final_project.elf_on_local_(1).tcl'
16:36:07 INFO  : Disconnected from the channel tcfchan#17.
16:36:08 INFO  : 'targets -set -filter {jtag_cable_name =~ "Digilent Basys3 210183B82211A" && level==0} -index 0' command is executed.
16:36:08 INFO  : 'fpga -state' command is executed.
16:36:08 INFO  : Connected to target on host '127.0.0.1' and port '3121'.
16:36:08 INFO  : Jtag cable 'Digilent Basys3 210183B82211A' is selected.
16:36:08 INFO  : 'jtag frequency' command is executed.
16:36:08 INFO  : 'configparams mdm-detect-bscan-mask 2' command is executed.
16:36:08 INFO  : Context for processor 'microblaze_0' is selected.
16:36:08 INFO  : Processor reset is completed for 'microblaze_0'.
16:36:08 INFO  : Context for processor 'microblaze_0' is selected.
16:36:08 INFO  : The application 'C:/Users/Nathan/Desktop/cs152b/cs152b/final_project/final_project.sdk/final_project/Debug/final_project.elf' is downloaded to processor 'microblaze_0'.
16:36:08 INFO  : ----------------XSDB Script----------------
connect -url tcp:127.0.0.1:3121
configparams mdm-detect-bscan-mask 2
targets -set -nocase -filter {name =~ "microblaze*#0" && bscan=="USER2"  && jtag_cable_name =~ "Digilent Basys3 210183B82211A"} -index 0
rst -processor
targets -set -nocase -filter {name =~ "microblaze*#0" && bscan=="USER2"  && jtag_cable_name =~ "Digilent Basys3 210183B82211A"} -index 0
dow C:/Users/Nathan/Desktop/cs152b/cs152b/final_project/final_project.sdk/final_project/Debug/final_project.elf
----------------End of Script----------------

16:36:08 INFO  : Memory regions updated for context MicroBlaze #0
16:36:08 INFO  : Memory regions updated for context MicroBlaze #0
16:36:08 INFO  : Context for processor 'microblaze_0' is selected.
16:36:08 INFO  : 'con' command is executed.
16:36:08 INFO  : ----------------XSDB Script (After Launch)----------------
targets -set -nocase -filter {name =~ "microblaze*#0" && bscan=="USER2"  && jtag_cable_name =~ "Digilent Basys3 210183B82211A"} -index 0
con
----------------End of Script----------------

16:36:08 INFO  : Launch script is exported to file 'C:\Users\Nathan\Desktop\cs152b\cs152b\final_project\final_project.sdk\.sdk\launch_scripts\xilinx_c-c++_application_(system_debugger)\system_debugger_using_debug_final_project.elf_on_local_(1).tcl'
16:38:32 INFO  : The new hardware specification file contains the same information as the current specification file. No changes were done to the workspace.
16:38:48 INFO  : Disconnected from the channel tcfchan#18.
16:38:49 INFO  : 'targets -set -filter {jtag_cable_name =~ "Digilent Basys3 210183B82211A" && level==0} -index 0' command is executed.
16:38:49 INFO  : 'fpga -state' command is executed.
16:38:49 INFO  : Connected to target on host '127.0.0.1' and port '3121'.
16:38:49 INFO  : Jtag cable 'Digilent Basys3 210183B82211A' is selected.
16:38:49 INFO  : 'jtag frequency' command is executed.
16:38:49 INFO  : 'configparams mdm-detect-bscan-mask 2' command is executed.
16:38:49 INFO  : Context for processor 'microblaze_0' is selected.
16:38:49 INFO  : Processor reset is completed for 'microblaze_0'.
16:38:49 INFO  : Context for processor 'microblaze_0' is selected.
16:38:49 INFO  : The application 'C:/Users/Nathan/Desktop/cs152b/cs152b/final_project/final_project.sdk/final_project/Debug/final_project.elf' is downloaded to processor 'microblaze_0'.
16:38:49 INFO  : ----------------XSDB Script----------------
connect -url tcp:127.0.0.1:3121
configparams mdm-detect-bscan-mask 2
targets -set -nocase -filter {name =~ "microblaze*#0" && bscan=="USER2"  && jtag_cable_name =~ "Digilent Basys3 210183B82211A"} -index 0
rst -processor
targets -set -nocase -filter {name =~ "microblaze*#0" && bscan=="USER2"  && jtag_cable_name =~ "Digilent Basys3 210183B82211A"} -index 0
dow C:/Users/Nathan/Desktop/cs152b/cs152b/final_project/final_project.sdk/final_project/Debug/final_project.elf
----------------End of Script----------------

16:38:49 INFO  : Memory regions updated for context MicroBlaze #0
16:38:49 INFO  : Memory regions updated for context MicroBlaze #0
16:38:49 INFO  : Context for processor 'microblaze_0' is selected.
16:38:49 INFO  : 'con' command is executed.
16:38:49 INFO  : ----------------XSDB Script (After Launch)----------------
targets -set -nocase -filter {name =~ "microblaze*#0" && bscan=="USER2"  && jtag_cable_name =~ "Digilent Basys3 210183B82211A"} -index 0
con
----------------End of Script----------------

16:38:49 INFO  : Launch script is exported to file 'C:\Users\Nathan\Desktop\cs152b\cs152b\final_project\final_project.sdk\.sdk\launch_scripts\xilinx_c-c++_application_(system_debugger)\system_debugger_using_debug_final_project.elf_on_local_(1).tcl'
16:39:04 INFO  : The new hardware specification file contains the same information as the current specification file. No changes were done to the workspace.
16:39:20 INFO  : Disconnected from the channel tcfchan#19.
16:39:21 INFO  : 'targets -set -filter {jtag_cable_name =~ "Digilent Basys3 210183B82211A" && level==0} -index 0' command is executed.
16:39:21 INFO  : 'fpga -state' command is executed.
16:39:21 INFO  : Connected to target on host '127.0.0.1' and port '3121'.
16:39:21 INFO  : Jtag cable 'Digilent Basys3 210183B82211A' is selected.
16:39:21 INFO  : 'jtag frequency' command is executed.
16:39:21 INFO  : 'configparams mdm-detect-bscan-mask 2' command is executed.
16:39:21 INFO  : Context for processor 'microblaze_0' is selected.
16:39:22 INFO  : Processor reset is completed for 'microblaze_0'.
16:39:22 INFO  : Context for processor 'microblaze_0' is selected.
16:39:22 INFO  : The application 'C:/Users/Nathan/Desktop/cs152b/cs152b/final_project/final_project.sdk/final_project/Debug/final_project.elf' is downloaded to processor 'microblaze_0'.
16:39:22 INFO  : ----------------XSDB Script----------------
connect -url tcp:127.0.0.1:3121
configparams mdm-detect-bscan-mask 2
targets -set -nocase -filter {name =~ "microblaze*#0" && bscan=="USER2"  && jtag_cable_name =~ "Digilent Basys3 210183B82211A"} -index 0
rst -processor
targets -set -nocase -filter {name =~ "microblaze*#0" && bscan=="USER2"  && jtag_cable_name =~ "Digilent Basys3 210183B82211A"} -index 0
dow C:/Users/Nathan/Desktop/cs152b/cs152b/final_project/final_project.sdk/final_project/Debug/final_project.elf
----------------End of Script----------------

16:39:22 INFO  : Memory regions updated for context MicroBlaze #0
16:39:22 INFO  : Memory regions updated for context MicroBlaze #0
16:39:22 INFO  : Context for processor 'microblaze_0' is selected.
16:39:22 INFO  : 'con' command is executed.
16:39:22 INFO  : ----------------XSDB Script (After Launch)----------------
targets -set -nocase -filter {name =~ "microblaze*#0" && bscan=="USER2"  && jtag_cable_name =~ "Digilent Basys3 210183B82211A"} -index 0
con
----------------End of Script----------------

16:39:22 INFO  : Launch script is exported to file 'C:\Users\Nathan\Desktop\cs152b\cs152b\final_project\final_project.sdk\.sdk\launch_scripts\xilinx_c-c++_application_(system_debugger)\system_debugger_using_debug_final_project.elf_on_local_(1).tcl'
16:40:37 INFO  : Disconnected from the channel tcfchan#20.
16:40:38 INFO  : 'targets -set -filter {jtag_cable_name =~ "Digilent Basys3 210183B82211A" && level==0} -index 0' command is executed.
16:40:38 INFO  : 'fpga -state' command is executed.
16:40:38 INFO  : Connected to target on host '127.0.0.1' and port '3121'.
16:40:38 INFO  : Jtag cable 'Digilent Basys3 210183B82211A' is selected.
16:40:38 INFO  : 'jtag frequency' command is executed.
16:40:38 INFO  : 'configparams mdm-detect-bscan-mask 2' command is executed.
16:40:38 INFO  : Context for processor 'microblaze_0' is selected.
16:40:38 INFO  : Processor reset is completed for 'microblaze_0'.
16:40:38 INFO  : Context for processor 'microblaze_0' is selected.
16:40:38 INFO  : The application 'C:/Users/Nathan/Desktop/cs152b/cs152b/final_project/final_project.sdk/final_project/Debug/final_project.elf' is downloaded to processor 'microblaze_0'.
16:40:38 INFO  : ----------------XSDB Script----------------
connect -url tcp:127.0.0.1:3121
configparams mdm-detect-bscan-mask 2
targets -set -nocase -filter {name =~ "microblaze*#0" && bscan=="USER2"  && jtag_cable_name =~ "Digilent Basys3 210183B82211A"} -index 0
rst -processor
targets -set -nocase -filter {name =~ "microblaze*#0" && bscan=="USER2"  && jtag_cable_name =~ "Digilent Basys3 210183B82211A"} -index 0
dow C:/Users/Nathan/Desktop/cs152b/cs152b/final_project/final_project.sdk/final_project/Debug/final_project.elf
----------------End of Script----------------

16:40:38 INFO  : Memory regions updated for context MicroBlaze #0
16:40:38 INFO  : Memory regions updated for context MicroBlaze #0
16:40:38 INFO  : Context for processor 'microblaze_0' is selected.
16:40:38 INFO  : 'con' command is executed.
16:40:38 INFO  : ----------------XSDB Script (After Launch)----------------
targets -set -nocase -filter {name =~ "microblaze*#0" && bscan=="USER2"  && jtag_cable_name =~ "Digilent Basys3 210183B82211A"} -index 0
con
----------------End of Script----------------

16:40:38 INFO  : Launch script is exported to file 'C:\Users\Nathan\Desktop\cs152b\cs152b\final_project\final_project.sdk\.sdk\launch_scripts\xilinx_c-c++_application_(system_debugger)\system_debugger_using_debug_final_project.elf_on_local_(1).tcl'
16:40:55 INFO  : Disconnected from the channel tcfchan#21.
16:40:56 INFO  : 'targets -set -filter {jtag_cable_name =~ "Digilent Basys3 210183B82211A" && level==0} -index 0' command is executed.
16:40:56 INFO  : 'fpga -state' command is executed.
16:40:56 INFO  : Connected to target on host '127.0.0.1' and port '3121'.
16:40:56 INFO  : Jtag cable 'Digilent Basys3 210183B82211A' is selected.
16:40:56 INFO  : 'jtag frequency' command is executed.
16:40:56 INFO  : 'configparams mdm-detect-bscan-mask 2' command is executed.
16:40:56 INFO  : Context for processor 'microblaze_0' is selected.
16:40:56 INFO  : Processor reset is completed for 'microblaze_0'.
16:40:56 INFO  : Context for processor 'microblaze_0' is selected.
16:40:56 INFO  : The application 'C:/Users/Nathan/Desktop/cs152b/cs152b/final_project/final_project.sdk/final_project/Debug/final_project.elf' is downloaded to processor 'microblaze_0'.
16:40:56 INFO  : ----------------XSDB Script----------------
connect -url tcp:127.0.0.1:3121
configparams mdm-detect-bscan-mask 2
targets -set -nocase -filter {name =~ "microblaze*#0" && bscan=="USER2"  && jtag_cable_name =~ "Digilent Basys3 210183B82211A"} -index 0
rst -processor
targets -set -nocase -filter {name =~ "microblaze*#0" && bscan=="USER2"  && jtag_cable_name =~ "Digilent Basys3 210183B82211A"} -index 0
dow C:/Users/Nathan/Desktop/cs152b/cs152b/final_project/final_project.sdk/final_project/Debug/final_project.elf
----------------End of Script----------------

16:40:56 INFO  : Memory regions updated for context MicroBlaze #0
16:40:56 INFO  : Memory regions updated for context MicroBlaze #0
16:40:56 INFO  : Context for processor 'microblaze_0' is selected.
16:40:56 INFO  : 'con' command is executed.
16:40:56 INFO  : ----------------XSDB Script (After Launch)----------------
targets -set -nocase -filter {name =~ "microblaze*#0" && bscan=="USER2"  && jtag_cable_name =~ "Digilent Basys3 210183B82211A"} -index 0
con
----------------End of Script----------------

16:40:56 INFO  : Launch script is exported to file 'C:\Users\Nathan\Desktop\cs152b\cs152b\final_project\final_project.sdk\.sdk\launch_scripts\xilinx_c-c++_application_(system_debugger)\system_debugger_using_debug_final_project.elf_on_local_(1).tcl'
16:41:59 INFO  : Disconnected from the channel tcfchan#22.
16:42:00 INFO  : 'targets -set -filter {jtag_cable_name =~ "Digilent Basys3 210183B82211A" && level==0} -index 0' command is executed.
16:42:01 INFO  : 'fpga -state' command is executed.
16:42:01 INFO  : Connected to target on host '127.0.0.1' and port '3121'.
16:42:01 INFO  : Jtag cable 'Digilent Basys3 210183B82211A' is selected.
16:42:01 INFO  : 'jtag frequency' command is executed.
16:42:01 INFO  : 'configparams mdm-detect-bscan-mask 2' command is executed.
16:42:01 INFO  : Context for processor 'microblaze_0' is selected.
16:42:01 INFO  : Processor reset is completed for 'microblaze_0'.
16:42:01 INFO  : Context for processor 'microblaze_0' is selected.
16:42:01 INFO  : The application 'C:/Users/Nathan/Desktop/cs152b/cs152b/final_project/final_project.sdk/final_project/Debug/final_project.elf' is downloaded to processor 'microblaze_0'.
16:42:01 INFO  : ----------------XSDB Script----------------
connect -url tcp:127.0.0.1:3121
configparams mdm-detect-bscan-mask 2
targets -set -nocase -filter {name =~ "microblaze*#0" && bscan=="USER2"  && jtag_cable_name =~ "Digilent Basys3 210183B82211A"} -index 0
rst -processor
targets -set -nocase -filter {name =~ "microblaze*#0" && bscan=="USER2"  && jtag_cable_name =~ "Digilent Basys3 210183B82211A"} -index 0
dow C:/Users/Nathan/Desktop/cs152b/cs152b/final_project/final_project.sdk/final_project/Debug/final_project.elf
----------------End of Script----------------

16:42:01 INFO  : Memory regions updated for context MicroBlaze #0
16:42:01 INFO  : Memory regions updated for context MicroBlaze #0
16:42:01 INFO  : Context for processor 'microblaze_0' is selected.
16:42:01 INFO  : 'con' command is executed.
16:42:01 INFO  : ----------------XSDB Script (After Launch)----------------
targets -set -nocase -filter {name =~ "microblaze*#0" && bscan=="USER2"  && jtag_cable_name =~ "Digilent Basys3 210183B82211A"} -index 0
con
----------------End of Script----------------

16:42:01 INFO  : Launch script is exported to file 'C:\Users\Nathan\Desktop\cs152b\cs152b\final_project\final_project.sdk\.sdk\launch_scripts\xilinx_c-c++_application_(system_debugger)\system_debugger_using_debug_final_project.elf_on_local_(1).tcl'
16:47:13 INFO  : Disconnected from the channel tcfchan#23.
16:47:14 INFO  : 'targets -set -filter {jtag_cable_name =~ "Digilent Basys3 210183B82211A" && level==0} -index 0' command is executed.
16:47:14 INFO  : 'fpga -state' command is executed.
16:47:14 INFO  : Connected to target on host '127.0.0.1' and port '3121'.
16:47:14 INFO  : Jtag cable 'Digilent Basys3 210183B82211A' is selected.
16:47:14 INFO  : 'jtag frequency' command is executed.
16:47:14 INFO  : 'configparams mdm-detect-bscan-mask 2' command is executed.
16:47:14 INFO  : Context for processor 'microblaze_0' is selected.
16:47:14 INFO  : Processor reset is completed for 'microblaze_0'.
16:47:14 INFO  : Context for processor 'microblaze_0' is selected.
16:47:14 INFO  : The application 'C:/Users/Nathan/Desktop/cs152b/cs152b/final_project/final_project.sdk/final_project/Debug/final_project.elf' is downloaded to processor 'microblaze_0'.
16:47:14 INFO  : ----------------XSDB Script----------------
connect -url tcp:127.0.0.1:3121
configparams mdm-detect-bscan-mask 2
targets -set -nocase -filter {name =~ "microblaze*#0" && bscan=="USER2"  && jtag_cable_name =~ "Digilent Basys3 210183B82211A"} -index 0
rst -processor
targets -set -nocase -filter {name =~ "microblaze*#0" && bscan=="USER2"  && jtag_cable_name =~ "Digilent Basys3 210183B82211A"} -index 0
dow C:/Users/Nathan/Desktop/cs152b/cs152b/final_project/final_project.sdk/final_project/Debug/final_project.elf
----------------End of Script----------------

16:47:14 INFO  : Memory regions updated for context MicroBlaze #0
16:47:14 INFO  : Memory regions updated for context MicroBlaze #0
16:47:14 INFO  : Context for processor 'microblaze_0' is selected.
16:47:14 INFO  : 'con' command is executed.
16:47:14 INFO  : ----------------XSDB Script (After Launch)----------------
targets -set -nocase -filter {name =~ "microblaze*#0" && bscan=="USER2"  && jtag_cable_name =~ "Digilent Basys3 210183B82211A"} -index 0
con
----------------End of Script----------------

16:47:14 INFO  : Launch script is exported to file 'C:\Users\Nathan\Desktop\cs152b\cs152b\final_project\final_project.sdk\.sdk\launch_scripts\xilinx_c-c++_application_(system_debugger)\system_debugger_using_debug_final_project.elf_on_local_(1).tcl'
16:57:45 INFO  : Disconnected from the channel tcfchan#24.
16:57:46 INFO  : 'targets -set -filter {jtag_cable_name =~ "Digilent Basys3 210183B82211A" && level==0} -index 0' command is executed.
16:57:46 INFO  : 'fpga -state' command is executed.
16:57:46 INFO  : Connected to target on host '127.0.0.1' and port '3121'.
16:57:46 INFO  : Jtag cable 'Digilent Basys3 210183B82211A' is selected.
16:57:46 INFO  : 'jtag frequency' command is executed.
16:57:46 INFO  : 'configparams mdm-detect-bscan-mask 2' command is executed.
16:57:46 INFO  : Context for processor 'microblaze_0' is selected.
16:57:46 INFO  : Processor reset is completed for 'microblaze_0'.
16:57:46 INFO  : Context for processor 'microblaze_0' is selected.
16:57:47 INFO  : The application 'C:/Users/Nathan/Desktop/cs152b/cs152b/final_project/final_project.sdk/final_project/Debug/final_project.elf' is downloaded to processor 'microblaze_0'.
16:57:47 INFO  : ----------------XSDB Script----------------
connect -url tcp:127.0.0.1:3121
configparams mdm-detect-bscan-mask 2
targets -set -nocase -filter {name =~ "microblaze*#0" && bscan=="USER2"  && jtag_cable_name =~ "Digilent Basys3 210183B82211A"} -index 0
rst -processor
targets -set -nocase -filter {name =~ "microblaze*#0" && bscan=="USER2"  && jtag_cable_name =~ "Digilent Basys3 210183B82211A"} -index 0
dow C:/Users/Nathan/Desktop/cs152b/cs152b/final_project/final_project.sdk/final_project/Debug/final_project.elf
----------------End of Script----------------

16:57:47 INFO  : Memory regions updated for context MicroBlaze #0
16:57:47 INFO  : Memory regions updated for context MicroBlaze #0
16:57:47 INFO  : Context for processor 'microblaze_0' is selected.
16:57:47 INFO  : 'con' command is executed.
16:57:47 INFO  : ----------------XSDB Script (After Launch)----------------
targets -set -nocase -filter {name =~ "microblaze*#0" && bscan=="USER2"  && jtag_cable_name =~ "Digilent Basys3 210183B82211A"} -index 0
con
----------------End of Script----------------

16:57:47 INFO  : Launch script is exported to file 'C:\Users\Nathan\Desktop\cs152b\cs152b\final_project\final_project.sdk\.sdk\launch_scripts\xilinx_c-c++_application_(system_debugger)\system_debugger_using_debug_final_project.elf_on_local_(1).tcl'
17:03:13 INFO  : Disconnected from the channel tcfchan#25.
17:03:14 INFO  : 'targets -set -filter {jtag_cable_name =~ "Digilent Basys3 210183B82211A" && level==0} -index 0' command is executed.
17:03:14 INFO  : 'fpga -state' command is executed.
17:03:14 INFO  : Connected to target on host '127.0.0.1' and port '3121'.
17:03:14 INFO  : Jtag cable 'Digilent Basys3 210183B82211A' is selected.
17:03:14 INFO  : 'jtag frequency' command is executed.
17:03:14 INFO  : 'configparams mdm-detect-bscan-mask 2' command is executed.
17:03:14 INFO  : Context for processor 'microblaze_0' is selected.
17:03:14 INFO  : Processor reset is completed for 'microblaze_0'.
17:03:14 INFO  : Context for processor 'microblaze_0' is selected.
17:03:14 INFO  : The application 'C:/Users/Nathan/Desktop/cs152b/cs152b/final_project/final_project.sdk/final_project/Debug/final_project.elf' is downloaded to processor 'microblaze_0'.
17:03:14 INFO  : ----------------XSDB Script----------------
connect -url tcp:127.0.0.1:3121
configparams mdm-detect-bscan-mask 2
targets -set -nocase -filter {name =~ "microblaze*#0" && bscan=="USER2"  && jtag_cable_name =~ "Digilent Basys3 210183B82211A"} -index 0
rst -processor
targets -set -nocase -filter {name =~ "microblaze*#0" && bscan=="USER2"  && jtag_cable_name =~ "Digilent Basys3 210183B82211A"} -index 0
dow C:/Users/Nathan/Desktop/cs152b/cs152b/final_project/final_project.sdk/final_project/Debug/final_project.elf
----------------End of Script----------------

17:03:14 INFO  : Memory regions updated for context MicroBlaze #0
17:03:14 INFO  : Memory regions updated for context MicroBlaze #0
17:03:14 INFO  : Context for processor 'microblaze_0' is selected.
17:03:14 INFO  : 'con' command is executed.
17:03:14 INFO  : ----------------XSDB Script (After Launch)----------------
targets -set -nocase -filter {name =~ "microblaze*#0" && bscan=="USER2"  && jtag_cable_name =~ "Digilent Basys3 210183B82211A"} -index 0
con
----------------End of Script----------------

17:03:14 INFO  : Launch script is exported to file 'C:\Users\Nathan\Desktop\cs152b\cs152b\final_project\final_project.sdk\.sdk\launch_scripts\xilinx_c-c++_application_(system_debugger)\system_debugger_using_debug_final_project.elf_on_local_(1).tcl'
17:06:46 INFO  : Disconnected from the channel tcfchan#26.
17:06:47 INFO  : 'targets -set -filter {jtag_cable_name =~ "Digilent Basys3 210183B82211A" && level==0} -index 0' command is executed.
17:06:47 INFO  : 'fpga -state' command is executed.
17:06:47 INFO  : Connected to target on host '127.0.0.1' and port '3121'.
17:06:47 INFO  : Jtag cable 'Digilent Basys3 210183B82211A' is selected.
17:06:47 INFO  : 'jtag frequency' command is executed.
17:06:47 INFO  : 'configparams mdm-detect-bscan-mask 2' command is executed.
17:06:47 INFO  : Context for processor 'microblaze_0' is selected.
17:06:47 INFO  : Processor reset is completed for 'microblaze_0'.
17:06:47 INFO  : Context for processor 'microblaze_0' is selected.
17:06:47 INFO  : The application 'C:/Users/Nathan/Desktop/cs152b/cs152b/final_project/final_project.sdk/final_project/Debug/final_project.elf' is downloaded to processor 'microblaze_0'.
17:06:47 INFO  : ----------------XSDB Script----------------
connect -url tcp:127.0.0.1:3121
configparams mdm-detect-bscan-mask 2
targets -set -nocase -filter {name =~ "microblaze*#0" && bscan=="USER2"  && jtag_cable_name =~ "Digilent Basys3 210183B82211A"} -index 0
rst -processor
targets -set -nocase -filter {name =~ "microblaze*#0" && bscan=="USER2"  && jtag_cable_name =~ "Digilent Basys3 210183B82211A"} -index 0
dow C:/Users/Nathan/Desktop/cs152b/cs152b/final_project/final_project.sdk/final_project/Debug/final_project.elf
----------------End of Script----------------

17:06:47 INFO  : Memory regions updated for context MicroBlaze #0
17:06:47 INFO  : Memory regions updated for context MicroBlaze #0
17:06:47 INFO  : Context for processor 'microblaze_0' is selected.
17:06:47 INFO  : 'con' command is executed.
17:06:47 INFO  : ----------------XSDB Script (After Launch)----------------
targets -set -nocase -filter {name =~ "microblaze*#0" && bscan=="USER2"  && jtag_cable_name =~ "Digilent Basys3 210183B82211A"} -index 0
con
----------------End of Script----------------

17:06:47 INFO  : Launch script is exported to file 'C:\Users\Nathan\Desktop\cs152b\cs152b\final_project\final_project.sdk\.sdk\launch_scripts\xilinx_c-c++_application_(system_debugger)\system_debugger_using_debug_final_project.elf_on_local_(1).tcl'
17:09:12 INFO  : Disconnected from the channel tcfchan#27.
17:09:13 INFO  : 'targets -set -filter {jtag_cable_name =~ "Digilent Basys3 210183B82211A" && level==0} -index 0' command is executed.
17:09:13 INFO  : 'fpga -state' command is executed.
17:09:13 INFO  : Connected to target on host '127.0.0.1' and port '3121'.
17:09:13 INFO  : Jtag cable 'Digilent Basys3 210183B82211A' is selected.
17:09:13 INFO  : 'jtag frequency' command is executed.
17:09:13 INFO  : 'configparams mdm-detect-bscan-mask 2' command is executed.
17:09:13 INFO  : Context for processor 'microblaze_0' is selected.
17:09:13 INFO  : Processor reset is completed for 'microblaze_0'.
17:09:13 INFO  : Context for processor 'microblaze_0' is selected.
17:09:13 INFO  : The application 'C:/Users/Nathan/Desktop/cs152b/cs152b/final_project/final_project.sdk/final_project/Debug/final_project.elf' is downloaded to processor 'microblaze_0'.
17:09:13 INFO  : ----------------XSDB Script----------------
connect -url tcp:127.0.0.1:3121
configparams mdm-detect-bscan-mask 2
targets -set -nocase -filter {name =~ "microblaze*#0" && bscan=="USER2"  && jtag_cable_name =~ "Digilent Basys3 210183B82211A"} -index 0
rst -processor
targets -set -nocase -filter {name =~ "microblaze*#0" && bscan=="USER2"  && jtag_cable_name =~ "Digilent Basys3 210183B82211A"} -index 0
dow C:/Users/Nathan/Desktop/cs152b/cs152b/final_project/final_project.sdk/final_project/Debug/final_project.elf
----------------End of Script----------------

17:09:13 INFO  : Memory regions updated for context MicroBlaze #0
17:09:13 INFO  : Memory regions updated for context MicroBlaze #0
17:09:13 INFO  : Context for processor 'microblaze_0' is selected.
17:09:13 INFO  : 'con' command is executed.
17:09:13 INFO  : ----------------XSDB Script (After Launch)----------------
targets -set -nocase -filter {name =~ "microblaze*#0" && bscan=="USER2"  && jtag_cable_name =~ "Digilent Basys3 210183B82211A"} -index 0
con
----------------End of Script----------------

17:09:13 INFO  : Launch script is exported to file 'C:\Users\Nathan\Desktop\cs152b\cs152b\final_project\final_project.sdk\.sdk\launch_scripts\xilinx_c-c++_application_(system_debugger)\system_debugger_using_debug_final_project.elf_on_local_(1).tcl'
17:10:30 INFO  : Disconnected from the channel tcfchan#28.
17:10:31 INFO  : 'targets -set -filter {jtag_cable_name =~ "Digilent Basys3 210183B82211A" && level==0} -index 0' command is executed.
17:10:31 INFO  : 'fpga -state' command is executed.
17:10:31 INFO  : Connected to target on host '127.0.0.1' and port '3121'.
17:10:31 INFO  : Jtag cable 'Digilent Basys3 210183B82211A' is selected.
17:10:31 INFO  : 'jtag frequency' command is executed.
17:10:31 INFO  : 'configparams mdm-detect-bscan-mask 2' command is executed.
17:10:31 INFO  : Context for processor 'microblaze_0' is selected.
17:10:31 INFO  : Processor reset is completed for 'microblaze_0'.
17:10:31 INFO  : Context for processor 'microblaze_0' is selected.
17:10:31 INFO  : The application 'C:/Users/Nathan/Desktop/cs152b/cs152b/final_project/final_project.sdk/final_project/Debug/final_project.elf' is downloaded to processor 'microblaze_0'.
17:10:31 INFO  : ----------------XSDB Script----------------
connect -url tcp:127.0.0.1:3121
configparams mdm-detect-bscan-mask 2
targets -set -nocase -filter {name =~ "microblaze*#0" && bscan=="USER2"  && jtag_cable_name =~ "Digilent Basys3 210183B82211A"} -index 0
rst -processor
targets -set -nocase -filter {name =~ "microblaze*#0" && bscan=="USER2"  && jtag_cable_name =~ "Digilent Basys3 210183B82211A"} -index 0
dow C:/Users/Nathan/Desktop/cs152b/cs152b/final_project/final_project.sdk/final_project/Debug/final_project.elf
----------------End of Script----------------

17:10:31 INFO  : Memory regions updated for context MicroBlaze #0
17:10:31 INFO  : Memory regions updated for context MicroBlaze #0
17:10:31 INFO  : Context for processor 'microblaze_0' is selected.
17:10:31 INFO  : 'con' command is executed.
17:10:31 INFO  : ----------------XSDB Script (After Launch)----------------
targets -set -nocase -filter {name =~ "microblaze*#0" && bscan=="USER2"  && jtag_cable_name =~ "Digilent Basys3 210183B82211A"} -index 0
con
----------------End of Script----------------

17:10:31 INFO  : Launch script is exported to file 'C:\Users\Nathan\Desktop\cs152b\cs152b\final_project\final_project.sdk\.sdk\launch_scripts\xilinx_c-c++_application_(system_debugger)\system_debugger_using_debug_final_project.elf_on_local_(1).tcl'
17:14:33 INFO  : Disconnected from the channel tcfchan#29.
17:14:34 INFO  : 'targets -set -filter {jtag_cable_name =~ "Digilent Basys3 210183B82211A" && level==0} -index 0' command is executed.
17:14:34 INFO  : 'fpga -state' command is executed.
17:14:34 INFO  : Connected to target on host '127.0.0.1' and port '3121'.
17:14:34 INFO  : Jtag cable 'Digilent Basys3 210183B82211A' is selected.
17:14:34 INFO  : 'jtag frequency' command is executed.
17:14:34 INFO  : 'configparams mdm-detect-bscan-mask 2' command is executed.
17:14:34 INFO  : Context for processor 'microblaze_0' is selected.
17:14:34 INFO  : Processor reset is completed for 'microblaze_0'.
17:14:34 INFO  : Context for processor 'microblaze_0' is selected.
17:14:34 INFO  : The application 'C:/Users/Nathan/Desktop/cs152b/cs152b/final_project/final_project.sdk/final_project/Debug/final_project.elf' is downloaded to processor 'microblaze_0'.
17:14:34 INFO  : ----------------XSDB Script----------------
connect -url tcp:127.0.0.1:3121
configparams mdm-detect-bscan-mask 2
targets -set -nocase -filter {name =~ "microblaze*#0" && bscan=="USER2"  && jtag_cable_name =~ "Digilent Basys3 210183B82211A"} -index 0
rst -processor
targets -set -nocase -filter {name =~ "microblaze*#0" && bscan=="USER2"  && jtag_cable_name =~ "Digilent Basys3 210183B82211A"} -index 0
dow C:/Users/Nathan/Desktop/cs152b/cs152b/final_project/final_project.sdk/final_project/Debug/final_project.elf
----------------End of Script----------------

17:14:34 INFO  : Memory regions updated for context MicroBlaze #0
17:14:34 INFO  : Memory regions updated for context MicroBlaze #0
17:14:35 INFO  : Context for processor 'microblaze_0' is selected.
17:14:35 INFO  : 'con' command is executed.
17:14:35 INFO  : ----------------XSDB Script (After Launch)----------------
targets -set -nocase -filter {name =~ "microblaze*#0" && bscan=="USER2"  && jtag_cable_name =~ "Digilent Basys3 210183B82211A"} -index 0
con
----------------End of Script----------------

17:14:35 INFO  : Launch script is exported to file 'C:\Users\Nathan\Desktop\cs152b\cs152b\final_project\final_project.sdk\.sdk\launch_scripts\xilinx_c-c++_application_(system_debugger)\system_debugger_using_debug_final_project.elf_on_local_(1).tcl'
17:28:25 INFO  : Disconnected from the channel tcfchan#30.
17:28:26 INFO  : 'targets -set -filter {jtag_cable_name =~ "Digilent Basys3 210183B82211A" && level==0} -index 0' command is executed.
17:28:26 INFO  : 'fpga -state' command is executed.
17:28:26 INFO  : Connected to target on host '127.0.0.1' and port '3121'.
17:28:26 INFO  : Jtag cable 'Digilent Basys3 210183B82211A' is selected.
17:28:26 INFO  : 'jtag frequency' command is executed.
17:28:26 INFO  : 'configparams mdm-detect-bscan-mask 2' command is executed.
17:28:26 INFO  : Context for processor 'microblaze_0' is selected.
17:28:26 INFO  : Processor reset is completed for 'microblaze_0'.
17:28:26 INFO  : Context for processor 'microblaze_0' is selected.
17:28:27 INFO  : The application 'C:/Users/Nathan/Desktop/cs152b/cs152b/final_project/final_project.sdk/final_project/Debug/final_project.elf' is downloaded to processor 'microblaze_0'.
17:28:27 INFO  : ----------------XSDB Script----------------
connect -url tcp:127.0.0.1:3121
configparams mdm-detect-bscan-mask 2
targets -set -nocase -filter {name =~ "microblaze*#0" && bscan=="USER2"  && jtag_cable_name =~ "Digilent Basys3 210183B82211A"} -index 0
rst -processor
targets -set -nocase -filter {name =~ "microblaze*#0" && bscan=="USER2"  && jtag_cable_name =~ "Digilent Basys3 210183B82211A"} -index 0
dow C:/Users/Nathan/Desktop/cs152b/cs152b/final_project/final_project.sdk/final_project/Debug/final_project.elf
----------------End of Script----------------

17:28:27 INFO  : Memory regions updated for context MicroBlaze #0
17:28:27 INFO  : Memory regions updated for context MicroBlaze #0
17:28:27 INFO  : Context for processor 'microblaze_0' is selected.
17:28:27 INFO  : 'con' command is executed.
17:28:27 INFO  : ----------------XSDB Script (After Launch)----------------
targets -set -nocase -filter {name =~ "microblaze*#0" && bscan=="USER2"  && jtag_cable_name =~ "Digilent Basys3 210183B82211A"} -index 0
con
----------------End of Script----------------

17:28:27 INFO  : Launch script is exported to file 'C:\Users\Nathan\Desktop\cs152b\cs152b\final_project\final_project.sdk\.sdk\launch_scripts\xilinx_c-c++_application_(system_debugger)\system_debugger_using_debug_final_project.elf_on_local_(1).tcl'
17:34:58 INFO  : Disconnected from the channel tcfchan#31.
17:34:59 INFO  : 'targets -set -filter {jtag_cable_name =~ "Digilent Basys3 210183B82211A" && level==0} -index 0' command is executed.
17:34:59 INFO  : 'fpga -state' command is executed.
17:34:59 INFO  : Connected to target on host '127.0.0.1' and port '3121'.
17:34:59 INFO  : Jtag cable 'Digilent Basys3 210183B82211A' is selected.
17:34:59 INFO  : 'jtag frequency' command is executed.
17:34:59 INFO  : 'configparams mdm-detect-bscan-mask 2' command is executed.
17:34:59 INFO  : Context for processor 'microblaze_0' is selected.
17:34:59 INFO  : Processor reset is completed for 'microblaze_0'.
17:34:59 INFO  : Context for processor 'microblaze_0' is selected.
17:34:59 INFO  : The application 'C:/Users/Nathan/Desktop/cs152b/cs152b/final_project/final_project.sdk/final_project/Debug/final_project.elf' is downloaded to processor 'microblaze_0'.
17:34:59 INFO  : ----------------XSDB Script----------------
connect -url tcp:127.0.0.1:3121
configparams mdm-detect-bscan-mask 2
targets -set -nocase -filter {name =~ "microblaze*#0" && bscan=="USER2"  && jtag_cable_name =~ "Digilent Basys3 210183B82211A"} -index 0
rst -processor
targets -set -nocase -filter {name =~ "microblaze*#0" && bscan=="USER2"  && jtag_cable_name =~ "Digilent Basys3 210183B82211A"} -index 0
dow C:/Users/Nathan/Desktop/cs152b/cs152b/final_project/final_project.sdk/final_project/Debug/final_project.elf
----------------End of Script----------------

17:34:59 INFO  : Memory regions updated for context MicroBlaze #0
17:34:59 INFO  : Memory regions updated for context MicroBlaze #0
17:34:59 INFO  : Context for processor 'microblaze_0' is selected.
17:34:59 INFO  : 'con' command is executed.
17:34:59 INFO  : ----------------XSDB Script (After Launch)----------------
targets -set -nocase -filter {name =~ "microblaze*#0" && bscan=="USER2"  && jtag_cable_name =~ "Digilent Basys3 210183B82211A"} -index 0
con
----------------End of Script----------------

17:34:59 INFO  : Launch script is exported to file 'C:\Users\Nathan\Desktop\cs152b\cs152b\final_project\final_project.sdk\.sdk\launch_scripts\xilinx_c-c++_application_(system_debugger)\system_debugger_using_debug_final_project.elf_on_local_(1).tcl'
18:35:43 INFO  : Disconnected from the channel tcfchan#32.
18:35:44 INFO  : 'targets -set -filter {jtag_cable_name =~ "Digilent Basys3 210183B82211A" && level==0} -index 0' command is executed.
18:35:44 INFO  : 'fpga -state' command is executed.
18:35:44 INFO  : Connected to target on host '127.0.0.1' and port '3121'.
18:35:44 INFO  : Jtag cable 'Digilent Basys3 210183B82211A' is selected.
18:35:44 INFO  : 'jtag frequency' command is executed.
18:35:44 INFO  : 'configparams mdm-detect-bscan-mask 2' command is executed.
18:35:44 INFO  : Context for processor 'microblaze_0' is selected.
18:35:44 INFO  : Processor reset is completed for 'microblaze_0'.
18:35:44 INFO  : Context for processor 'microblaze_0' is selected.
18:35:44 INFO  : The application 'C:/Users/Nathan/Desktop/cs152b/cs152b/final_project/final_project.sdk/final_project/Debug/final_project.elf' is downloaded to processor 'microblaze_0'.
18:35:44 INFO  : ----------------XSDB Script----------------
connect -url tcp:127.0.0.1:3121
configparams mdm-detect-bscan-mask 2
targets -set -nocase -filter {name =~ "microblaze*#0" && bscan=="USER2"  && jtag_cable_name =~ "Digilent Basys3 210183B82211A"} -index 0
rst -processor
targets -set -nocase -filter {name =~ "microblaze*#0" && bscan=="USER2"  && jtag_cable_name =~ "Digilent Basys3 210183B82211A"} -index 0
dow C:/Users/Nathan/Desktop/cs152b/cs152b/final_project/final_project.sdk/final_project/Debug/final_project.elf
----------------End of Script----------------

18:35:44 INFO  : Memory regions updated for context MicroBlaze #0
18:35:44 INFO  : Memory regions updated for context MicroBlaze #0
18:35:44 INFO  : Context for processor 'microblaze_0' is selected.
18:35:44 INFO  : 'con' command is executed.
18:35:44 INFO  : ----------------XSDB Script (After Launch)----------------
targets -set -nocase -filter {name =~ "microblaze*#0" && bscan=="USER2"  && jtag_cable_name =~ "Digilent Basys3 210183B82211A"} -index 0
con
----------------End of Script----------------

18:35:44 INFO  : Launch script is exported to file 'C:\Users\Nathan\Desktop\cs152b\cs152b\final_project\final_project.sdk\.sdk\launch_scripts\xilinx_c-c++_application_(system_debugger)\system_debugger_using_debug_final_project.elf_on_local_(1).tcl'
19:20:51 INFO  : Disconnected from the channel tcfchan#33.
16:02:03 INFO  : Registering command handlers for SDK TCF services
16:02:04 INFO  : Launching XSCT server: xsct.bat -interactive C:\Users\Nathan\Desktop\cs152b\cs152b\final_project\final_project.sdk\temp_xsdb_launch_script.tcl
16:02:07 INFO  : XSCT server has started successfully.
16:02:07 INFO  : Successfully done setting XSCT server connection channel  
16:02:10 INFO  : Successfully done setting SDK workspace  
16:02:10 INFO  : Processing command line option -hwspec C:/Users/Nathan/Desktop/cs152b/cs152b/final_project/final_project.sdk/main_wrapper.hdf.
16:02:10 INFO  : Checking for hwspec changes in the project main_wrapper_hw_platform_0.
16:02:43 INFO  : 'targets -set -filter {jtag_cable_name =~ "Digilent Basys3 210183B82211A" && level==0} -index 0' command is executed.
16:02:43 INFO  : 'fpga -state' command is executed.
16:02:43 INFO  : Connected to target on host '127.0.0.1' and port '3121'.
16:02:44 INFO  : Jtag cable 'Digilent Basys3 210183B82211A' is selected.
16:02:44 INFO  : 'jtag frequency' command is executed.
16:02:44 INFO  : 'configparams mdm-detect-bscan-mask 2' command is executed.
16:02:47 ERROR : no targets found with "name =~ "microblaze*#0" && bscan=="USER2"  && jtag_cable_name =~ "Digilent Basys3 210183B82211A"". available targets:
  1* xc7a35t
16:02:47 INFO  : ----------------XSDB Script----------------
connect -url tcp:127.0.0.1:3121
configparams mdm-detect-bscan-mask 2
targets -set -nocase -filter {name =~ "microblaze*#0" && bscan=="USER2"  && jtag_cable_name =~ "Digilent Basys3 210183B82211A"} -index 0
----------------End of Script----------------

16:02:54 INFO  : 'targets -set -filter {jtag_cable_name =~ "Digilent Basys3 210183B82211A" && level==0} -index 0' command is executed.
16:02:54 INFO  : 'fpga -state' command is executed.
16:02:54 INFO  : Connected to target on host '127.0.0.1' and port '3121'.
16:02:54 INFO  : Jtag cable 'Digilent Basys3 210183B82211A' is selected.
16:02:54 INFO  : 'jtag frequency' command is executed.
16:02:54 INFO  : 'configparams mdm-detect-bscan-mask 2' command is executed.
16:02:54 INFO  : Context for processor 'microblaze_0' is selected.
16:02:54 INFO  : Processor reset is completed for 'microblaze_0'.
16:02:54 INFO  : Context for processor 'microblaze_0' is selected.
16:02:54 INFO  : The application 'C:/Users/Nathan/Desktop/cs152b/cs152b/final_project/final_project.sdk/final_project/Debug/final_project.elf' is downloaded to processor 'microblaze_0'.
16:02:54 INFO  : ----------------XSDB Script----------------
connect -url tcp:127.0.0.1:3121
configparams mdm-detect-bscan-mask 2
targets -set -nocase -filter {name =~ "microblaze*#0" && bscan=="USER2"  && jtag_cable_name =~ "Digilent Basys3 210183B82211A"} -index 0
rst -processor
targets -set -nocase -filter {name =~ "microblaze*#0" && bscan=="USER2"  && jtag_cable_name =~ "Digilent Basys3 210183B82211A"} -index 0
dow C:/Users/Nathan/Desktop/cs152b/cs152b/final_project/final_project.sdk/final_project/Debug/final_project.elf
----------------End of Script----------------

16:02:54 INFO  : Memory regions updated for context MicroBlaze #0
16:02:54 INFO  : Memory regions updated for context MicroBlaze #0
16:02:54 INFO  : Context for processor 'microblaze_0' is selected.
16:02:54 INFO  : 'con' command is executed.
16:02:54 INFO  : ----------------XSDB Script (After Launch)----------------
targets -set -nocase -filter {name =~ "microblaze*#0" && bscan=="USER2"  && jtag_cable_name =~ "Digilent Basys3 210183B82211A"} -index 0
con
----------------End of Script----------------

16:02:54 INFO  : Launch script is exported to file 'C:\Users\Nathan\Desktop\cs152b\cs152b\final_project\final_project.sdk\.sdk\launch_scripts\xilinx_c-c++_application_(system_debugger)\system_debugger_using_debug_final_project.elf_on_local_(1).tcl'
16:03:04 INFO  : Disconnected from the channel tcfchan#1.
16:03:05 INFO  : 'targets -set -filter {jtag_cable_name =~ "Digilent Basys3 210183B82211A" && level==0} -index 0' command is executed.
16:03:05 INFO  : 'fpga -state' command is executed.
16:03:05 INFO  : Connected to target on host '127.0.0.1' and port '3121'.
16:03:05 INFO  : Jtag cable 'Digilent Basys3 210183B82211A' is selected.
16:03:05 INFO  : 'jtag frequency' command is executed.
16:03:05 INFO  : 'configparams mdm-detect-bscan-mask 2' command is executed.
16:03:05 INFO  : Context for processor 'microblaze_0' is selected.
16:03:06 INFO  : Processor reset is completed for 'microblaze_0'.
16:03:06 INFO  : Context for processor 'microblaze_0' is selected.
16:03:06 INFO  : The application 'C:/Users/Nathan/Desktop/cs152b/cs152b/final_project/final_project.sdk/final_project/Debug/final_project.elf' is downloaded to processor 'microblaze_0'.
16:03:06 INFO  : ----------------XSDB Script----------------
connect -url tcp:127.0.0.1:3121
configparams mdm-detect-bscan-mask 2
targets -set -nocase -filter {name =~ "microblaze*#0" && bscan=="USER2"  && jtag_cable_name =~ "Digilent Basys3 210183B82211A"} -index 0
rst -processor
targets -set -nocase -filter {name =~ "microblaze*#0" && bscan=="USER2"  && jtag_cable_name =~ "Digilent Basys3 210183B82211A"} -index 0
dow C:/Users/Nathan/Desktop/cs152b/cs152b/final_project/final_project.sdk/final_project/Debug/final_project.elf
----------------End of Script----------------

16:03:06 INFO  : Memory regions updated for context MicroBlaze #0
16:03:06 INFO  : Memory regions updated for context MicroBlaze #0
16:03:06 INFO  : Context for processor 'microblaze_0' is selected.
16:03:06 INFO  : 'con' command is executed.
16:03:06 INFO  : ----------------XSDB Script (After Launch)----------------
targets -set -nocase -filter {name =~ "microblaze*#0" && bscan=="USER2"  && jtag_cable_name =~ "Digilent Basys3 210183B82211A"} -index 0
con
----------------End of Script----------------

16:03:06 INFO  : Launch script is exported to file 'C:\Users\Nathan\Desktop\cs152b\cs152b\final_project\final_project.sdk\.sdk\launch_scripts\xilinx_c-c++_application_(system_debugger)\system_debugger_using_debug_final_project.elf_on_local_(1).tcl'
16:04:24 INFO  : Disconnected from the channel tcfchan#2.
10:18:10 INFO  : Registering command handlers for SDK TCF services
10:18:12 INFO  : Launching XSCT server: xsct.bat -interactive C:\Users\Nathan\Desktop\cs152b\cs152b\final_project\final_project.sdk\temp_xsdb_launch_script.tcl
10:18:15 INFO  : XSCT server has started successfully.
10:18:22 INFO  : Successfully done setting XSCT server connection channel  
10:18:22 INFO  : Processing command line option -hwspec C:/Users/Nathan/Desktop/cs152b/cs152b/final_project/final_project.sdk/main_wrapper.hdf.
10:18:22 INFO  : Successfully done setting SDK workspace  
10:18:22 INFO  : Checking for hwspec changes in the project main_wrapper_hw_platform_0.
10:31:44 INFO  : 'targets -set -filter {jtag_cable_name =~ "Digilent Basys3 210183B82211A" && level==0} -index 0' command is executed.
10:31:44 INFO  : 'fpga -state' command is executed.
10:31:44 INFO  : Connected to target on host '127.0.0.1' and port '3121'.
10:31:45 INFO  : Jtag cable 'Digilent Basys3 210183B82211A' is selected.
10:31:45 INFO  : 'jtag frequency' command is executed.
10:31:45 INFO  : 'configparams mdm-detect-bscan-mask 2' command is executed.
10:31:45 INFO  : Context for processor 'microblaze_0' is selected.
10:31:45 INFO  : Processor reset is completed for 'microblaze_0'.
10:31:45 INFO  : Context for processor 'microblaze_0' is selected.
10:31:45 INFO  : The application 'C:/Users/Nathan/Desktop/cs152b/cs152b/final_project/final_project.sdk/final_project/Debug/final_project.elf' is downloaded to processor 'microblaze_0'.
10:31:45 INFO  : ----------------XSDB Script----------------
connect -url tcp:127.0.0.1:3121
configparams mdm-detect-bscan-mask 2
targets -set -nocase -filter {name =~ "microblaze*#0" && bscan=="USER2"  && jtag_cable_name =~ "Digilent Basys3 210183B82211A"} -index 0
rst -processor
targets -set -nocase -filter {name =~ "microblaze*#0" && bscan=="USER2"  && jtag_cable_name =~ "Digilent Basys3 210183B82211A"} -index 0
dow C:/Users/Nathan/Desktop/cs152b/cs152b/final_project/final_project.sdk/final_project/Debug/final_project.elf
----------------End of Script----------------

10:31:45 INFO  : Memory regions updated for context MicroBlaze #0
10:31:45 INFO  : Memory regions updated for context MicroBlaze #0
10:31:45 INFO  : Context for processor 'microblaze_0' is selected.
10:31:45 INFO  : 'con' command is executed.
10:31:45 INFO  : ----------------XSDB Script (After Launch)----------------
targets -set -nocase -filter {name =~ "microblaze*#0" && bscan=="USER2"  && jtag_cable_name =~ "Digilent Basys3 210183B82211A"} -index 0
con
----------------End of Script----------------

10:31:45 INFO  : Launch script is exported to file 'C:\Users\Nathan\Desktop\cs152b\cs152b\final_project\final_project.sdk\.sdk\launch_scripts\xilinx_c-c++_application_(system_debugger)\system_debugger_using_debug_final_project.elf_on_local_(1).tcl'
11:41:49 INFO  : Disconnected from the channel tcfchan#1.
12:37:16 INFO  : Registering command handlers for SDK TCF services
12:37:17 INFO  : Launching XSCT server: xsct.bat -interactive C:\Users\Nathan\Desktop\cs152b\cs152b\final_project\final_project.sdk\temp_xsdb_launch_script.tcl
12:37:21 INFO  : XSCT server has started successfully.
12:37:21 INFO  : Successfully done setting XSCT server connection channel  
12:37:32 INFO  : Successfully done setting SDK workspace  
12:37:32 INFO  : Processing command line option -hwspec C:/Users/Nathan/Desktop/cs152b/cs152b/final_project/final_project.sdk/main_wrapper.hdf.
12:37:44 INFO  : Checking for hwspec changes in the project main_wrapper_hw_platform_0.
13:52:59 INFO  : Registering command handlers for SDK TCF services
13:53:00 INFO  : Launching XSCT server: xsct.bat -interactive C:\Users\Nathan\Desktop\cs152b\cs152b\final_project\final_project.sdk\temp_xsdb_launch_script.tcl
13:53:04 INFO  : XSCT server has started successfully.
13:53:04 INFO  : Successfully done setting XSCT server connection channel  
13:53:11 INFO  : Successfully done setting SDK workspace  
13:53:11 INFO  : Processing command line option -hwspec C:/Users/Nathan/Desktop/cs152b/cs152b/final_project/final_project.sdk/main_wrapper.hdf.
13:53:11 INFO  : Checking for hwspec changes in the project main_wrapper_hw_platform_0.
13:55:13 INFO  : 'targets -set -filter {jtag_cable_name =~ "Digilent Basys3 210183B82211A" && level==0} -index 0' command is executed.
13:55:13 INFO  : 'fpga -state' command is executed.
13:55:13 INFO  : Connected to target on host '127.0.0.1' and port '3121'.
13:55:13 INFO  : Jtag cable 'Digilent Basys3 210183B82211A' is selected.
13:55:13 INFO  : 'jtag frequency' command is executed.
13:55:14 INFO  : 'configparams mdm-detect-bscan-mask 2' command is executed.
13:55:14 INFO  : Context for processor 'microblaze_0' is selected.
13:55:14 INFO  : Processor reset is completed for 'microblaze_0'.
13:55:14 INFO  : Context for processor 'microblaze_0' is selected.
13:55:14 INFO  : The application 'C:/Users/Nathan/Desktop/cs152b/cs152b/final_project/final_project.sdk/final_project/Debug/final_project.elf' is downloaded to processor 'microblaze_0'.
13:55:14 INFO  : ----------------XSDB Script----------------
connect -url tcp:127.0.0.1:3121
configparams mdm-detect-bscan-mask 2
targets -set -nocase -filter {name =~ "microblaze*#0" && bscan=="USER2"  && jtag_cable_name =~ "Digilent Basys3 210183B82211A"} -index 0
rst -processor
targets -set -nocase -filter {name =~ "microblaze*#0" && bscan=="USER2"  && jtag_cable_name =~ "Digilent Basys3 210183B82211A"} -index 0
dow C:/Users/Nathan/Desktop/cs152b/cs152b/final_project/final_project.sdk/final_project/Debug/final_project.elf
----------------End of Script----------------

13:55:14 INFO  : Memory regions updated for context MicroBlaze #0
13:55:14 INFO  : Memory regions updated for context MicroBlaze #0
13:55:14 INFO  : Context for processor 'microblaze_0' is selected.
13:55:14 INFO  : 'con' command is executed.
13:55:14 INFO  : ----------------XSDB Script (After Launch)----------------
targets -set -nocase -filter {name =~ "microblaze*#0" && bscan=="USER2"  && jtag_cable_name =~ "Digilent Basys3 210183B82211A"} -index 0
con
----------------End of Script----------------

13:55:14 INFO  : Launch script is exported to file 'C:\Users\Nathan\Desktop\cs152b\cs152b\final_project\final_project.sdk\.sdk\launch_scripts\xilinx_c-c++_application_(system_debugger)\system_debugger_using_debug_final_project.elf_on_local_(1).tcl'
13:55:27 INFO  : Disconnected from the channel tcfchan#1.
13:55:28 INFO  : 'targets -set -filter {jtag_cable_name =~ "Digilent Basys3 210183B82211A" && level==0} -index 0' command is executed.
13:55:28 INFO  : 'fpga -state' command is executed.
13:55:28 INFO  : Connected to target on host '127.0.0.1' and port '3121'.
13:55:29 INFO  : Jtag cable 'Digilent Basys3 210183B82211A' is selected.
13:55:29 INFO  : 'jtag frequency' command is executed.
13:55:29 INFO  : 'configparams mdm-detect-bscan-mask 2' command is executed.
13:55:29 INFO  : Context for processor 'microblaze_0' is selected.
13:55:29 INFO  : Processor reset is completed for 'microblaze_0'.
13:55:29 INFO  : Context for processor 'microblaze_0' is selected.
13:55:29 INFO  : The application 'C:/Users/Nathan/Desktop/cs152b/cs152b/final_project/final_project.sdk/final_project/Debug/final_project.elf' is downloaded to processor 'microblaze_0'.
13:55:29 INFO  : ----------------XSDB Script----------------
connect -url tcp:127.0.0.1:3121
configparams mdm-detect-bscan-mask 2
targets -set -nocase -filter {name =~ "microblaze*#0" && bscan=="USER2"  && jtag_cable_name =~ "Digilent Basys3 210183B82211A"} -index 0
rst -processor
targets -set -nocase -filter {name =~ "microblaze*#0" && bscan=="USER2"  && jtag_cable_name =~ "Digilent Basys3 210183B82211A"} -index 0
dow C:/Users/Nathan/Desktop/cs152b/cs152b/final_project/final_project.sdk/final_project/Debug/final_project.elf
----------------End of Script----------------

13:55:29 INFO  : Memory regions updated for context MicroBlaze #0
13:55:29 INFO  : Memory regions updated for context MicroBlaze #0
13:55:29 INFO  : Context for processor 'microblaze_0' is selected.
13:55:29 INFO  : 'con' command is executed.
13:55:29 INFO  : ----------------XSDB Script (After Launch)----------------
targets -set -nocase -filter {name =~ "microblaze*#0" && bscan=="USER2"  && jtag_cable_name =~ "Digilent Basys3 210183B82211A"} -index 0
con
----------------End of Script----------------

13:55:29 INFO  : Launch script is exported to file 'C:\Users\Nathan\Desktop\cs152b\cs152b\final_project\final_project.sdk\.sdk\launch_scripts\xilinx_c-c++_application_(system_debugger)\system_debugger_using_debug_final_project.elf_on_local_(1).tcl'
13:56:54 INFO  : Disconnected from the channel tcfchan#2.
13:56:55 INFO  : 'targets -set -filter {jtag_cable_name =~ "Digilent Basys3 210183B82211A" && level==0} -index 0' command is executed.
13:56:55 INFO  : 'fpga -state' command is executed.
13:56:55 INFO  : Connected to target on host '127.0.0.1' and port '3121'.
13:56:55 INFO  : Jtag cable 'Digilent Basys3 210183B82211A' is selected.
13:56:55 INFO  : 'jtag frequency' command is executed.
13:56:55 INFO  : 'configparams mdm-detect-bscan-mask 2' command is executed.
13:56:55 INFO  : Context for processor 'microblaze_0' is selected.
13:56:55 INFO  : Processor reset is completed for 'microblaze_0'.
13:56:55 INFO  : Context for processor 'microblaze_0' is selected.
13:56:55 INFO  : The application 'C:/Users/Nathan/Desktop/cs152b/cs152b/final_project/final_project.sdk/final_project/Debug/final_project.elf' is downloaded to processor 'microblaze_0'.
13:56:55 INFO  : ----------------XSDB Script----------------
connect -url tcp:127.0.0.1:3121
configparams mdm-detect-bscan-mask 2
targets -set -nocase -filter {name =~ "microblaze*#0" && bscan=="USER2"  && jtag_cable_name =~ "Digilent Basys3 210183B82211A"} -index 0
rst -processor
targets -set -nocase -filter {name =~ "microblaze*#0" && bscan=="USER2"  && jtag_cable_name =~ "Digilent Basys3 210183B82211A"} -index 0
dow C:/Users/Nathan/Desktop/cs152b/cs152b/final_project/final_project.sdk/final_project/Debug/final_project.elf
----------------End of Script----------------

13:56:55 INFO  : Memory regions updated for context MicroBlaze #0
13:56:55 INFO  : Memory regions updated for context MicroBlaze #0
13:56:55 INFO  : Context for processor 'microblaze_0' is selected.
13:56:55 INFO  : 'con' command is executed.
13:56:55 INFO  : ----------------XSDB Script (After Launch)----------------
targets -set -nocase -filter {name =~ "microblaze*#0" && bscan=="USER2"  && jtag_cable_name =~ "Digilent Basys3 210183B82211A"} -index 0
con
----------------End of Script----------------

13:56:55 INFO  : Launch script is exported to file 'C:\Users\Nathan\Desktop\cs152b\cs152b\final_project\final_project.sdk\.sdk\launch_scripts\xilinx_c-c++_application_(system_debugger)\system_debugger_using_debug_final_project.elf_on_local_(1).tcl'
13:58:06 INFO  : Disconnected from the channel tcfchan#3.
13:58:07 INFO  : 'targets -set -filter {jtag_cable_name =~ "Digilent Basys3 210183B82211A" && level==0} -index 0' command is executed.
13:58:07 INFO  : 'fpga -state' command is executed.
13:58:07 INFO  : Connected to target on host '127.0.0.1' and port '3121'.
13:58:07 INFO  : Jtag cable 'Digilent Basys3 210183B82211A' is selected.
13:58:07 INFO  : 'jtag frequency' command is executed.
13:58:07 INFO  : 'configparams mdm-detect-bscan-mask 2' command is executed.
13:58:07 INFO  : Context for processor 'microblaze_0' is selected.
13:58:07 INFO  : Processor reset is completed for 'microblaze_0'.
13:58:07 INFO  : Context for processor 'microblaze_0' is selected.
13:58:08 INFO  : The application 'C:/Users/Nathan/Desktop/cs152b/cs152b/final_project/final_project.sdk/final_project/Debug/final_project.elf' is downloaded to processor 'microblaze_0'.
13:58:08 INFO  : ----------------XSDB Script----------------
connect -url tcp:127.0.0.1:3121
configparams mdm-detect-bscan-mask 2
targets -set -nocase -filter {name =~ "microblaze*#0" && bscan=="USER2"  && jtag_cable_name =~ "Digilent Basys3 210183B82211A"} -index 0
rst -processor
targets -set -nocase -filter {name =~ "microblaze*#0" && bscan=="USER2"  && jtag_cable_name =~ "Digilent Basys3 210183B82211A"} -index 0
dow C:/Users/Nathan/Desktop/cs152b/cs152b/final_project/final_project.sdk/final_project/Debug/final_project.elf
----------------End of Script----------------

13:58:08 INFO  : Memory regions updated for context MicroBlaze #0
13:58:08 INFO  : Memory regions updated for context MicroBlaze #0
13:58:08 INFO  : Context for processor 'microblaze_0' is selected.
13:58:08 INFO  : 'con' command is executed.
13:58:08 INFO  : ----------------XSDB Script (After Launch)----------------
targets -set -nocase -filter {name =~ "microblaze*#0" && bscan=="USER2"  && jtag_cable_name =~ "Digilent Basys3 210183B82211A"} -index 0
con
----------------End of Script----------------

13:58:08 INFO  : Launch script is exported to file 'C:\Users\Nathan\Desktop\cs152b\cs152b\final_project\final_project.sdk\.sdk\launch_scripts\xilinx_c-c++_application_(system_debugger)\system_debugger_using_debug_final_project.elf_on_local_(1).tcl'
13:59:29 INFO  : Disconnected from the channel tcfchan#4.
13:59:30 INFO  : 'targets -set -filter {jtag_cable_name =~ "Digilent Basys3 210183B82211A" && level==0} -index 0' command is executed.
13:59:30 INFO  : 'fpga -state' command is executed.
13:59:30 INFO  : Connected to target on host '127.0.0.1' and port '3121'.
13:59:31 INFO  : Jtag cable 'Digilent Basys3 210183B82211A' is selected.
13:59:31 INFO  : 'jtag frequency' command is executed.
13:59:31 INFO  : 'configparams mdm-detect-bscan-mask 2' command is executed.
13:59:31 INFO  : Context for processor 'microblaze_0' is selected.
13:59:31 INFO  : Processor reset is completed for 'microblaze_0'.
13:59:31 INFO  : Context for processor 'microblaze_0' is selected.
13:59:31 INFO  : The application 'C:/Users/Nathan/Desktop/cs152b/cs152b/final_project/final_project.sdk/final_project/Debug/final_project.elf' is downloaded to processor 'microblaze_0'.
13:59:31 INFO  : ----------------XSDB Script----------------
connect -url tcp:127.0.0.1:3121
configparams mdm-detect-bscan-mask 2
targets -set -nocase -filter {name =~ "microblaze*#0" && bscan=="USER2"  && jtag_cable_name =~ "Digilent Basys3 210183B82211A"} -index 0
rst -processor
targets -set -nocase -filter {name =~ "microblaze*#0" && bscan=="USER2"  && jtag_cable_name =~ "Digilent Basys3 210183B82211A"} -index 0
dow C:/Users/Nathan/Desktop/cs152b/cs152b/final_project/final_project.sdk/final_project/Debug/final_project.elf
----------------End of Script----------------

13:59:31 INFO  : Memory regions updated for context MicroBlaze #0
13:59:31 INFO  : Memory regions updated for context MicroBlaze #0
13:59:31 INFO  : Context for processor 'microblaze_0' is selected.
13:59:31 INFO  : 'con' command is executed.
13:59:31 INFO  : ----------------XSDB Script (After Launch)----------------
targets -set -nocase -filter {name =~ "microblaze*#0" && bscan=="USER2"  && jtag_cable_name =~ "Digilent Basys3 210183B82211A"} -index 0
con
----------------End of Script----------------

13:59:31 INFO  : Launch script is exported to file 'C:\Users\Nathan\Desktop\cs152b\cs152b\final_project\final_project.sdk\.sdk\launch_scripts\xilinx_c-c++_application_(system_debugger)\system_debugger_using_debug_final_project.elf_on_local_(1).tcl'
14:00:03 INFO  : Disconnected from the channel tcfchan#5.
14:00:04 INFO  : 'targets -set -filter {jtag_cable_name =~ "Digilent Basys3 210183B82211A" && level==0} -index 0' command is executed.
14:00:04 INFO  : 'fpga -state' command is executed.
14:00:04 INFO  : Connected to target on host '127.0.0.1' and port '3121'.
14:00:04 INFO  : Jtag cable 'Digilent Basys3 210183B82211A' is selected.
14:00:04 INFO  : 'jtag frequency' command is executed.
14:00:04 INFO  : 'configparams mdm-detect-bscan-mask 2' command is executed.
14:00:04 INFO  : Context for processor 'microblaze_0' is selected.
14:00:04 INFO  : Processor reset is completed for 'microblaze_0'.
14:00:04 INFO  : Context for processor 'microblaze_0' is selected.
14:00:04 INFO  : The application 'C:/Users/Nathan/Desktop/cs152b/cs152b/final_project/final_project.sdk/benchmark/Debug/benchmark.elf' is downloaded to processor 'microblaze_0'.
14:00:04 INFO  : ----------------XSDB Script----------------
connect -url tcp:127.0.0.1:3121
configparams mdm-detect-bscan-mask 2
targets -set -nocase -filter {name =~ "microblaze*#0" && bscan=="USER2"  && jtag_cable_name =~ "Digilent Basys3 210183B82211A"} -index 0
rst -processor
targets -set -nocase -filter {name =~ "microblaze*#0" && bscan=="USER2"  && jtag_cable_name =~ "Digilent Basys3 210183B82211A"} -index 0
dow C:/Users/Nathan/Desktop/cs152b/cs152b/final_project/final_project.sdk/benchmark/Debug/benchmark.elf
----------------End of Script----------------

14:00:04 INFO  : Memory regions updated for context MicroBlaze #0
14:00:04 INFO  : Memory regions updated for context MicroBlaze #0
14:00:04 INFO  : Context for processor 'microblaze_0' is selected.
14:00:04 INFO  : 'con' command is executed.
14:00:04 INFO  : ----------------XSDB Script (After Launch)----------------
targets -set -nocase -filter {name =~ "microblaze*#0" && bscan=="USER2"  && jtag_cable_name =~ "Digilent Basys3 210183B82211A"} -index 0
con
----------------End of Script----------------

14:00:04 INFO  : Launch script is exported to file 'C:\Users\Nathan\Desktop\cs152b\cs152b\final_project\final_project.sdk\.sdk\launch_scripts\xilinx_c-c++_application_(system_debugger)\system_debugger_using_debug_benchmark.elf_on_local.tcl'
14:00:59 INFO  : Disconnected from the channel tcfchan#6.
14:01:00 INFO  : 'targets -set -filter {jtag_cable_name =~ "Digilent Basys3 210183B82211A" && level==0} -index 0' command is executed.
14:01:00 INFO  : 'fpga -state' command is executed.
14:01:00 INFO  : Connected to target on host '127.0.0.1' and port '3121'.
14:01:00 INFO  : Jtag cable 'Digilent Basys3 210183B82211A' is selected.
14:01:00 INFO  : 'jtag frequency' command is executed.
14:01:00 INFO  : 'configparams mdm-detect-bscan-mask 2' command is executed.
14:01:00 INFO  : Context for processor 'microblaze_0' is selected.
14:01:00 INFO  : Processor reset is completed for 'microblaze_0'.
14:01:00 INFO  : Context for processor 'microblaze_0' is selected.
14:01:00 INFO  : The application 'C:/Users/Nathan/Desktop/cs152b/cs152b/final_project/final_project.sdk/benchmark/Debug/benchmark.elf' is downloaded to processor 'microblaze_0'.
14:01:00 INFO  : ----------------XSDB Script----------------
connect -url tcp:127.0.0.1:3121
configparams mdm-detect-bscan-mask 2
targets -set -nocase -filter {name =~ "microblaze*#0" && bscan=="USER2"  && jtag_cable_name =~ "Digilent Basys3 210183B82211A"} -index 0
rst -processor
targets -set -nocase -filter {name =~ "microblaze*#0" && bscan=="USER2"  && jtag_cable_name =~ "Digilent Basys3 210183B82211A"} -index 0
dow C:/Users/Nathan/Desktop/cs152b/cs152b/final_project/final_project.sdk/benchmark/Debug/benchmark.elf
----------------End of Script----------------

14:01:01 INFO  : Memory regions updated for context MicroBlaze #0
14:01:01 INFO  : Memory regions updated for context MicroBlaze #0
14:01:01 INFO  : Context for processor 'microblaze_0' is selected.
14:01:01 INFO  : 'con' command is executed.
14:01:01 INFO  : ----------------XSDB Script (After Launch)----------------
targets -set -nocase -filter {name =~ "microblaze*#0" && bscan=="USER2"  && jtag_cable_name =~ "Digilent Basys3 210183B82211A"} -index 0
con
----------------End of Script----------------

14:01:01 INFO  : Launch script is exported to file 'C:\Users\Nathan\Desktop\cs152b\cs152b\final_project\final_project.sdk\.sdk\launch_scripts\xilinx_c-c++_application_(system_debugger)\system_debugger_using_debug_benchmark.elf_on_local.tcl'
14:01:40 INFO  : Disconnected from the channel tcfchan#7.
14:01:41 INFO  : 'targets -set -filter {jtag_cable_name =~ "Digilent Basys3 210183B82211A" && level==0} -index 0' command is executed.
14:01:41 INFO  : 'fpga -state' command is executed.
14:01:41 INFO  : Connected to target on host '127.0.0.1' and port '3121'.
14:01:41 INFO  : Jtag cable 'Digilent Basys3 210183B82211A' is selected.
14:01:41 INFO  : 'jtag frequency' command is executed.
14:01:41 INFO  : 'configparams mdm-detect-bscan-mask 2' command is executed.
14:01:41 INFO  : Context for processor 'microblaze_0' is selected.
14:01:41 INFO  : Processor reset is completed for 'microblaze_0'.
14:01:41 INFO  : Context for processor 'microblaze_0' is selected.
14:01:41 INFO  : The application 'C:/Users/Nathan/Desktop/cs152b/cs152b/final_project/final_project.sdk/benchmark/Debug/benchmark.elf' is downloaded to processor 'microblaze_0'.
14:01:41 INFO  : ----------------XSDB Script----------------
connect -url tcp:127.0.0.1:3121
configparams mdm-detect-bscan-mask 2
targets -set -nocase -filter {name =~ "microblaze*#0" && bscan=="USER2"  && jtag_cable_name =~ "Digilent Basys3 210183B82211A"} -index 0
rst -processor
targets -set -nocase -filter {name =~ "microblaze*#0" && bscan=="USER2"  && jtag_cable_name =~ "Digilent Basys3 210183B82211A"} -index 0
dow C:/Users/Nathan/Desktop/cs152b/cs152b/final_project/final_project.sdk/benchmark/Debug/benchmark.elf
----------------End of Script----------------

14:01:41 INFO  : Memory regions updated for context MicroBlaze #0
14:01:41 INFO  : Memory regions updated for context MicroBlaze #0
14:01:41 INFO  : Context for processor 'microblaze_0' is selected.
14:01:41 INFO  : 'con' command is executed.
14:01:41 INFO  : ----------------XSDB Script (After Launch)----------------
targets -set -nocase -filter {name =~ "microblaze*#0" && bscan=="USER2"  && jtag_cable_name =~ "Digilent Basys3 210183B82211A"} -index 0
con
----------------End of Script----------------

14:01:41 INFO  : Launch script is exported to file 'C:\Users\Nathan\Desktop\cs152b\cs152b\final_project\final_project.sdk\.sdk\launch_scripts\xilinx_c-c++_application_(system_debugger)\system_debugger_using_debug_benchmark.elf_on_local.tcl'
14:04:19 INFO  : Disconnected from the channel tcfchan#8.
14:04:20 INFO  : 'targets -set -filter {jtag_cable_name =~ "Digilent Basys3 210183B82211A" && level==0} -index 0' command is executed.
14:04:20 INFO  : 'fpga -state' command is executed.
14:04:20 INFO  : Connected to target on host '127.0.0.1' and port '3121'.
14:04:20 INFO  : Jtag cable 'Digilent Basys3 210183B82211A' is selected.
14:04:20 INFO  : 'jtag frequency' command is executed.
14:04:20 INFO  : 'configparams mdm-detect-bscan-mask 2' command is executed.
14:04:20 INFO  : Context for processor 'microblaze_0' is selected.
14:04:20 INFO  : Processor reset is completed for 'microblaze_0'.
14:04:20 INFO  : Context for processor 'microblaze_0' is selected.
14:04:20 INFO  : The application 'C:/Users/Nathan/Desktop/cs152b/cs152b/final_project/final_project.sdk/benchmark/Debug/benchmark.elf' is downloaded to processor 'microblaze_0'.
14:04:20 INFO  : ----------------XSDB Script----------------
connect -url tcp:127.0.0.1:3121
configparams mdm-detect-bscan-mask 2
targets -set -nocase -filter {name =~ "microblaze*#0" && bscan=="USER2"  && jtag_cable_name =~ "Digilent Basys3 210183B82211A"} -index 0
rst -processor
targets -set -nocase -filter {name =~ "microblaze*#0" && bscan=="USER2"  && jtag_cable_name =~ "Digilent Basys3 210183B82211A"} -index 0
dow C:/Users/Nathan/Desktop/cs152b/cs152b/final_project/final_project.sdk/benchmark/Debug/benchmark.elf
----------------End of Script----------------

14:04:20 INFO  : Memory regions updated for context MicroBlaze #0
14:04:20 INFO  : Memory regions updated for context MicroBlaze #0
14:04:20 INFO  : Context for processor 'microblaze_0' is selected.
14:04:20 INFO  : 'con' command is executed.
14:04:20 INFO  : ----------------XSDB Script (After Launch)----------------
targets -set -nocase -filter {name =~ "microblaze*#0" && bscan=="USER2"  && jtag_cable_name =~ "Digilent Basys3 210183B82211A"} -index 0
con
----------------End of Script----------------

14:04:20 INFO  : Launch script is exported to file 'C:\Users\Nathan\Desktop\cs152b\cs152b\final_project\final_project.sdk\.sdk\launch_scripts\xilinx_c-c++_application_(system_debugger)\system_debugger_using_debug_benchmark.elf_on_local.tcl'
14:08:00 INFO  : Disconnected from the channel tcfchan#9.
14:08:01 INFO  : 'targets -set -filter {jtag_cable_name =~ "Digilent Basys3 210183B82211A" && level==0} -index 0' command is executed.
14:08:01 INFO  : 'fpga -state' command is executed.
14:08:01 INFO  : Connected to target on host '127.0.0.1' and port '3121'.
14:08:02 INFO  : Jtag cable 'Digilent Basys3 210183B82211A' is selected.
14:08:02 INFO  : 'jtag frequency' command is executed.
14:08:02 INFO  : 'configparams mdm-detect-bscan-mask 2' command is executed.
14:08:02 INFO  : Context for processor 'microblaze_0' is selected.
14:08:02 INFO  : Processor reset is completed for 'microblaze_0'.
14:08:02 INFO  : Context for processor 'microblaze_0' is selected.
14:08:02 INFO  : The application 'C:/Users/Nathan/Desktop/cs152b/cs152b/final_project/final_project.sdk/benchmark/Debug/benchmark.elf' is downloaded to processor 'microblaze_0'.
14:08:02 INFO  : ----------------XSDB Script----------------
connect -url tcp:127.0.0.1:3121
configparams mdm-detect-bscan-mask 2
targets -set -nocase -filter {name =~ "microblaze*#0" && bscan=="USER2"  && jtag_cable_name =~ "Digilent Basys3 210183B82211A"} -index 0
rst -processor
targets -set -nocase -filter {name =~ "microblaze*#0" && bscan=="USER2"  && jtag_cable_name =~ "Digilent Basys3 210183B82211A"} -index 0
dow C:/Users/Nathan/Desktop/cs152b/cs152b/final_project/final_project.sdk/benchmark/Debug/benchmark.elf
----------------End of Script----------------

14:08:02 INFO  : Memory regions updated for context MicroBlaze #0
14:08:02 INFO  : Memory regions updated for context MicroBlaze #0
14:08:02 INFO  : Context for processor 'microblaze_0' is selected.
14:08:02 INFO  : 'con' command is executed.
14:08:02 INFO  : ----------------XSDB Script (After Launch)----------------
targets -set -nocase -filter {name =~ "microblaze*#0" && bscan=="USER2"  && jtag_cable_name =~ "Digilent Basys3 210183B82211A"} -index 0
con
----------------End of Script----------------

14:08:02 INFO  : Launch script is exported to file 'C:\Users\Nathan\Desktop\cs152b\cs152b\final_project\final_project.sdk\.sdk\launch_scripts\xilinx_c-c++_application_(system_debugger)\system_debugger_using_debug_benchmark.elf_on_local.tcl'
14:08:18 INFO  : Disconnected from the channel tcfchan#10.
14:08:19 INFO  : 'targets -set -filter {jtag_cable_name =~ "Digilent Basys3 210183B82211A" && level==0} -index 0' command is executed.
14:08:19 INFO  : 'fpga -state' command is executed.
14:08:19 INFO  : Connected to target on host '127.0.0.1' and port '3121'.
14:08:19 INFO  : Jtag cable 'Digilent Basys3 210183B82211A' is selected.
14:08:19 INFO  : 'jtag frequency' command is executed.
14:08:19 INFO  : 'configparams mdm-detect-bscan-mask 2' command is executed.
14:08:19 INFO  : Context for processor 'microblaze_0' is selected.
14:08:19 INFO  : Processor reset is completed for 'microblaze_0'.
14:08:19 INFO  : Context for processor 'microblaze_0' is selected.
14:08:20 INFO  : The application 'C:/Users/Nathan/Desktop/cs152b/cs152b/final_project/final_project.sdk/benchmark/Debug/benchmark.elf' is downloaded to processor 'microblaze_0'.
14:08:20 INFO  : ----------------XSDB Script----------------
connect -url tcp:127.0.0.1:3121
configparams mdm-detect-bscan-mask 2
targets -set -nocase -filter {name =~ "microblaze*#0" && bscan=="USER2"  && jtag_cable_name =~ "Digilent Basys3 210183B82211A"} -index 0
rst -processor
targets -set -nocase -filter {name =~ "microblaze*#0" && bscan=="USER2"  && jtag_cable_name =~ "Digilent Basys3 210183B82211A"} -index 0
dow C:/Users/Nathan/Desktop/cs152b/cs152b/final_project/final_project.sdk/benchmark/Debug/benchmark.elf
----------------End of Script----------------

14:08:20 INFO  : Memory regions updated for context MicroBlaze #0
14:08:20 INFO  : Memory regions updated for context MicroBlaze #0
14:08:20 INFO  : Context for processor 'microblaze_0' is selected.
14:08:20 INFO  : 'con' command is executed.
14:08:20 INFO  : ----------------XSDB Script (After Launch)----------------
targets -set -nocase -filter {name =~ "microblaze*#0" && bscan=="USER2"  && jtag_cable_name =~ "Digilent Basys3 210183B82211A"} -index 0
con
----------------End of Script----------------

14:08:20 INFO  : Launch script is exported to file 'C:\Users\Nathan\Desktop\cs152b\cs152b\final_project\final_project.sdk\.sdk\launch_scripts\xilinx_c-c++_application_(system_debugger)\system_debugger_using_debug_benchmark.elf_on_local.tcl'
14:18:36 INFO  : Disconnected from the channel tcfchan#11.
14:18:37 INFO  : 'targets -set -filter {jtag_cable_name =~ "Digilent Basys3 210183B82211A" && level==0} -index 0' command is executed.
14:18:37 INFO  : 'fpga -state' command is executed.
14:18:37 INFO  : Connected to target on host '127.0.0.1' and port '3121'.
14:18:37 INFO  : Jtag cable 'Digilent Basys3 210183B82211A' is selected.
14:18:37 INFO  : 'jtag frequency' command is executed.
14:18:37 INFO  : 'configparams mdm-detect-bscan-mask 2' command is executed.
14:18:37 INFO  : Context for processor 'microblaze_0' is selected.
14:18:37 INFO  : Processor reset is completed for 'microblaze_0'.
14:18:37 INFO  : Context for processor 'microblaze_0' is selected.
14:18:37 INFO  : The application 'C:/Users/Nathan/Desktop/cs152b/cs152b/final_project/final_project.sdk/benchmark/Debug/benchmark.elf' is downloaded to processor 'microblaze_0'.
14:18:37 INFO  : ----------------XSDB Script----------------
connect -url tcp:127.0.0.1:3121
configparams mdm-detect-bscan-mask 2
targets -set -nocase -filter {name =~ "microblaze*#0" && bscan=="USER2"  && jtag_cable_name =~ "Digilent Basys3 210183B82211A"} -index 0
rst -processor
targets -set -nocase -filter {name =~ "microblaze*#0" && bscan=="USER2"  && jtag_cable_name =~ "Digilent Basys3 210183B82211A"} -index 0
dow C:/Users/Nathan/Desktop/cs152b/cs152b/final_project/final_project.sdk/benchmark/Debug/benchmark.elf
----------------End of Script----------------

14:18:37 INFO  : Memory regions updated for context MicroBlaze #0
14:18:37 INFO  : Memory regions updated for context MicroBlaze #0
14:18:37 INFO  : Context for processor 'microblaze_0' is selected.
14:18:37 INFO  : 'con' command is executed.
14:18:37 INFO  : ----------------XSDB Script (After Launch)----------------
targets -set -nocase -filter {name =~ "microblaze*#0" && bscan=="USER2"  && jtag_cable_name =~ "Digilent Basys3 210183B82211A"} -index 0
con
----------------End of Script----------------

14:18:37 INFO  : Launch script is exported to file 'C:\Users\Nathan\Desktop\cs152b\cs152b\final_project\final_project.sdk\.sdk\launch_scripts\xilinx_c-c++_application_(system_debugger)\system_debugger_using_debug_benchmark.elf_on_local.tcl'
14:19:34 INFO  : SDK has detected change in the last modified timestamps for source hardware specification file Source:1780435025001,  Project:1780097347259
14:19:34 INFO  : Project main_wrapper_hw_platform_0's source hardware specification located at C:/Users/Nathan/Desktop/cs152b/cs152b/final_project/final_project.sdk/main_wrapper.hdf is now different from the local copy.
		 The local copy will be replaced with the source specification and your workspace will be updated.
14:19:43 INFO  : Copied contents of C:/Users/Nathan/Desktop/cs152b/cs152b/final_project/final_project.sdk/main_wrapper.hdf into \main_wrapper_hw_platform_0\system.hdf.
14:19:43 INFO  : Synchronizing projects in the workspace with the hardware platform specification changes.
14:19:46 INFO  : 
14:19:47 INFO  : Updating hardware inferred compiler options for benchmark.
14:19:47 INFO  : Clearing existing target manager status.
14:20:04 INFO  : Disconnected from the channel tcfchan#12.
14:20:05 INFO  : 'targets -set -filter {jtag_cable_name =~ "Digilent Basys3 210183B82211A" && level==0} -index 0' command is executed.
14:20:05 INFO  : 'fpga -state' command is executed.
14:20:05 INFO  : Connected to target on host '127.0.0.1' and port '3121'.
14:20:05 INFO  : Jtag cable 'Digilent Basys3 210183B82211A' is selected.
14:20:05 INFO  : 'jtag frequency' command is executed.
14:20:05 INFO  : 'configparams mdm-detect-bscan-mask 2' command is executed.
14:20:05 INFO  : Context for processor 'microblaze_0' is selected.
14:20:05 INFO  : Processor reset is completed for 'microblaze_0'.
14:20:05 INFO  : Context for processor 'microblaze_0' is selected.
14:20:06 INFO  : The application 'C:/Users/Nathan/Desktop/cs152b/cs152b/final_project/final_project.sdk/benchmark/Debug/benchmark.elf' is downloaded to processor 'microblaze_0'.
14:20:06 INFO  : ----------------XSDB Script----------------
connect -url tcp:127.0.0.1:3121
configparams mdm-detect-bscan-mask 2
targets -set -nocase -filter {name =~ "microblaze*#0" && bscan=="USER2"  && jtag_cable_name =~ "Digilent Basys3 210183B82211A"} -index 0
rst -processor
targets -set -nocase -filter {name =~ "microblaze*#0" && bscan=="USER2"  && jtag_cable_name =~ "Digilent Basys3 210183B82211A"} -index 0
dow C:/Users/Nathan/Desktop/cs152b/cs152b/final_project/final_project.sdk/benchmark/Debug/benchmark.elf
----------------End of Script----------------

14:20:06 INFO  : Memory regions updated for context MicroBlaze #0
14:20:06 INFO  : Memory regions updated for context MicroBlaze #0
14:20:06 INFO  : Context for processor 'microblaze_0' is selected.
14:20:06 INFO  : 'con' command is executed.
14:20:06 INFO  : ----------------XSDB Script (After Launch)----------------
targets -set -nocase -filter {name =~ "microblaze*#0" && bscan=="USER2"  && jtag_cable_name =~ "Digilent Basys3 210183B82211A"} -index 0
con
----------------End of Script----------------

14:20:06 INFO  : Launch script is exported to file 'C:\Users\Nathan\Desktop\cs152b\cs152b\final_project\final_project.sdk\.sdk\launch_scripts\xilinx_c-c++_application_(system_debugger)\system_debugger_using_debug_benchmark.elf_on_local.tcl'
14:22:47 INFO  : Disconnected from the channel tcfchan#13.
14:22:48 INFO  : 'targets -set -filter {jtag_cable_name =~ "Digilent Basys3 210183B82211A" && level==0} -index 0' command is executed.
14:22:48 INFO  : 'fpga -state' command is executed.
14:22:48 INFO  : Connected to target on host '127.0.0.1' and port '3121'.
14:22:48 INFO  : Jtag cable 'Digilent Basys3 210183B82211A' is selected.
14:22:48 INFO  : 'jtag frequency' command is executed.
14:22:48 INFO  : 'configparams mdm-detect-bscan-mask 2' command is executed.
14:22:48 INFO  : Context for processor 'microblaze_0' is selected.
14:22:48 INFO  : Processor reset is completed for 'microblaze_0'.
14:22:48 INFO  : Context for processor 'microblaze_0' is selected.
14:22:48 INFO  : The application 'C:/Users/Nathan/Desktop/cs152b/cs152b/final_project/final_project.sdk/benchmark/Debug/benchmark.elf' is downloaded to processor 'microblaze_0'.
14:22:48 INFO  : ----------------XSDB Script----------------
connect -url tcp:127.0.0.1:3121
configparams mdm-detect-bscan-mask 2
targets -set -nocase -filter {name =~ "microblaze*#0" && bscan=="USER2"  && jtag_cable_name =~ "Digilent Basys3 210183B82211A"} -index 0
rst -processor
targets -set -nocase -filter {name =~ "microblaze*#0" && bscan=="USER2"  && jtag_cable_name =~ "Digilent Basys3 210183B82211A"} -index 0
dow C:/Users/Nathan/Desktop/cs152b/cs152b/final_project/final_project.sdk/benchmark/Debug/benchmark.elf
----------------End of Script----------------

14:22:48 INFO  : Memory regions updated for context MicroBlaze #0
14:22:48 INFO  : Memory regions updated for context MicroBlaze #0
14:22:48 INFO  : Context for processor 'microblaze_0' is selected.
14:22:48 INFO  : 'con' command is executed.
14:22:48 INFO  : ----------------XSDB Script (After Launch)----------------
targets -set -nocase -filter {name =~ "microblaze*#0" && bscan=="USER2"  && jtag_cable_name =~ "Digilent Basys3 210183B82211A"} -index 0
con
----------------End of Script----------------

14:22:48 INFO  : Launch script is exported to file 'C:\Users\Nathan\Desktop\cs152b\cs152b\final_project\final_project.sdk\.sdk\launch_scripts\xilinx_c-c++_application_(system_debugger)\system_debugger_using_debug_benchmark.elf_on_local.tcl'
14:27:30 INFO  : Disconnected from the channel tcfchan#14.
14:27:31 INFO  : 'targets -set -filter {jtag_cable_name =~ "Digilent Basys3 210183B82211A" && level==0} -index 0' command is executed.
14:27:31 INFO  : 'fpga -state' command is executed.
14:27:31 INFO  : Connected to target on host '127.0.0.1' and port '3121'.
14:27:31 INFO  : Jtag cable 'Digilent Basys3 210183B82211A' is selected.
14:27:31 INFO  : 'jtag frequency' command is executed.
14:27:31 INFO  : 'configparams mdm-detect-bscan-mask 2' command is executed.
14:27:31 INFO  : Context for processor 'microblaze_0' is selected.
14:27:32 INFO  : Processor reset is completed for 'microblaze_0'.
14:27:32 INFO  : Context for processor 'microblaze_0' is selected.
14:27:32 INFO  : The application 'C:/Users/Nathan/Desktop/cs152b/cs152b/final_project/final_project.sdk/benchmark/Debug/benchmark.elf' is downloaded to processor 'microblaze_0'.
14:27:32 INFO  : ----------------XSDB Script----------------
connect -url tcp:127.0.0.1:3121
configparams mdm-detect-bscan-mask 2
targets -set -nocase -filter {name =~ "microblaze*#0" && bscan=="USER2"  && jtag_cable_name =~ "Digilent Basys3 210183B82211A"} -index 0
rst -processor
targets -set -nocase -filter {name =~ "microblaze*#0" && bscan=="USER2"  && jtag_cable_name =~ "Digilent Basys3 210183B82211A"} -index 0
dow C:/Users/Nathan/Desktop/cs152b/cs152b/final_project/final_project.sdk/benchmark/Debug/benchmark.elf
----------------End of Script----------------

14:27:32 INFO  : Memory regions updated for context MicroBlaze #0
14:27:32 INFO  : Memory regions updated for context MicroBlaze #0
14:27:32 INFO  : Context for processor 'microblaze_0' is selected.
14:27:32 INFO  : 'con' command is executed.
14:27:32 INFO  : ----------------XSDB Script (After Launch)----------------
targets -set -nocase -filter {name =~ "microblaze*#0" && bscan=="USER2"  && jtag_cable_name =~ "Digilent Basys3 210183B82211A"} -index 0
con
----------------End of Script----------------

14:27:32 INFO  : Launch script is exported to file 'C:\Users\Nathan\Desktop\cs152b\cs152b\final_project\final_project.sdk\.sdk\launch_scripts\xilinx_c-c++_application_(system_debugger)\system_debugger_using_debug_benchmark.elf_on_local.tcl'
14:28:12 INFO  : Disconnected from the channel tcfchan#15.
14:31:17 INFO  : Registering command handlers for SDK TCF services
14:31:17 INFO  : Launching XSCT server: xsct.bat -interactive C:\Users\Nathan\Desktop\cs152b\cs152b\final_project\final_project.sdk\temp_xsdb_launch_script.tcl
14:31:19 INFO  : XSCT server has started successfully.
14:31:19 INFO  : Successfully done setting XSCT server connection channel  
14:31:19 INFO  : Successfully done setting SDK workspace  
14:31:19 INFO  : Processing command line option -hwspec C:/Users/Nathan/Desktop/cs152b/cs152b/final_project/final_project.sdk/main_wrapper.hdf.
14:31:19 INFO  : Checking for hwspec changes in the project main_wrapper_hw_platform_0.
14:31:57 INFO  : 'targets -set -filter {jtag_cable_name =~ "Digilent Basys3 210183B82211A" && level==0} -index 0' command is executed.
14:31:57 INFO  : 'fpga -state' command is executed.
14:31:57 INFO  : Connected to target on host '127.0.0.1' and port '3121'.
14:31:58 INFO  : Jtag cable 'Digilent Basys3 210183B82211A' is selected.
14:31:58 INFO  : 'jtag frequency' command is executed.
14:31:58 INFO  : 'configparams mdm-detect-bscan-mask 2' command is executed.
14:31:58 INFO  : Context for processor 'microblaze_0' is selected.
14:31:58 INFO  : Processor reset is completed for 'microblaze_0'.
14:31:58 INFO  : Context for processor 'microblaze_0' is selected.
14:31:58 INFO  : The application 'C:/Users/Nathan/Desktop/cs152b/cs152b/final_project/final_project.sdk/final_project/Debug/final_project.elf' is downloaded to processor 'microblaze_0'.
14:31:58 INFO  : ----------------XSDB Script----------------
connect -url tcp:127.0.0.1:3121
configparams mdm-detect-bscan-mask 2
targets -set -nocase -filter {name =~ "microblaze*#0" && bscan=="USER2"  && jtag_cable_name =~ "Digilent Basys3 210183B82211A"} -index 0
rst -processor
targets -set -nocase -filter {name =~ "microblaze*#0" && bscan=="USER2"  && jtag_cable_name =~ "Digilent Basys3 210183B82211A"} -index 0
dow C:/Users/Nathan/Desktop/cs152b/cs152b/final_project/final_project.sdk/final_project/Debug/final_project.elf
----------------End of Script----------------

14:31:58 INFO  : Memory regions updated for context MicroBlaze #0
14:31:58 INFO  : Memory regions updated for context MicroBlaze #0
14:31:58 INFO  : Context for processor 'microblaze_0' is selected.
14:31:58 INFO  : 'con' command is executed.
14:31:58 INFO  : ----------------XSDB Script (After Launch)----------------
targets -set -nocase -filter {name =~ "microblaze*#0" && bscan=="USER2"  && jtag_cable_name =~ "Digilent Basys3 210183B82211A"} -index 0
con
----------------End of Script----------------

14:31:58 INFO  : Launch script is exported to file 'C:\Users\Nathan\Desktop\cs152b\cs152b\final_project\final_project.sdk\.sdk\launch_scripts\xilinx_c-c++_application_(system_debugger)\system_debugger_using_debug_final_project.elf_on_local_(1).tcl'
14:32:23 INFO  : Disconnected from the channel tcfchan#1.
10:07:59 INFO  : Registering command handlers for SDK TCF services
10:07:59 INFO  : Launching XSCT server: xsct.bat -interactive C:\Users\Nathan\Desktop\cs152b\cs152b\final_project\final_project.sdk\temp_xsdb_launch_script.tcl
10:08:03 INFO  : XSCT server has started successfully.
10:08:07 INFO  : Successfully done setting XSCT server connection channel  
10:08:07 INFO  : Successfully done setting SDK workspace  
10:08:07 INFO  : Processing command line option -hwspec C:/Users/Nathan/Desktop/cs152b/cs152b/final_project/final_project.sdk/main_wrapper.hdf.
10:08:07 INFO  : Checking for hwspec changes in the project main_wrapper_hw_platform_0.
10:09:32 INFO  : 'targets -set -filter {jtag_cable_name =~ "Digilent Basys3 210183B82211A" && level==0} -index 0' command is executed.
10:09:32 INFO  : 'fpga -state' command is executed.
10:10:10 INFO  : Memory regions updated for context MicroBlaze #0
10:10:10 INFO  : Memory regions updated for context MicroBlaze #0
10:10:13 INFO  : 'targets -set -filter {jtag_cable_name =~ "Digilent Basys3 210183B82211A" && level==0} -index 0' command is executed.
10:10:13 INFO  : 'fpga -state' command is executed.
10:10:13 INFO  : Connected to target on host '127.0.0.1' and port '3121'.
10:10:13 INFO  : Jtag cable 'Digilent Basys3 210183B82211A' is selected.
10:10:13 INFO  : 'jtag frequency' command is executed.
10:10:13 INFO  : 'configparams mdm-detect-bscan-mask 2' command is executed.
10:10:13 INFO  : Context for processor 'microblaze_0' is selected.
10:10:13 INFO  : Processor reset is completed for 'microblaze_0'.
10:10:13 INFO  : Context for processor 'microblaze_0' is selected.
10:10:14 INFO  : The application 'C:/Users/Nathan/Desktop/cs152b/cs152b/final_project/final_project.sdk/final_project/Debug/final_project.elf' is downloaded to processor 'microblaze_0'.
10:10:14 INFO  : ----------------XSDB Script----------------
connect -url tcp:127.0.0.1:3121
configparams mdm-detect-bscan-mask 2
targets -set -nocase -filter {name =~ "microblaze*#0" && bscan=="USER2"  && jtag_cable_name =~ "Digilent Basys3 210183B82211A"} -index 0
rst -processor
targets -set -nocase -filter {name =~ "microblaze*#0" && bscan=="USER2"  && jtag_cable_name =~ "Digilent Basys3 210183B82211A"} -index 0
dow C:/Users/Nathan/Desktop/cs152b/cs152b/final_project/final_project.sdk/final_project/Debug/final_project.elf
----------------End of Script----------------

10:10:14 INFO  : Memory regions updated for context MicroBlaze #0
10:10:14 INFO  : Memory regions updated for context MicroBlaze #0
10:10:14 INFO  : Context for processor 'microblaze_0' is selected.
10:10:14 INFO  : 'con' command is executed.
10:10:14 INFO  : ----------------XSDB Script (After Launch)----------------
targets -set -nocase -filter {name =~ "microblaze*#0" && bscan=="USER2"  && jtag_cable_name =~ "Digilent Basys3 210183B82211A"} -index 0
con
----------------End of Script----------------

10:10:14 INFO  : Launch script is exported to file 'C:\Users\Nathan\Desktop\cs152b\cs152b\final_project\final_project.sdk\.sdk\launch_scripts\xilinx_c-c++_application_(system_debugger)\system_debugger_using_debug_final_project.elf_on_local_(1).tcl'
11:49:42 INFO  : Disconnected from the channel tcfchan#1.
13:22:34 INFO  : Registering command handlers for SDK TCF services
13:22:35 INFO  : Launching XSCT server: xsct.bat -interactive C:\Users\Nathan\Desktop\cs152b\cs152b\final_project\final_project.sdk\temp_xsdb_launch_script.tcl
13:22:39 INFO  : XSCT server has started successfully.
13:22:39 INFO  : Successfully done setting XSCT server connection channel  
13:22:43 INFO  : Successfully done setting SDK workspace  
13:22:43 INFO  : Processing command line option -hwspec C:/Users/Nathan/Desktop/cs152b/cs152b/final_project/final_project.sdk/main_wrapper.hdf.
13:22:43 INFO  : Checking for hwspec changes in the project main_wrapper_hw_platform_0.
